qid	category	question	gold	cascade_answer	cascade_f1	cascade_f1_spaced	summary-reflection_answer	summary-reflection_f1	summary-reflection_f1_spaced	reader-reflection_answer	reader-reflection_f1	reader-reflection_f1_spaced	both_answer	both_f1	both_f1_spaced
locomo:conv-26:qa0	temporal	When did Caroline go to the LGBTQ support group?	7 May 2023	7 May 2023	1.0	1.0	7 May 2023	1.0	1.0	7 May 2023	1.0	1.0	the day before 8 May 2023	0.5	0.5
locomo:conv-26:qa1	temporal	When did Melanie paint a sunrise?	2022	the year before 8 May 2023; 2022	0.2857142857142857	0.2857142857142857	the year before 8 May 2023	0.0	0.0	the year before 8 May 2023	0.0	0.0	the year before 8 May 2023	0.0	0.0
locomo:conv-26:qa10	temporal	How long has Caroline had her current group of friends for?	4 years	4 years	1.0	1.0	4 years	1.0	1.0	4 years	1.0	1.0	4 years	1.0	1.0
locomo:conv-26:qa100	single-hop	What kind of place does Caroline want to create for people?	a safe and inviting place for people to grow	safe, inviting	0.4444444444444445	0.4444444444444445	safe, inviting place	0.6	0.6	safe, inviting place	0.6	0.6	safe, inviting place	0.6	0.6
locomo:conv-26:qa101	single-hop	Did Melanie make the black and white bowl in the photo?	Yes	yes	1.0	1.0	yes	1.0	1.0	yes	1.0	1.0	yes	1.0	1.0
locomo:conv-26:qa102	single-hop	What kind of books does Caroline have in her library?	kids' books - classics, stories from different cultures, educational books	educational books, classics, stories from different cultures, kids' books	1.0	1.0	educational books,kids' books,classics,stories from different cultures	0.5333333333333333	1.0	educational books,classics,stories from different cultures,kids' books	0.5333333333333333	1.0	educational books,kids' books,classics,stories from different cultures	0.5333333333333333	1.0
locomo:conv-26:qa103	single-hop	What was Melanie's favorite book from her childhood?	"""Charlotte's Web"""	Charlotte's Web	1.0	1.0	Charlotte's Web	1.0	1.0	Charlotte's Web	1.0	1.0	Charlotte's Web	1.0	1.0
locomo:conv-26:qa104	single-hop	What book did Caroline recommend to Melanie?	"""Becoming Nicole"""	Becoming Nicole	1.0	1.0	insufficient information	0.0	0.0	Becoming Nicole	1.0	1.0	insufficient information	0.0	0.0
locomo:conv-26:qa105	single-hop	"What did Caroline take away from the book ""Becoming Nicole""?"	Lessons on self-acceptance and finding support	hope, self-acceptance, that tough times don't last, love, how to find support, inspiration	0.33333333333333337	0.33333333333333337	hope, love, self-acceptance, that tough times don't last, how to find support	0.35294117647058826	0.35294117647058826	hope, self-acceptance, learning that tough times don't last, inspiration, support	0.26666666666666666	0.26666666666666666	hope, self-acceptance, that tough times don't last, how to find support	0.37499999999999994	0.37499999999999994
locomo:conv-26:qa106	single-hop	What are the new shoes that Melanie got used for?	Running	running	1.0	1.0	running	1.0	1.0	running	1.0	1.0	running	1.0	1.0
locomo:conv-26:qa107	single-hop	What is Melanie's reason for getting into running?	To de-stress and clear her mind	mental health	0.0	0.0	for her mental health	0.22222222222222224	0.22222222222222224	mental health	0.0	0.0	mental health	0.0	0.0
locomo:conv-26:qa108	single-hop	What does Melanie say running has been great for?	Her mental health	mental health, destressing, clearing her mind	0.6666666666666666	0.6666666666666666	mental health, destressing, clearing her mind	0.6666666666666666	0.6666666666666666	mental health, destressing, clearing her mind	0.6666666666666666	0.6666666666666666	mental health, destressing, clearing her mind	0.6666666666666666	0.6666666666666666
locomo:conv-26:qa109	single-hop	What did Mel and her kids make during the pottery workshop?	pots	a cup with a dog face	0.0	0.0	a cup with a dog face	0.0	0.0	pots,cup with a dog face	0.0	0.33333333333333337	a cup with a dog face	0.0	0.0
locomo:conv-26:qa11	multi-hop	Where did Caroline move from 4 years ago?	Sweden	her home country	0.0	0.0	her home country	0.0	0.0	her home country	0.0	0.0	her home country	0.0	0.0
locomo:conv-26:qa110	single-hop	What kind of pot did Mel and her kids make with clay?	a cup with a dog face on it	a cup with a dog face	0.8	0.8	a cup with a dog face	0.8	0.8	a cup with a dog face	0.8	0.8	a cup with a dog face	0.8	0.8
locomo:conv-26:qa111	single-hop	What creative project do Mel and her kids do together besides pottery?	painting	painting	1.0	1.0	painting	1.0	1.0	painting	1.0	1.0	painting	1.0	1.0
locomo:conv-26:qa112	single-hop	What did Mel and her kids paint in their latest project in July 2023?	a sunset with a palm tree	a painting of a sunset with a palm tree	0.8	0.8	a sunset with a palm tree	1.0	1.0	a sunset with a palm tree	1.0	1.0	a sunset with a palm tree	1.0	1.0
locomo:conv-26:qa113	single-hop	What did Caroline see at the council meeting for adoption?	many people wanting to create loving homes for children in need	love and acceptance	0.15384615384615385	0.15384615384615385	positive reactions	0.0	0.0	love and acceptance	0.15384615384615385	0.15384615384615385	positive reactions	0.0	0.0
locomo:conv-26:qa114	single-hop	What do sunflowers represent according to Caroline?	warmth and happiness	warmth and happiness	1.0	1.0	warmth and happiness	1.0	1.0	warmth and happiness	1.0	1.0	warmth and happiness	1.0	1.0
locomo:conv-26:qa115	single-hop	Why are flowers important to Melanie?	They remind her to appreciate the small moments and were a part of her wedding decor	bring joy, represent growth, beauty, and appreciation of small moments	0.3636363636363637	0.3636363636363637	bring joy, represent growth, beauty, and appreciation of small moments	0.3636363636363637	0.3636363636363637	bring joy, represent growth, beauty, and appreciation of small moments	0.3636363636363637	0.3636363636363637	bring joy, represent growth, beauty, and appreciation of small moments	0.3636363636363637	0.3636363636363637
locomo:conv-26:qa116	single-hop	What inspired Caroline's painting for the art show?	visiting an LGBTQ center and wanting to capture unity and strength	seeing her work make a difference for the LGBTQ+ community	0.125	0.125	love and acceptance, LGBTQ center visit, sunset, self-expression, identity exploration	0.35294117647058826	0.35294117647058826	love, acceptance, unity, strength, inclusivity, diversity, LGBTQ+ community, transition, changing body, identity, feelings, gender identity, journey as a trans woman, smashing rigid thinking	0.19999999999999998	0.19999999999999998	love, acceptance, inclusivity, diversity, LGBTQ+ community, self-expression, self-acceptance	0.125	0.125
locomo:conv-26:qa117	single-hop	How often does Melanie go to the beach with her kids?	once or twice a year	once or twice a year	1.0	1.0	once or twice a year	1.0	1.0	once or twice a year	1.0	1.0	once or twice a year	1.0	1.0
locomo:conv-26:qa118	single-hop	What did Melanie and her family see during their camping trip last year?	Perseid meteor shower	Perseid meteor shower	1.0	1.0	Perseid meteor shower	1.0	1.0	Perseid meteor shower	1.0	1.0	Perseid meteor shower	1.0	1.0
locomo:conv-26:qa119	single-hop	How did Melanie feel while watching the meteor shower?	in awe of the universe	in awe of the universe	1.0	1.0	tiny and in awe of the universe	0.888888888888889	0.888888888888889	in awe of the universe	1.0	1.0	in awe of the universe	1.0	1.0
locomo:conv-26:qa12	temporal	How long ago was Caroline's 18th birthday?	10 years ago	ten years	0.4	0.4	ten years before 27 June 2023	0.2222222222222222	0.2222222222222222	10 years before 27 June 2023	0.4444444444444444	0.4444444444444444	ten years before 27 June 2023	0.2222222222222222	0.2222222222222222
locomo:conv-26:qa120	single-hop	Whose birthday did Melanie celebrate recently?	Melanie's daughter	daughter	0.6666666666666666	0.6666666666666666	daughter	0.6666666666666666	0.6666666666666666	daughter	0.6666666666666666	0.6666666666666666	daughter	0.6666666666666666	0.6666666666666666
locomo:conv-26:qa121	single-hop	Who performed at the concert at Melanie's daughter's birthday?	Matt Patterson	insufficient information	0.0	0.0	insufficient information	0.0	0.0	insufficient information	0.0	0.0	insufficient information	0.0	0.0
locomo:conv-26:qa122	single-hop	Why did Melanie choose to use colors and patterns in her pottery project?	She wanted to catch the eye and make people smile.	to catch the eye and make people smile	0.8571428571428571	0.8571428571428571	to catch the eye and make people smile	0.8571428571428571	0.8571428571428571	to catch the eye and make people smile	0.8571428571428571	0.8571428571428571	to catch the eye and make people smile	0.8571428571428571	0.8571428571428571
locomo:conv-26:qa123	single-hop	What pet does Caroline have?	guinea pig	guinea pig named Oscar	0.6666666666666666	0.6666666666666666	guinea pig named Oscar	0.6666666666666666	0.6666666666666666	guinea pig	1.0	1.0	guinea pig named Oscar	0.6666666666666666	0.6666666666666666
locomo:conv-26:qa124	single-hop	What pets does Melanie have?	Two cats and a dog	Luna, Oliver, Bailey	0.0	0.0	Luna, Oliver, Bailey	0.0	0.0	Luna, Oliver, Bailey	0.0	0.0	Luna, Oliver, Bailey	0.0	0.0
locomo:conv-26:qa125	single-hop	Where did Oliver hide his bone once?	In Melanie's slipper	in Melanie's slipper	1.0	1.0	in Melanie's slipper	1.0	1.0	in Melanie's slipper	1.0	1.0	in Melanie's slipper	1.0	1.0
locomo:conv-26:qa126	single-hop	What activity did Caroline used to do with her dad?	Horseback riding	go horseback riding	0.8	0.8	go horseback riding	0.8	0.8	go horseback riding	0.8	0.8	horseback riding	1.0	1.0
locomo:conv-26:qa127	single-hop	What did Caroline make for a local church?	a stained glass window	a stained glass window with a door and a coat rack, a large stained glass window, a stained glass window with a picture of a person on a horse, a stained glass window with a person holding a key	0.19999999999999998	0.19999999999999998	stained glass window	1.0	1.0	stained glass window with a door and a coat rack,stained glass window with a clock,stained glass window with a person holding a key,stained glass window with a picture of a person on a horse	0.21428571428571425	0.19354838709677416	stained glass windows, a door with a stained glass window	0.5454545454545454	0.5454545454545454
locomo:conv-26:qa128	single-hop	What did Caroline find in her neighborhood during her walk?	a rainbow sidewalk	a rainbow sidewalk	1.0	1.0	someone drawing on the ground	0.0	0.0	a rainbow sidewalk	1.0	1.0	someone drawing on the ground	0.0	0.0
locomo:conv-26:qa129	single-hop	Which song motivates Caroline to be courageous?	Brave by Sara Bareilles	Brave by Sara Bareilles	1.0	1.0	Brave	0.4	0.4	Brave	0.4	0.4	Brave	0.4	0.4
locomo:conv-26:qa13	multi-hop	What career path has Caroline decided to persue?	counseling or mental health for Transgender people	counseling and mental health	0.6	0.6	counseling	0.25	0.25	counseling	0.25	0.25	counseling	0.25	0.25
locomo:conv-26:qa130	single-hop	Which  classical musicians does Melanie enjoy listening to?	Bach and Mozart	Mozart,Bach	0.0	1.0	Bach, Mozart	1.0	1.0	Mozart,Bach	0.0	1.0	Bach,Mozart	0.0	1.0
locomo:conv-26:qa131	single-hop	Who is Melanie a fan of in terms of modern music?	Ed Sheeran	insufficient information	0.0	0.0	Ed Sheeran	1.0	1.0	insufficient information	0.0	0.0	Ed Sheeran	1.0	1.0
locomo:conv-26:qa132	single-hop	How long has Melanie been creating art?	7 years	seven years	0.5	0.5	seven years	0.5	0.5	7	0.6666666666666666	0.6666666666666666	7	0.6666666666666666	0.6666666666666666
locomo:conv-26:qa133	single-hop	What precautionary sign did Melanie see at the café?	A sign stating that someone is not being able to leave	insufficient information	0.0	0.0	insufficient information	0.0	0.0	insufficient information	0.0	0.0	insufficient information	0.0	0.0
locomo:conv-26:qa134	single-hop	What advice does Caroline give for getting started with adoption?	Do research, find an adoption agency or lawyer, gather necessary documents, and prepare emotionally.	do research and find an adoption agency or lawyer, start the adoption process	0.6363636363636365	0.6363636363636365	do research and find an adoption agency or lawyer	0.7368421052631579	0.7368421052631579	do research, find an adoption agency or lawyer, start the adoption process	0.6363636363636365	0.6363636363636365	do research, find an adoption agency or lawyer	0.7368421052631579	0.7368421052631579
locomo:conv-26:qa135	single-hop	What setback did Melanie face in October 2023?	She got hurt and had to take a break from pottery.	accident	0.0	0.0	got hurt and had to take a break from pottery	0.9411764705882353	0.9411764705882353	got into an accident	0.16666666666666666	0.16666666666666666	got hurt and had to take a break from pottery	0.9411764705882353	0.9411764705882353
locomo:conv-26:qa136	single-hop	What does Melanie do to keep herself busy during her pottery break?	Read a book and paint.	reading a book and painting	1.0	1.0	painting	0.5	0.5	reading,a book,painting	0.0	1.0	painting, reading	0.8	0.8
locomo:conv-26:qa137	single-hop	What painting did Melanie show to Caroline on October 13, 2023?	A painting inspired by sunsets with a pink sky.	insufficient information	0.0	0.0	abstract painting	0.22222222222222224	0.22222222222222224	abstract painting	0.22222222222222224	0.22222222222222224	abstract painting	0.22222222222222224	0.22222222222222224
locomo:conv-26:qa138	single-hop	What kind of painting did Caroline share with Melanie on October 13, 2023?	An abstract painting with blue streaks on a wall.	abstract painting	0.4444444444444445	0.4444444444444445	a painting with a red and blue background	0.5	0.5	abstract painting	0.4444444444444445	0.4444444444444445	a painting with a red and blue background	0.5	0.5
locomo:conv-26:qa139	single-hop	What was the poetry reading that Caroline attended about?	It was a transgender poetry reading where transgender people shared their stories.	transgender people shared their stories through poetry	0.6666666666666665	0.6666666666666665	transgender people shared their stories through poetry	0.6666666666666665	0.6666666666666665	transgender people shared their stories through poetry	0.6666666666666665	0.6666666666666665	transgender people shared their stories through poetry	0.6666666666666665	0.6666666666666665
locomo:conv-26:qa14	open-domain	Would Caroline still want to pursue counseling as a career if she hadn't received support growing up?	Likely no	insufficient information	0.0	0.0	likely no	1.0	1.0	likely no	1.0	1.0	likely no	1.0	1.0
locomo:conv-26:qa140	single-hop	What did the posters at the poetry reading say?	"""Trans Lives Matter"""	pride and strength	0.0	0.0	trans lives matter	1.0	1.0	pride and strength	0.0	0.0	trans lives matter, pride and strength	0.7499999999999999	0.7499999999999999
locomo:conv-26:qa141	single-hop	What does Caroline's drawing symbolize for her?	Freedom and being true to herself.	her journey as a trans woman	0.0	0.0	growth and change, togetherness and celebration of differences, freedom and pride	0.15384615384615385	0.15384615384615385	her journey as a trans woman	0.0	0.0	growth and change	0.0	0.0
locomo:conv-26:qa142	single-hop	How do Melanie and Caroline describe their journey through life together?	An ongoing adventure of learning and growing.	supportive, encouraging, inspiring, motivating	0.0	0.0	supportive, encouraging, inspiring	0.0	0.0	supportive and inspiring	0.0	0.0	supportive, encouraging, inspiring	0.0	0.0
locomo:conv-26:qa143	single-hop	What happened to Melanie's son on their road trip?	He got into an accident	got into an accident	0.8571428571428571	0.8571428571428571	got into an accident	0.8571428571428571	0.8571428571428571	got into an accident	0.8571428571428571	0.8571428571428571	got into an accident	0.8571428571428571	0.8571428571428571
locomo:conv-26:qa144	single-hop	How did Melanie's son handle the accident?	He was scared but reassured by his family	handled the accident	0.0	0.0	was scared but handled the accident	0.4615384615384615	0.4615384615384615	scared but handled the accident	0.3333333333333333	0.3333333333333333	scared but handled the accident	0.3333333333333333	0.3333333333333333
locomo:conv-26:qa145	single-hop	How did Melanie feel about her family after the accident?	They are important and mean the world to her	thankful, needed her family, described family as super important	0.25	0.25	thankful, needed her family	0.18181818181818182	0.18181818181818182	thankful	0.0	0.0	thankful and needing her family	0.18181818181818182	0.18181818181818182
locomo:conv-26:qa146	single-hop	How did Melanie's children handle the accident?	They were scared but resilient	handled the accident	0.0	0.0	scared but tough	0.5	0.5	handled it well	0.0	0.0	scared but tough	0.5	0.5
locomo:conv-26:qa147	single-hop	How did Melanie feel after the accident?	Grateful and thankful for her family	scared, needed her family, thankful for her family	0.6153846153846154	0.6153846153846154	scared	0.0	0.0	scared	0.0	0.0	scared	0.0	0.0
locomo:conv-26:qa148	single-hop	What was Melanie's reaction to her children enjoying the Grand Canyon?	She was happy and thankful	shared a photo of two children standing on a rocky cliff overlooking a canyon	0.0	0.0	Melanie's family enjoyed the Grand Canyon	0.0	0.0	shared a photo of two children standing on a rocky cliff overlooking a canyon	0.0	0.0	enjoyed	0.0	0.0
locomo:conv-26:qa149	single-hop	What do Melanie's family give her?	Strength and motivation	love	0.0	0.0	love, support, motivation	0.4	0.4	love	0.0	0.0	love,motivation,peace,strength	0.0	0.6666666666666666
locomo:conv-26:qa15	multi-hop	What activities does Melanie partake in?	pottery, camping, painting, swimming	running, reading, playing violin, hiking, exploring nature, camping, pottery, clarinet	0.5	0.5	running, reading, playing violin, hiking, camping, pottery, painting landscapes, still life, playing clarinet	0.6666666666666666	0.6666666666666666	running, reading, playing violin, games, hanging out with family, exploring nature, hiking, pottery, clarinet, painting, camping, volunteering	0.75	0.75	running, reading, playing violin, hiking, exploring nature, camping, pottery, painting landscapes, still life, clarinet	0.6666666666666666	0.6666666666666666
locomo:conv-26:qa150	single-hop	How did Melanie feel about her family supporting her?	She appreciated them a lot	glad	0.0	0.0	thankful	0.0	0.0	glad	0.0	0.0	grateful	0.0	0.0
locomo:conv-26:qa151	single-hop	What did Melanie do after the road trip to relax?	Went on a nature walk or hike	roasted marshmallows	0.0	0.0	camping	0.0	0.0	roasted marshmallows, went on a walk	0.5454545454545454	0.5454545454545454	camping	0.0	0.0
locomo:conv-26:qa16	temporal	When did Melanie sign up for a pottery class?	2 July 2023	2 July 2023	1.0	1.0	2 July 2023	1.0	1.0	the day before 3 July 2023	0.5	0.5	2 July 2023	1.0	1.0
locomo:conv-26:qa17	temporal	When is Caroline going to the transgender conference?	July 2023	this month	0.0	0.0	this month	0.0	0.0	the month of 3 July 2023; July 2023	0.4444444444444445	0.4444444444444445	this month	0.0	0.0
locomo:conv-26:qa18	multi-hop	Where has Melanie camped?	beach, mountains, forest	mountains, beach, forest	1.0	1.0	mountains, beach, forest	1.0	1.0	mountains, beach, forest	1.0	1.0	mountains, forest, beach	1.0	1.0
locomo:conv-26:qa19	multi-hop	What do Melanie's kids like?	dinosaurs, nature	nature, camping, making clay sculptures, painting, hiking, exploring forests, playing at the park, bonding over campfires, roasting marshmallows	0.5	0.5	nature, pottery, painting	0.5	0.5	nature, camping, painting, making clay sculptures, hiking, exploring forests, live music	0.5	0.5	nature, pottery, painting	0.5	0.5
locomo:conv-26:qa2	open-domain	What fields would Caroline be likely to pursue in her educaton?	Psychology, counseling certification	counseling, mental health	0.3333333333333333	0.3333333333333333	counseling, mental health, adoption	0.28571428571428575	0.28571428571428575	counseling,mental health	0.0	0.3333333333333333	counseling, mental health	0.3333333333333333	0.3333333333333333
locomo:conv-26:qa20	temporal	When did Melanie go to the museum?	5 July 2023	5 July 2023	1.0	1.0	5 July 2023	1.0	1.0	5 July 2023	1.0	1.0	5 July 2023	1.0	1.0
locomo:conv-26:qa21	temporal	When did Caroline have a picnic?	The week before 6 July 2023	the week before 6 July 2023	1.0	1.0	insufficient information	0.0	0.0	the week before 6 July 2023	1.0	1.0	insufficient information	0.0	0.0
locomo:conv-26:qa22	open-domain	Would Caroline likely have Dr. Seuss books on her bookshelf?	Yes, since she collects classic children's books	likely yes	0.22222222222222224	0.22222222222222224	yes	0.25	0.25	likely yes	0.22222222222222224	0.22222222222222224	likely yes	0.22222222222222224	0.22222222222222224
locomo:conv-26:qa23	multi-hop	What books has Melanie read?	"""Nothing is Impossible"", ""Charlotte's Web"""	Charlotte's Web, a book last year	0.5	0.5	Charlotte's Web, a book Caroline recommended	0.5	0.5	Charlotte's Web, a book with a gold coin on the cover	0.5	0.5	Charlotte's Web,a book Caroline recommended	0.5	0.5
locomo:conv-26:qa24	multi-hop	What does Melanie do to destress?	Running, pottery	running, pottery, painting, clarinet	1.0	1.0	running, pottery, painting, playing clarinet	1.0	1.0	running,pottery,painting,clarinet	1.0	1.0	running,pottery,painting,clarinet	1.0	1.0
locomo:conv-26:qa25	temporal	When did Caroline go to the LGBTQ conference?	10 July 2023	two days before 12 July 2023	0.4444444444444444	0.4444444444444444	two days before 12 July 2023; 10 July 2023	0.5	0.5	10 July 2023	1.0	1.0	two days before 12 July 2023	0.4444444444444444	0.4444444444444444
locomo:conv-26:qa26	temporal	"When did Melanie read the book ""nothing is impossible""?"	2022	insufficient information	0.0	0.0	insufficient information	0.0	0.0	insufficient information	0.0	0.0	insufficient information	0.0	0.0
locomo:conv-26:qa27	open-domain	Would Caroline pursue writing as a career option?	LIkely no; though she likes reading, she wants to be a counselor	insufficient information	0.0	0.0	insufficient information	0.0	0.0	likely no	1.0	1.0	no	0.6666666666666666	0.6666666666666666
locomo:conv-26:qa28	temporal	When did Caroline go to the adoption meeting?	The friday before 15 July 2023	14 July 2023	0.5	0.5	last Friday before 15 July 2023; 14 July 2023	0.7142857142857143	0.7142857142857143	14 July 2023	0.5	0.5	the Friday before 15 July 2023	1.0	1.0
locomo:conv-26:qa29	temporal	When did Melanie go to the pottery workshop?	The Friday before 15 July 2023	the Friday before 15 July 2023	1.0	1.0	14 July 2023	0.5	0.5	the Friday before 15 July 2023	1.0	1.0	the Friday before 15 July 2023	1.0	1.0
locomo:conv-26:qa3	multi-hop	What did Caroline research?	Adoption agencies	adoption agencies	1.0	1.0	adoption agencies, counseling and mental health career options	1.0	1.0	adoption agencies,counseling and mental health	1.0	1.0	adoption agencies,counseling and mental health career options	1.0	1.0
locomo:conv-26:qa30	open-domain	Would Melanie be considered a member of the LGBTQ community?	Likely no, she does not refer to herself as part of it	insufficient information	0.0	0.0	insufficient information	0.0	0.0	no	0.15384615384615385	0.15384615384615385	no	0.15384615384615385	0.15384615384615385
locomo:conv-26:qa31	temporal	When did Melanie go camping in June?	The week before 27 June 2023	19 June 2023 - 25 June 2023	0.3636363636363636	0.3636363636363636	19 June 2023 - 25 June 2023	0.3636363636363636	0.3636363636363636	the week before 27 June 2023	1.0	1.0	the week before 27 June 2023	1.0	1.0
locomo:conv-26:qa32	multi-hop	What LGBTQ+ events has Caroline participated in?	Pride parade, school speech, support group	LGBTQ support group, LGBTQ+ counseling workshop, LGBTQ+ pride parade, LGBTQ conference, LGBT pride event, LGBTQ art show, Pride fest, LGBTQ+ youth center	0.5333333333333333	0.5333333333333333	LGBTQ support group, LGBTQ+ counseling workshop, LGBTQ pride parade, LGBTQ conference, LGBTQ art show, transgender poetry reading, mentorship program for LGBTQ youth, Connected LGBTQ Activists group, Pride fest	0.5333333333333333	0.5333333333333333	LGBTQ support group,LGBTQ+ counseling workshop,LGBTQ+ pride parade,LGBTQ conference,LGBTQ youth center	0.5333333333333333	0.5333333333333333	LGBTQ support group,LGBTQ+ counseling workshop,LGBTQ pride parade,LGBTQ conference,LGBTQ art show,LGBTQ youth center,Pride fest,Transgender poetry reading	0.5333333333333333	0.5333333333333333
locomo:conv-26:qa33	temporal	When did Caroline go to a pride parade during the summer?	The week before 3 July 2023	11 August 2023	0.25	0.25	26 June 2023 - 2 July 2023, 11 August 2023	0.2857142857142857	0.2857142857142857	11 August 2023	0.25	0.25	the weekend before 20 July 2023	0.6	0.6
locomo:conv-26:qa34	multi-hop	What events has Caroline participated in to help children?	Mentoring program, school speech	LGBTQ support group,LGBTQ pride parade,LGBTQ youth center	0.0	0.0	attending an LGBTQ support group,researching adoption agencies,passing adoption agency interviews	0.0	0.0	LGBTQ+ pride parade,LGBTQ youth center	0.0	0.0	adoption agencies,interviews,LGBTQ+ pride parade,LGBTQ youth center	0.0	0.0
locomo:conv-26:qa35	temporal	When did Melanie go camping in July?	two weekends before 17 July 2023	8 July 2023 - 9 July 2023	0.3333333333333333	0.3333333333333333	15 July 2023 - 16 July 2023	0.3333333333333333	0.3333333333333333	8 July 2023 - 9 July 2023	0.3333333333333333	0.3333333333333333	15 July 2023 - 16 July 2023	0.3333333333333333	0.3333333333333333
locomo:conv-26:qa36	temporal	When did Caroline join a mentorship program?	The weekend before 17 July 2023	the weekend before 17 July 2023	1.0	1.0	the weekend before 17 July 2023	1.0	1.0	the weekend before 17 July 2023	1.0	1.0	the weekend before 17 July 2023	1.0	1.0
locomo:conv-26:qa37	multi-hop	What did Melanie paint recently?	sunset	a sunset inspired painting	0.5	0.5	a horse, a sunflower, a sunset over the ocean, flowers and a watercolor palette	0.5	0.5	sunset inspired painting, blue streaks painting, painting with the words 'happiness'	0.5	0.5	horse,sunset over the ocean,sunflower	0.5	0.5
locomo:conv-26:qa38	multi-hop	What activities has Melanie done with her family?	Pottery, painting, camping, museum, swimming, hiking	played games, ate good food, camping, explored nature, roasted marshmallows, went on a hike, pottery workshop, made wishes during meteor shower, went to the beach, told stories around the campfire	0.3611111111111111	0.3611111111111111	running, playing games, eating good food, camping, hiking, roasting marshmallows, exploring nature, volunteering at a homeless shelter, telling stories around the campfire	0.3333333333333333	0.3333333333333333	played games, camping, explored nature, roasted marshmallows, went on a hike, pottery workshop, made wishes during a meteor shower, went to the beach, told stories around the campfire	0.3611111111111111	0.3611111111111111	charity race, camping, hiking, roasting marshmallows, volunteering at a homeless shelter, exploring nature, telling stories around the campfire	0.3333333333333333	0.3333333333333333
locomo:conv-26:qa39	multi-hop	In what ways is Caroline participating in the LGBTQ community?	Joining activist group, going to pride parades, participating in an art show, mentoring program	attending support groups, giving talks, mentoring, attending pride parades, joining activist groups, organizing art shows, volunteering at youth centers	0.7023809523809524	0.7023809523809524	attending support groups, giving talks, mentoring, attending pride events, joining activist groups, volunteering, and using art to advocate	0.5505952380952381	0.5505952380952381	support group, adoption agency, school talk, pride parade, conference, mentorship program, activist group, art show	0.6583333333333333	0.6583333333333333	attending support groups, giving talks, mentoring, attending pride events, joining activist groups, volunteering, creating art	0.5714285714285714	0.5714285714285714
locomo:conv-26:qa4	multi-hop	What is Caroline's identity?	Transgender woman	trans woman	0.5	0.5	trans woman	0.5	0.5	trans woman	0.5	0.5	trans woman	0.5	0.5
locomo:conv-26:qa40	multi-hop	How many times has Melanie gone to the beach in 2023?	2	2	1.0	1.0	2	1.0	1.0	2	1.0	1.0	2	1.0	1.0
locomo:conv-26:qa41	temporal	When did Caroline join a new activist group?	The Tuesday before 20 July 2023	the Tuesday before 20 July 2023	1.0	1.0	18 July 2023	0.5	0.5	the Tuesday before 20 July 2023	1.0	1.0	the Tuesday before 20 July 2023	1.0	1.0
locomo:conv-26:qa42	open-domain	Would Melanie be more interested in going to a national park or a theme park?	National park; she likes the outdoors	national park	1.0	1.0	national park	1.0	1.0	national park	1.0	1.0	national park	1.0	1.0
locomo:conv-26:qa43	multi-hop	What kind of art does Caroline make?	abstract art	painting, drawing, stained glass, abstract painting	0.5	0.5	paintings, self-portraits, flower bouquets, stained glass windows, drawings	0.0	0.0	painting,drawing,stained glass window	0.0	0.0	paintings,self-portraits,flower bouquets,stained glass windows	0.0	0.0
locomo:conv-26:qa44	temporal	When is Melanie's daughter's birthday?	13 August	13 August 2023	0.8	0.8	13 August 2023	0.8	0.8	13 August 2023	0.8	0.8	13 August 2023	0.8	0.8
locomo:conv-26:qa45	temporal	When did Caroline attend a pride parade in August?	The Friday before 14 August 2023	the Friday before 14 August 2023; 11 August 2023	0.7692307692307693	0.7692307692307693	11 August 2023	0.5	0.5	the Friday before 14 August 2023	1.0	1.0	the Friday before 14 August 2023	1.0	1.0
locomo:conv-26:qa46	open-domain	Would Melanie be considered an ally to the transgender community?	Yes, she is supportive	likely yes	0.3333333333333333	0.3333333333333333	likely yes	0.3333333333333333	0.3333333333333333	yes	0.4	0.4	likely yes	0.3333333333333333	0.3333333333333333
locomo:conv-26:qa47	multi-hop	Who supports Caroline when she has a negative experience?	Her mentors, family, and friends	friends, family, mentors, Melanie	0.8888888888888888	0.8888888888888888	friends, family, mentors, Melanie	0.8888888888888888	0.8888888888888888	friends,family,mentors,Melanie	0.8888888888888888	0.8888888888888888	friends, family, mentors, Melanie	0.8888888888888888	0.8888888888888888
locomo:conv-26:qa48	multi-hop	What types of pottery have Melanie and her kids made?	bowls, cup	a bowl with a black and white flower design, a cup with a dog face	0.34285714285714286	0.34285714285714286	bowl,cup	1.0	1.0	bowl,cup	1.0	1.0	bowl,cup	1.0	1.0
locomo:conv-26:qa49	temporal	When did Caroline and Melanie go to a pride fesetival together?	2022	insufficient information	0.0	0.0	last month	0.0	0.0	insufficient information	0.0	0.0	June 2023	0.0	0.0
locomo:conv-26:qa5	temporal	When did Melanie run a charity race?	The sunday before 25 May 2023	20 May 2023	0.5	0.5	20 May 2023	0.5	0.5	the Saturday before 25 May 2023	0.8000000000000002	0.8000000000000002	the Saturday before 25 May 2023	0.8000000000000002	0.8000000000000002
locomo:conv-26:qa50	open-domain	What would Caroline's political leaning likely be?	Liberal	likely progressive	0.0	0.0	likely progressive	0.0	0.0	left	0.0	0.0	left	0.0	0.0
locomo:conv-26:qa51	multi-hop	What has Melanie painted?	Horse, sunset, sunrise	a lake sunrise, a sunset with a palm tree, a woman with a red shirt, a horse on a wooden wall, a sunflower, a sunset over the ocean, a sunset inspired painting, a blue streaks painting, the words 'happiness'	0.5222222222222223	0.5222222222222223	a lake sunrise, a painting, a woman with a red shirt, a horse, a sunflower, a sunset over the ocean, a group of bowls and a starfish, an abstract painting, a sunset inspired painting	0.7222222222222222	0.7222222222222222	a lake sunrise,a sunset with a palm tree,a woman with a red shirt,a horse on a wooden wall,a sunflower,a sunset over the ocean,a blue streaks painting,a painting with the words 'happiness'	0.5222222222222223	0.5222222222222223	a lake sunrise, a painting, a horse, a sunflower, a sunset over the ocean, a group of bowls and a starfish, an abstract painting, a sunset inspired painting	0.7222222222222222	0.7222222222222222
locomo:conv-26:qa52	multi-hop	What are Melanie's pets' names?	Oliver, Luna, Bailey	Luna, Oliver, Bailey	1.0	1.0	Luna, Oliver, Bailey	1.0	1.0	Luna, Oliver, Bailey	1.0	1.0	Luna, Oliver, Bailey	1.0	1.0
locomo:conv-26:qa53	temporal	When did Caroline apply to adoption agencies?	The week of 23 August 2023	the week of 23 August 2023; 21 August 2023 - 27 August 2023	0.625	0.625	the week of 23 August 2023	1.0	1.0	the week of 23 August 2023	1.0	1.0	the week of 23 August 2023	1.0	1.0
locomo:conv-26:qa54	temporal	When did Caroline draw a self-portrait?	The week before 23 August 2023	the week before 23 August 2023	1.0	1.0	the week before 23 August 2023	1.0	1.0	the week before 23 August 2023	1.0	1.0	the week before 23 August 2023	1.0	1.0
locomo:conv-26:qa55	multi-hop	What subject have Caroline and Melanie both painted?	Sunsets	animals	0.0	0.0	painting	0.0	0.0	animals,horses	0.0	0.0	sunset, animals, flowers	1.0	1.0
locomo:conv-26:qa56	multi-hop	What symbols are important to Caroline?	Rainbow flag, transgender symbol	necklace, hand-painted bowl, sunflowers, roses, eagle, rainbow sidewalk	0.25	0.25	necklace, hand-painted bowl, sunflowers, roses, eagle, stained glass window, rainbow sidewalk	0.25	0.25	necklace, eagle, sunflowers, roses, rainbow sidewalk	0.25	0.25	necklace, hand-painted bowl, sunflowers, roses, eagle, stained glass window, rainbow sidewalk	0.25	0.25
locomo:conv-26:qa57	temporal	When did Caroline encounter people on a hike and have a negative experience?	The week before 25 August 2023	a few days before 17 August 2023	0.5454545454545454	0.5454545454545454	a few days before 17 August 2023	0.5454545454545454	0.5454545454545454	a few days before 17 August 2023	0.5454545454545454	0.5454545454545454	a few days before 17 August 2023	0.5454545454545454	0.5454545454545454
locomo:conv-26:qa58	temporal	When did Melanie make a plate in pottery class?	24 August 2023	the day before 25 August 2023	0.5	0.5	the day before 25 August 2023	0.5	0.5	the day before 25 August 2023	0.5	0.5	the day before 25 August 2023	0.5	0.5
locomo:conv-26:qa59	open-domain	Would Caroline be considered religious?	Somewhat, but not extremely religious	insufficient information	0.0	0.0	no	0.0	0.0	no	0.0	0.0	no	0.0	0.0
locomo:conv-26:qa6	temporal	When is Melanie planning on going camping?	June 2023	insufficient information	0.0	0.0	insufficient information	0.0	0.0	insufficient information	0.0	0.0	the month after 25 May 2023	0.28571428571428575	0.28571428571428575
locomo:conv-26:qa60	multi-hop	What instruments does Melanie play?	clarinet and violin	clarinet, violin	0.6666666666666666	0.6666666666666666	clarinet, violin	0.6666666666666666	0.6666666666666666	clarinet	0.6666666666666666	0.6666666666666666	clarinet, violin	0.6666666666666666	0.6666666666666666
locomo:conv-26:qa61	multi-hop	What musical artists/bands has Melanie seen?	Summer Sounds, Matt Patterson	a band playing on a stage in a park, a band playing an awesome pop song	0.0	0.0	a band playing on a stage in a park, a band playing an awesome pop song	0.0	0.0	a band,Bach,Mozart	0.0	0.0	a band playing on a stage in a park, a band playing an awesome pop song that got everyone dancing and singing	0.0	0.0
locomo:conv-26:qa62	temporal	When did Melanie go to the park?	27 August 2023	27 August 2023	1.0	1.0	27 August 2023	1.0	1.0	the day before 28 August 2023	0.5	0.5	the day before 28 August 2023	0.5	0.5
locomo:conv-26:qa63	temporal	When is Caroline's youth center putting on a talent show?	September 2023	September 2023	1.0	1.0	September 2023	1.0	1.0	the month after 28 August 2023	0.28571428571428575	0.28571428571428575	September 2023	1.0	1.0
locomo:conv-26:qa64	open-domain	"Would Melanie likely enjoy the song ""The Four Seasons"" by Vivaldi?"	Yes; it's classical music	likely yes	0.6666666666666666	0.6666666666666666	likely yes	0.6666666666666666	0.6666666666666666	likely yes	0.6666666666666666	0.6666666666666666	likely yes	0.6666666666666666	0.6666666666666666
locomo:conv-26:qa65	multi-hop	What are some changes Caroline has faced during her transition journey?	Changes to her body, losing unsupportive friends	tough breakup, moving from home country, mental health struggles, changing relationships, loss of support from friends	0.29166666666666663	0.29166666666666663	tough breakup, mental health struggles, loss of some friends, changing body	0.47619047619047616	0.47619047619047616	tough breakup,moved from home country,mental health struggles,lost support from a few friends	0.125	0.125	tough breakup, mental health struggles, loss of some friends, changing body	0.47619047619047616	0.47619047619047616
locomo:conv-26:qa66	multi-hop	What does Melanie do with her family on hikes?	Roast marshmallows, tell stories	explore nature	0.0	0.0	explore nature	0.0	0.0	explore nature	0.0	0.0	explore nature	0.0	0.0
locomo:conv-26:qa67	temporal	When did Caroline go biking with friends?	The weekend before 13 September 2023	the weekend before 13 September 2023	1.0	1.0	9 September 2023 - 10 September 2023	0.3636363636363636	0.3636363636363636	the weekend before 13 September 2023	1.0	1.0	the weekend before 13 September 2023	1.0	1.0
locomo:conv-26:qa68	temporal	How long has Melanie been practicing art?	Since 2016	seven years	0.0	0.0	7 years	0.0	0.0	7	0.0	0.0	7	0.0	0.0
locomo:conv-26:qa69	open-domain	What personality traits might Melanie say Caroline has?	Thoughtful, authentic, driven	caring, kind, passionate, hardworking, courageous	0.0	0.0	caring, kind, inspiring, passionate, hardworking, dedicated, courageous, awesome mom, supportive	0.0	0.0	caring, kind, passionate, dedicated, courageous	0.0	0.0	caring,kind,inspiring,passionate,dedicated	0.0	0.0
locomo:conv-26:qa7	multi-hop	What is Caroline's relationship status?	Single	single	1.0	1.0	single	1.0	1.0	single	1.0	1.0	single	1.0	1.0
locomo:conv-26:qa70	multi-hop	What transgender-specific events has Caroline attended?	Poetry reading, conference	LGBTQ support group, transgender conference, transgender poetry reading	0.7333333333333334	0.7333333333333334	LGBTQ support group, transgender conference, transgender poetry reading	0.7333333333333334	0.7333333333333334	LGBTQ support group,LGBTQ counseling workshop,transgender conference,transgender poetry reading	0.7333333333333334	0.7333333333333334	LGBTQ support group, transgender conference, transgender poetry reading	0.7333333333333334	0.7333333333333334
locomo:conv-26:qa71	multi-hop	What book did Melanie read from Caroline's suggestion?	"""Becoming Nicole"""	Becoming Nicole	1.0	1.0	insufficient information	0.0	0.0	Becoming Nicole	1.0	1.0	insufficient information	0.0	0.0
locomo:conv-26:qa72	temporal	When did Melanie's friend adopt a child?	2022	the year before 13 October 2023	0.0	0.0	last year	0.0	0.0	the year before 13 October 2023	0.0	0.0	since 2016	0.0	0.0
locomo:conv-26:qa73	temporal	When did Melanie get hurt?	September 2023	September 2023	1.0	1.0	last month	0.0	0.0	September 2023	1.0	1.0	September 2023	1.0	1.0
locomo:conv-26:qa74	temporal	When did Melanie's family go on a roadtrip?	The weekend before 20 October 2023	14 October 2023 - 15 October 2023	0.3636363636363636	0.3636363636363636	14 October 2023 - 15 October 2023	0.3636363636363636	0.3636363636363636	14 October 2023 - 15 October 2023	0.3636363636363636	0.3636363636363636	this past weekend	0.25	0.25
locomo:conv-26:qa75	multi-hop	How many children does Melanie have?	3	2	0.0	0.0	3	1.0	1.0	3	1.0	1.0	3	1.0	1.0
locomo:conv-26:qa76	multi-hop	When did Melanie go on a hike after the roadtrip?	19 October 2023	19 October 2023	1.0	1.0	14 October 2023 - 15 October 2023	0.4444444444444444	0.4444444444444444	19 October 2023	1.0	1.0	14 October 2023 - 15 October 2023	0.4444444444444444	0.4444444444444444
locomo:conv-26:qa77	open-domain	Would Melanie go on another roadtrip soon?	Likely no; since this one went badly	likely no	1.0	1.0	likely no	1.0	1.0	likely no	1.0	1.0	likely no	1.0	1.0
locomo:conv-26:qa78	multi-hop	What items has Melanie bought?	Figurines, shoes	wooden dolls, wedding dress	0.0	0.0	new shoes, wooden dolls	0.3333333333333333	0.3333333333333333	wedding dress, wooden dolls, shoes	0.5	0.5	wooden dolls, new shoes	0.3333333333333333	0.3333333333333333
locomo:conv-26:qa79	temporal	When did Caroline pass the adoption interview?	The Friday before 22 October 2023	the Friday before 22 October 2023	1.0	1.0	20 October 2023	0.5	0.5	the Friday before 22 October 2023	1.0	1.0	the Friday before 22 October 2023	1.0	1.0
locomo:conv-26:qa8	temporal	When did Caroline give a speech at a school?	The week before 9 June 2023	the week before 9 June 2023; 29 May 2023 - 4 June 2023	0.625	0.625	the week before 9 June 2023	1.0	1.0	the week before 9 June 2023	1.0	1.0	the week before 9 June 2023	1.0	1.0
locomo:conv-26:qa80	temporal	When did Melanie buy the figurines?	21 October 2023	the day before 22 October 2023	0.5	0.5	the day before 22 October 2023	0.5	0.5	the day before 22 October 2023	0.5	0.5	the day before 22 October 2023	0.5	0.5
locomo:conv-26:qa81	open-domain	Would Caroline want to move back to her home country soon?	No; she's in the process of adopting children.	insufficient information	0.0	0.0	insufficient information	0.0	0.0	no	1.0	1.0	insufficient information	0.0	0.0
locomo:conv-26:qa82	single-hop	What did the charity race raise awareness for?	mental health	mental health	1.0	1.0	mental health	1.0	1.0	mental health	1.0	1.0	mental health	1.0	1.0
locomo:conv-26:qa83	single-hop	What did Melanie realize after the charity race?	self-care is important	self-care is important and it helps her look after her family	0.4615384615384615	0.4615384615384615	self-care is important and a journey	0.8571428571428571	0.8571428571428571	importance of self-care	0.6666666666666666	0.6666666666666666	self-care is important and a journey	0.8571428571428571	0.8571428571428571
locomo:conv-26:qa84	single-hop	How does Melanie prioritize self-care?	by carving out some me-time each day for activities like running, reading, or playing the violin	running, reading, playing violin, pottery, painting	0.3809523809523809	0.3809523809523809	running, reading, playing violin, pottery, painting, clarinet	0.36363636363636365	0.36363636363636365	running,reading,playing violin,pottery,painting,clarinet	0.0	0.36363636363636365	running,reading,playing violin,painting,playing clarinet,pottery	0.0	0.3478260869565218
locomo:conv-26:qa85	single-hop	What are Caroline's plans for the summer?	researching adoption agencies	catch up, explore nature, family outing, special outing with Melanie	0.0	0.0	catch up, explore nature, family outing, special outing for just her and Melanie	0.0	0.0	catch up, explore nature, family outing, special outing for just her and Melanie	0.0	0.0	catch up, explore nature, family outing, special outing for just her and Melanie	0.0	0.0
locomo:conv-26:qa86	single-hop	What type of individuals does the adoption agency Caroline is considering support?	LGBTQ+ individuals	LGBTQ+ folks	0.5	0.5	LGBTQ+ folks	0.5	0.5	LGBTQ+	0.6666666666666666	0.6666666666666666	LGBTQ+ folks	0.5	0.5
locomo:conv-26:qa87	single-hop	Why did Caroline choose the adoption agency?	because of their inclusivity and support for LGBTQ+ individuals	to give a loving home to kids who need it	0.0	0.0	to give kids a loving home	0.0	0.0	to give a loving home to kids who need it	0.0	0.0	to give kids a loving home	0.0	0.0
locomo:conv-26:qa88	single-hop	What is Caroline excited about in the adoption process?	creating a family for kids who need one	passing the adoption agency interviews	0.0	0.0	passing the adoption agency interviews	0.0	0.0	passing the adoption agency interviews, applying to adoption agencies, creating a safe and loving home for children	0.19047619047619047	0.19047619047619047	passing the adoption agency interviews	0.0	0.0
locomo:conv-26:qa89	single-hop	What does Melanie think about Caroline's decision to adopt?	she thinks Caroline is doing something amazing and will be an awesome mom	Melanie is happy for Caroline and supports her adoption journey.	0.19999999999999998	0.19999999999999998	Melanie thinks Caroline will make a huge difference	0.33333333333333326	0.33333333333333326	likely yes	0.0	0.0	likely yes	0.0	0.0
locomo:conv-26:qa9	temporal	When did Caroline meet up with her friends, family, and mentors?	The week before 9 June 2023	the week before 9 June 2023	1.0	1.0	the week before 9 June 2023	1.0	1.0	the week before 9 June 2023	1.0	1.0	the week before 9 June 2023	1.0	1.0
locomo:conv-26:qa90	single-hop	How long have Mel and her husband been married?	Mel and her husband have been married for 5 years.	5 years	0.3636363636363636	0.3636363636363636	5 years	0.3636363636363636	0.3636363636363636	5	0.19999999999999998	0.19999999999999998	5	0.19999999999999998	0.19999999999999998
locomo:conv-26:qa91	single-hop	What does Caroline's necklace symbolize?	love, faith, and strength	love, faith, and strength	1.0	1.0	love, faith, and strength	1.0	1.0	love, faith, strength	1.0	1.0	love, faith, strength, roots, family support	0.6666666666666666	0.6666666666666666
locomo:conv-26:qa92	single-hop	What country is Caroline's grandma from?	Sweden	Sweden	1.0	1.0	Sweden	1.0	1.0	Sweden	1.0	1.0	Sweden	1.0	1.0
locomo:conv-26:qa93	single-hop	What was grandma's gift to Caroline?	necklace	a necklace	1.0	1.0	necklace	1.0	1.0	necklace	1.0	1.0	necklace	1.0	1.0
locomo:conv-26:qa94	single-hop	What is Melanie's hand-painted bowl a reminder of?	art and self-expression	art and self-expression	1.0	1.0	art and self-expression	1.0	1.0	art and self-expression	1.0	1.0	self-expression	0.6666666666666666	0.6666666666666666
locomo:conv-26:qa95	single-hop	What did Melanie and her family do while camping?	explored nature, roasted marshmallows, and went on a hike	explored nature, went on a hike, roasted marshmallows around the campfire	0.8750000000000001	0.8750000000000001	explored nature, roasted marshmallows, went on a hike, told stories, made wishes during a meteor shower	0.6666666666666666	0.6666666666666666	explored nature, went on a hike, roasted marshmallows	1.0	1.0	roasted marshmallows, told stories, explored nature, went on a hike	0.8750000000000001	0.8750000000000001
locomo:conv-26:qa96	single-hop	What kind of counseling and mental health services is Caroline interested in pursuing?	working with trans people, helping them accept themselves and supporting their mental health	helping trans people, supporting trans people's mental health, helping people accept themselves	0.6666666666666666	0.6666666666666666	helping trans people, supporting trans people's mental health, creating a safe, inviting place for people to grow	0.42857142857142855	0.42857142857142855	counseling, mental health, trans people's mental health	0.4210526315789474	0.4210526315789474	counseling for trans people	0.25	0.25
locomo:conv-26:qa97	single-hop	What workshop did Caroline attend recently?	LGBTQ+ counseling workshop	LGBTQ+ counseling workshop	1.0	1.0	council meeting for adoption	0.0	0.0	LGBTQ+ counseling workshop	1.0	1.0	LGBTQ+ counseling workshop	1.0	1.0
locomo:conv-26:qa98	single-hop	What was discussed in the LGBTQ+ counseling workshop?	therapeutic methods and how to best work with trans people	how to best work with trans people,different therapeutic methods	0.8888888888888888	0.9473684210526316	how to best work with trans people,different therapeutic methods	0.8888888888888888	0.9473684210526316	how to best work with trans people,different therapeutic methods	0.8888888888888888	0.9473684210526316	how to best work with trans people,different therapeutic methods	0.8888888888888888	0.9473684210526316
locomo:conv-26:qa99	single-hop	What motivated Caroline to pursue counseling?	her own journey and the support she received, and how counseling improved her life	support group,counseling and mental health career interest,transition courage,community acceptance	0.10526315789473685	0.18181818181818182	support group, friends, family, mentors, personal struggles, passion for helping others	0.09090909090909091	0.09090909090909091	support group,counseling and mental health career interest,transition courage,community acceptance	0.10526315789473685	0.18181818181818182	support group,counseling and mental health as a career,seeing how counseling and support groups improved her life,wanting to help people who have gone through the same things as her	0.34285714285714286	0.368421052631579
locomo:conv-30:qa0	temporal	When Jon has lost his job as a banker?	19 January, 2023	19 January 2023	1.0	1.0	19 January 2023	1.0	1.0	19 January 2023	1.0	1.0	19 January 2023	1.0	1.0
locomo:conv-30:qa1	temporal	When Gina has lost her job at Door Dash?	January, 2023	January 2023	1.0	1.0	January 2023	1.0	1.0	January 2023	1.0	1.0	January 2023	1.0	1.0
locomo:conv-30:qa10	temporal	When did Gina team up with a local artist for some cool designs?	February, 2023	a few years ago	0.0	0.0	the session of 8 February 2023	0.5714285714285715	0.5714285714285715	the weekend before 8 February 2023	0.5714285714285715	0.5714285714285715	the weekend before 8 February 2023	0.5714285714285715	0.5714285714285715
locomo:conv-30:qa11	temporal	When did Gina get her tattoo?	A few years ago	a few years ago	1.0	1.0	a few years ago	1.0	1.0	2020	0.0	0.0	the weekend before 24 October 2023	0.0	0.0
locomo:conv-30:qa12	temporal	When did Jon start to go to the gym?	March, 2023	the week before 16 March 2023; 6 March 2023 - 12 March 2023	0.3076923076923077	0.3076923076923077	the week before 16 March 2023	0.5714285714285715	0.5714285714285715	the week before 16 March 2023	0.5714285714285715	0.5714285714285715	the week before 16 March 2023	0.5714285714285715	0.5714285714285715
locomo:conv-30:qa13	temporal	When did Gina open her online clothing store?	16 March, 2023	16 March 2023	1.0	1.0	16 March 2023	1.0	1.0	16 March 2023	1.0	1.0	16 March 2023	1.0	1.0
locomo:conv-30:qa14	temporal	When did Jon start expanding his studio's social media presence?	April, 2023	3 April 2023	0.8	0.8	3 April 2023	0.8	0.8	3 April 2023	0.8	0.8	the day before 25 April 2023	0.5714285714285715	0.5714285714285715
locomo:conv-30:qa15	temporal	When did Jon host a dance competition?	May, 2023	May 2023	1.0	1.0	May 2023	1.0	1.0	May 2023	1.0	1.0	May 2023	1.0	1.0
locomo:conv-30:qa16	temporal	When did Jon go to a fair to get more exposure for his dance studio?	24 April, 2023	the day before 25 April 2023	0.5	0.5	the day before 25 April 2023	0.5	0.5	the day before 25 April 2023	0.5	0.5	the day before 25 April 2023	0.5	0.5
locomo:conv-30:qa17	multi-hop	Why did Gina decide to start her own clothing store?	She always loved fashion trends and finding unique pieces and she lost her job so decided it was time to start her own business.	to take control of her own destiny	0.20689655172413793	0.20689655172413793	to take control of her own destiny	0.20689655172413793	0.20689655172413793	to take control of her own destiny	0.20689655172413793	0.20689655172413793	to take control of her own destiny	0.20689655172413793	0.20689655172413793
locomo:conv-30:qa18	multi-hop	Do Jon and Gina start businesses out of what they love?	Yes	likely yes	0.6666666666666666	0.6666666666666666	likely yes	0.6666666666666666	0.6666666666666666	yes	1.0	1.0	yes	1.0	1.0
locomo:conv-30:qa19	temporal	When did Gina interview for a design internship?	10 May, 2023	10 May 2023	1.0	1.0	10 May 2023	1.0	1.0	10 May 2023	1.0	1.0	10 May 2023	1.0	1.0
locomo:conv-30:qa2	single-hop	How do Jon and Gina both like to destress?	by dancing	dance	0.6666666666666666	0.6666666666666666	dancing	0.6666666666666666	0.6666666666666666	dance	0.6666666666666666	0.6666666666666666	dancing	0.6666666666666666	0.6666666666666666
locomo:conv-30:qa20	temporal	When did Gina get accepted for the design internship?	27 May, 2023	10 May 2023	0.6666666666666666	0.6666666666666666	27 May 2023	1.0	1.0	27 May 2023	1.0	1.0	27 May 2023	1.0	1.0
locomo:conv-30:qa21	temporal	"When did Jon start reading ""The Lean Startup""?"	May, 2023	27 May 2023	0.8	0.8	27 May 2023	0.8	0.8	27 May 2023	0.8	0.8	the day before 25 April 2023	0.28571428571428575	0.28571428571428575
locomo:conv-30:qa22	temporal	When did Gina develop a video presentation to teach how to style her fashion pieces?	June, 2023	13 June 2023	0.8	0.8	13 June 2023	0.8	0.8	13 June 2023	0.8	0.8	13 June 2023	0.8	0.8
locomo:conv-30:qa23	multi-hop	How did Gina promote her clothes store?	worked with an artist to make unique fashion pieces, made limited-edition sweatshirts, got some new offers and promotions for online store, developed a video presentation showing how to style her pieces	implemented new offers and promotions, worked with fashion bloggers and influencers, did more ads	0.24038461538461536	0.24038461538461536	launched an ad campaign	0.0	0.0	ad campaign,new offers and promotions,working with fashion bloggers and influencers	0.2517482517482517	0.2517482517482517	ad campaign, online store, new offers and promotions, working with fashion bloggers and influencers	0.2517482517482517	0.2517482517482517
locomo:conv-30:qa24	multi-hop	Which events has Jon participated in to promote his business venture?	fair, networking events, dance competition	festival, fair, networking events	0.6666666666666666	0.6666666666666666	a fair, networking events	0.6666666666666666	0.6666666666666666	a fair, networking events	0.6666666666666666	0.6666666666666666	networking events,fair	0.6666666666666666	0.6666666666666666
locomo:conv-30:qa25	multi-hop	What does Jon's dance studio offer?	one-on-one metoring and training to dancers,  workshops and classes to local schools and centers	workshops, classes, one-on-one mentoring and training	0.39285714285714285	0.39285714285714285	workshops, classes, one-on-one mentoring and training	0.39285714285714285	0.39285714285714285	workshops,classes,one-on-one mentoring and training	0.39285714285714285	0.39285714285714285	workshops,classes,one-on-one mentoring and training	0.39285714285714285	0.39285714285714285
locomo:conv-30:qa26	temporal	When did Jon receive mentorship to promote his venture?	15 June, 2023	15 June 2023	1.0	1.0	15 June 2023	1.0	1.0	the day before 16 June 2023	0.5	0.5	the day before 16 June 2023	0.5	0.5
locomo:conv-30:qa27	multi-hop	Did Jon and Gina both participate in dance competitions?	Yes	no	0.0	0.0	no	0.0	0.0	no	0.0	0.0	no	0.0	0.0
locomo:conv-30:qa28	temporal	When was Jon in Rome?	June 2023	12 June 2023 - 18 June 2023	0.5	0.5	12 June 2023 - 18 June 2023	0.5	0.5	12 June 2023 - 18 June 2023	0.5	0.5	the week before 19 June 2023	0.5714285714285715	0.5714285714285715
locomo:conv-30:qa29	multi-hop	Which cities has Jon visited?	Paris, Rome	Paris, Rome	1.0	1.0	Paris, Rome	1.0	1.0	Paris,Rome	1.0	1.0	Paris,Rome	1.0	1.0
locomo:conv-30:qa3	multi-hop	What do Jon and Gina both have in common?	They lost their jobs and decided to start their own businesses.	support each other, face challenges, pursue dreams	0.0	0.0	support each other, face challenges together	0.0	0.0	supporting each other,dream chasing	0.0	0.0	support, encouragement	0.0	0.0
locomo:conv-30:qa30	temporal	When Jon is planning to open his dance studio?	20 June, 2023	20 June 2023	1.0	1.0	20 June 2023	1.0	1.0	the day after 19 June 2023	0.5	0.5	the day after 19 June 2023	0.5	0.5
locomo:conv-30:qa31	multi-hop	How long did it take for Jon to open his studio?	six months	6 months	0.5	0.5	5 months	0.5	0.5	5 months	0.5	0.5	from January to June	0.0	0.0
locomo:conv-30:qa32	temporal	When did Gina design a limited collection of hoodies?	June 2023	the week before 21 June 2023	0.5714285714285715	0.5714285714285715	the week before 21 June 2023	0.5714285714285715	0.5714285714285715	the week before 21 June 2023	0.5714285714285715	0.5714285714285715	the week before 21 June 2023	0.5714285714285715	0.5714285714285715
locomo:conv-30:qa33	temporal	When did Jon visit networking events for his store?	20 June, 2023	the day before 21 June 2023	0.5	0.5	the day before 21 June 2023	0.5	0.5	the day before 21 June 2023	0.5	0.5	the day before 21 June 2023	0.5	0.5
locomo:conv-30:qa34	temporal	When did Gina start being recognized by fashion editors?	July 2023	26 June 2023 - 2 July 2023	0.5	0.5	the week before 9 July 2023	0.5714285714285715	0.5714285714285715	the week before 9 July 2023	0.5714285714285715	0.5714285714285715	the week before 9 July 2023	0.5714285714285715	0.5714285714285715
locomo:conv-30:qa35	temporal	When did Jon start learning marketing and analytics tools?	July, 2023	9 July 2023	0.8	0.8	9 July 2023	0.8	0.8	9 July 2023	0.8	0.8	9 July 2023	0.8	0.8
locomo:conv-30:qa36	temporal	When did Jon and Gina decide to collaborate to create dance content?	21 July 2023	21 July 2023	1.0	1.0	21 July 2023	1.0	1.0	the weekend before 24 July 2023	0.5	0.5	21 July 2023	1.0	1.0
locomo:conv-30:qa37	temporal	When did Gina mention Shia Labeouf?	 23 July, 2023	23 July 2023	1.0	1.0	23 July 2023	1.0	1.0	23 July 2023	1.0	1.0	23 July 2023	1.0	1.0
locomo:conv-30:qa38	temporal	When did Gina go to a dance class with a group of friends?	21 July 2023	insufficient information	0.0	0.0	the Friday before 23 July 2023; 21 July 2023	0.5454545454545454	0.5454545454545454	the weekend before 24 October 2023	0.25	0.25	the Friday before 23 July 2023	0.5	0.5
locomo:conv-30:qa39	single-hop	What is Gina's favorite style of dance?	Contemporary	contemporary	1.0	1.0	contemporary	1.0	1.0	contemporary	1.0	1.0	contemporary	1.0	1.0
locomo:conv-30:qa4	single-hop	Why did Jon decide to start his dance studio?	He lost his job and decided to start his own business to share his passion.	to teach others the joy of dancing	0.1	0.1	to share his passion for dancing with others	0.36363636363636365	0.36363636363636365	teach others the joy of dancing	0.0	0.0	to share his passion for dancing	0.4	0.4
locomo:conv-30:qa40	single-hop	What is Jon's favorite style of dance?	Contemporary	contemporary dance	0.6666666666666666	0.6666666666666666	contemporary dance	0.6666666666666666	0.6666666666666666	contemporary dance	0.6666666666666666	0.6666666666666666	contemporary dance	0.6666666666666666	0.6666666666666666
locomo:conv-30:qa41	single-hop	What was Gina's favorite dancing memory?	Winning first place at a regionals dance competition	winning first place at a regional dance competition	1.0	1.0	winning first place at a regional dance competition	1.0	1.0	winning first place at a regional dance competition	1.0	1.0	winning first place at a regional dance competition	1.0	1.0
locomo:conv-30:qa42	single-hop	What kind of dance piece did Gina's team perform to win first place?	"""Finding Freedom"""	contemporary	0.0	0.0	contemporary	0.0	0.0	contemporary	0.0	0.0	contemporary	0.0	0.0
locomo:conv-30:qa43	single-hop	What do the dancers in the photo represent?	They are performing at the festival	grace, skill, expression	0.0	0.0	grace, skill, passion	0.0	0.0	grace	0.0	0.0	grace	0.0	0.0
locomo:conv-30:qa44	single-hop	What does Gina say about the dancers in the photo?	They look graceful	graceful	0.5	0.5	graceful	0.5	0.5	graceful	0.5	0.5	graceful	0.5	0.5
locomo:conv-30:qa45	single-hop	What is Jon's attitude towards being part of the dance festival?	Glad	excited	0.0	0.0	excited	0.0	0.0	excited	0.0	0.0	excited	0.0	0.0
locomo:conv-30:qa46	single-hop	What kind of flooring is Jon looking for in his dance studio?	Marley flooring	Marley flooring	1.0	1.0	Marley flooring	1.0	1.0	Marley flooring	1.0	1.0	Marley flooring	1.0	1.0
locomo:conv-30:qa47	single-hop	What did Gina find for her clothing store on 1 February, 2023?	The perfect spot for her store	furniture that looks great and is comfy	0.0	0.0	furniture that looks great and is comfy	0.0	0.0	furniture,chandelier	0.0	0.0	furniture	0.0	0.0
locomo:conv-30:qa48	single-hop	What did Gina design for her store?	the space, furniture, and decor	furniture and decor	0.8	0.8	furniture and decor	0.8	0.8	furniture, decor, chandelier, space	0.8571428571428571	0.8571428571428571	furniture, decor, space	1.0	1.0
locomo:conv-30:qa49	single-hop	What did Gina want her customers to feel in her store?	cozy and comfortable	cozy, comfortable, inviting	0.8	0.8	cozy, comfortable, and inviting	0.8	0.8	cozy, comfortable, inviting	0.8	0.8	cozy	0.6666666666666666	0.6666666666666666
locomo:conv-30:qa5	multi-hop	What Jon thinks the ideal dance studio should look like?	By the water, with natural light and Marley flooring	by the water, with great natural light, downtown, with Marley flooring	0.875	0.875	by the water, with natural light, downtown, welcoming dancers of all ages and backgrounds	0.875	0.875	by the water, with great natural light, downtown, with Marley flooring	0.875	0.875	by the water, with natural light, downtown, welcoming dancers of all ages and backgrounds	0.875	0.875
locomo:conv-30:qa50	single-hop	What did Jon say about Gina's progress with her store?	hard work's paying off	Jon thinks Gina's commitment and creativity in her business stand out.	0.0	0.0	Gina's store looks great	0.0	0.0	Jon thinks Gina's commitment and creativity in her business stand out.	0.0	0.0	It looks great	0.0	0.0
locomo:conv-30:qa51	single-hop	What made Gina choose the furniture and decor for her store?	personal style and customer comfort	to make her customers feel cozy and to make the place look like her own style	0.22222222222222224	0.22222222222222224	to match her own style and make customers feel cozy	0.30769230769230765	0.30769230769230765	to make her customers feel cozy and to make the place look like her own style	0.22222222222222224	0.22222222222222224	to match her own style and make customers feel cozy	0.30769230769230765	0.30769230769230765
locomo:conv-30:qa52	single-hop	What did Jon say about creating a special experience for customers?	It's the key to making them feel welcome and coming back	creating a special experience for customers is the key to making them feel welcome and coming back	0.6956521739130435	0.6956521739130435	creating a special experience for customers is the key to making them feel welcome and coming back	0.6956521739130435	0.6956521739130435	the key to making them feel welcome and coming back	0.9411764705882353	0.9411764705882353	the key to making them feel welcome and coming back	0.9411764705882353	0.9411764705882353
locomo:conv-30:qa53	single-hop	What did Gina say about creating an experience for her customers?	making them want to come back	make customers want to come back, comfortable and inviting, cool oasis, cozy	0.5882352941176471	0.5882352941176471	make the spot comfortable and inviting for customers	0.16666666666666666	0.16666666666666666	make a special shopping experience	0.2	0.2	make a special shopping experience for customers	0.16666666666666666	0.16666666666666666
locomo:conv-30:qa54	single-hop	How is Gina's store doing?	The store is doing great.	doing great	0.6666666666666666	0.6666666666666666	doing great	0.6666666666666666	0.6666666666666666	great	0.4	0.4	great	0.4	0.4
locomo:conv-30:qa55	single-hop	What does Gina's tattoo symbolize?	Freedom and expressing herself through dance	freedom	0.33333333333333337	0.33333333333333337	freedom, dancing without worrying what people think, following her passions and expressing herself	0.47058823529411764	0.47058823529411764	freedom	0.33333333333333337	0.33333333333333337	freedom,dancing without worrying what people think,following her passions,expressing herself	0.14285714285714285	0.47058823529411764
locomo:conv-30:qa56	single-hop	What did Jon and Gina compare their entrepreneurial journeys to?	dancing together and supporting each other	different paths	0.0	0.0	different paths	0.0	0.0	different paths	0.0	0.0	different paths	0.0	0.0
locomo:conv-30:qa57	single-hop	What advice does Gina give to Jon about running a successful business?	build relationships with customers, create a strong brand image, stay positive	keep going, stay positive, believe in himself, handle changes positively, focus on successes, have a good support system, stay passionate, focused, and resilient, persevere, work hard, track plans and goals, connect with like-minded people, collaborate with local influencers	0.13333333333333333	0.13333333333333333	keep going, be courageous, believe in himself, handle changes positively, focus on successes, build a strong brand identity, connect with like-minded people, collaborate with local influencers, track plans and goals, persevere, work hard	0.24390243902439024	0.24390243902439024	"{""answer_kind"":""list"",""answer"":""stay motivated,keep going,not give up,keep pushing,not let difficulties get him down,keep going and believe in himself,keep going despite challenges,handle changes posi"	0.0	0.0	keep going, be courageous, believe in himself, handle changes positively, focus on successes, have a support system, stay positive, tackle obstacles, collaborate with influencers, connect with like-minded people, remember stumbling blocks can be opportunities	0.13953488372093023	0.13953488372093023
locomo:conv-30:qa58	single-hop	Why did Jon shut down his bank account?	for his business	to help his business grow	0.5	0.5	to help his biz grow	0.25	0.25	to help his business grow	0.5	0.5	to help his biz grow	0.25	0.25
locomo:conv-30:qa59	single-hop	Why did Gina combine her clothing business with dance?	she is passionate about dance and fashion	to fuel her creativity	0.0	0.0	stress relief	0.0	0.0	passion	0.2857142857142857	0.2857142857142857	stress relief	0.0	0.0
locomo:conv-30:qa6	temporal	When is Jon's group performing at a festival?	February, 2023	February 2023	1.0	1.0	February 2023	1.0	1.0	February 2023	1.0	1.0	February 2023	1.0	1.0
locomo:conv-30:qa60	single-hop	What does Jon's dance make him?	happy	pumped	0.0	0.0	happy, fulfilled, an escape, gives energy	0.33333333333333337	0.33333333333333337	pumped	0.0	0.0	happy	1.0	1.0
locomo:conv-30:qa61	single-hop	What did Gina receive from a dance contest?	a trophy	a trophy with a glass globe on top	0.2857142857142857	0.2857142857142857	a trophy with a glass globe on top	0.2857142857142857	0.2857142857142857	trophy	1.0	1.0	a trophy with a glass globe on top	0.2857142857142857	0.2857142857142857
locomo:conv-30:qa62	single-hop	How does Gina stay confident in her business?	By reminding herself of her successes and progress, having a support system, and focusing on why she started	focus on successes and progress, think of the big goal, get help from supporters, dance	0.3571428571428571	0.3571428571428571	staying positive, building relationships, focusing on successes, getting support from friends, thinking of the big goal	0.3333333333333333	0.3333333333333333	focus on successes, progress, big goal, get support, dance	0.33333333333333337	0.33333333333333337	staying positive, building relationships, focusing on successes, getting help from supporters, dancing	0.2962962962962963	0.2962962962962963
locomo:conv-30:qa63	single-hop	What kind of professional experience did Gina get accepted for on May 23, 2023?	fashion internship	fashion internship	1.0	1.0	fashion internship	1.0	1.0	fashion internship	1.0	1.0	fashion internship	1.0	1.0
locomo:conv-30:qa64	single-hop	Where is Gina's fashion internship?	fashion department of an international company	an international company	0.5714285714285715	0.5714285714285715	an international company	0.5714285714285715	0.5714285714285715	an international company	0.5714285714285715	0.5714285714285715	an international company	0.5714285714285715	0.5714285714285715
locomo:conv-30:qa65	single-hop	What book is Jon currently reading?	The Lean Startup	The Lean Startup	1.0	1.0	The Lean Startup	1.0	1.0	The Lean Startup	1.0	1.0	The Lean Startup	1.0	1.0
locomo:conv-30:qa66	single-hop	What is Jon offering to the dancers at his dance studio?	One-on-one mentoring and training	one-on-one mentoring and training	1.0	1.0	one-on-one mentoring and training	1.0	1.0	workshops,classes,one-on-one mentoring,training	0.0	0.7499999999999999	workshops,classes,one-on-one mentoring and training	0.6666666666666666	0.7499999999999999
locomo:conv-30:qa67	single-hop	How does Jon use the clipboard with a notepad attached to it?	To set goals, track achievements, and find areas for improvement	to stay organized and motivated, set goals, track achievements	0.5882352941176471	0.5882352941176471	to stay organized and motivated, track achievements, find areas to improve, set goals	0.761904761904762	0.761904761904762	stay organized,motivated,track achievements,set goals	0.15384615384615383	0.5	tracks achievements, sets goals, finds areas to improve	0.9411764705882353	0.9411764705882353
locomo:conv-30:qa68	single-hop	What does Jon tell Gina he won't do?	quit	quit	1.0	1.0	quit	1.0	1.0	quit	1.0	1.0	quit	1.0	1.0
locomo:conv-30:qa69	single-hop	What did Jon take a trip to Rome for?	To clear his mind	to concentrate on his business better	0.4	0.4	to concentrate on his business better	0.4	0.4	to concentrate on his business	0.4444444444444445	0.4444444444444445	to concentrate on his business better	0.4	0.4
locomo:conv-30:qa7	temporal	When did Gina launch an ad campaign for her store?	29 January, 2023	29 January 2023	1.0	1.0	the weekend before 24 October 2023	0.25	0.25	the weekend before 29 January 2023	0.7499999999999999	0.7499999999999999	the weekend before 24 October 2023	0.25	0.25
locomo:conv-30:qa70	single-hop	What is Jon working on opening?	a dance studio	dance studio	1.0	1.0	dance studio	1.0	1.0	dance studio	1.0	1.0	dance studio	1.0	1.0
locomo:conv-30:qa71	single-hop	How does Gina describe the studio that Jon has opened?	amazing	a place for dancers to grow	0.0	0.0	a place for dancers to grow	0.0	0.0	a place for dancers to grow	0.0	0.0	a place for dancers to grow	0.0	0.0
locomo:conv-30:qa72	single-hop	How does Jon feel about the opening night of his dance studio?	excited	excited	1.0	1.0	excited	1.0	1.0	excited	1.0	1.0	excited	1.0	1.0
locomo:conv-30:qa73	single-hop	How does Gina describe the feeling that dance brings?	magical	awesome for staying focused, magical, stress relief	0.25	0.25	joy and thrill	0.0	0.0	awesome for staying focused, magical, stress relief, self-expression	0.2222222222222222	0.2222222222222222	joy and thrill	0.0	0.0
locomo:conv-30:qa74	single-hop	What does Jon plan to do at the grand opening of his dance studio?	savor all the good vibes	make awesome memories	0.0	0.0	make awesome memories	0.0	0.0	make awesome memories, attend, open the dance studio	0.0	0.0	make awesome memories, make unforgettable memories, attend, open a dance studio	0.0	0.0
locomo:conv-30:qa75	single-hop	What does Gina say to Jon about the grand opening?	Let's live it up and make some great memories	Gina advised Jon to savor the moment.	0.0	0.0	congratulations	0.0	0.0	savor the moment	0.0	0.0	congratulated	0.0	0.0
locomo:conv-30:qa76	single-hop	What is the general sentiment about the upcoming grand opening?	excitement	excitement, support, anticipation	0.5	0.5	excitement and positivity	0.6666666666666666	0.6666666666666666	excitement	1.0	1.0	excitement and positivity	0.6666666666666666	0.6666666666666666
locomo:conv-30:qa77	single-hop	What did Gina make a limited edition line of?	Hoodies	hoodie	1.0	1.0	clothing	0.0	0.0	hoodie	1.0	1.0	clothing	0.0	0.0
locomo:conv-30:qa78	single-hop	According to Gina, what makes Jon a perfect mentor and guide?	His positivity and determination	positive outlook, determination, passion, focus, resilience	0.4444444444444444	0.4444444444444444	his determination and passion for dance	0.5	0.5	positive outlook, determination, passion, focus, resilience	0.4444444444444444	0.4444444444444444	his passion and commitment	0.3333333333333333	0.3333333333333333
locomo:conv-30:qa8	temporal	When was Jon in Paris?	28 January 2023	the month after 20 January 2023; February 2023	0.4	0.4	28 January 2023	1.0	1.0	the weekend before 20 January 2023	0.5	0.5	the day before 29 January 2023	0.5	0.5
locomo:conv-30:qa80	single-hop	What plans does Jon have after receiving advice at the networking event?	Sprucing up his business plan, tweaking his pitch to investors, and working on an online platform.	go full-time with his business idea, spruce up his business plan, tweak his pitch to investors, work on an online platform to show off the dance studio's stuff	0.7000000000000001	0.7000000000000001	to go full-time with his business idea, to tweak his pitch to investors, to work on an online platform	0.6875000000000001	0.6875000000000001	go full-time with his business idea,tweak his pitch to investors,work on an online platform to show off the dance studio's stuff	0.48484848484848486	0.6285714285714286	tweaking his pitch to investors, working on an online platform	0.782608695652174	0.782608695652174
locomo:conv-30:qa81	single-hop	What offer does Gina make to Jon regarding social media?	Helping with making content and managing his social media accounts.	to help with making content or managing his social media accounts	0.9	0.9	to manage Jon's social media accounts	0.5333333333333333	0.5333333333333333	help with making content, managing social media accounts	0.9411764705882353	0.9411764705882353	manage Jon's social media accounts	0.5714285714285714	0.5714285714285714
locomo:conv-30:qa9	multi-hop	Which city have both Jean and John visited?	Rome	insufficient information	0.0	0.0	insufficient information	0.0	0.0	insufficient information	0.0	0.0	insufficient information	0.0	0.0
locomo:conv-41:qa0	temporal	Who did Maria have dinner with on May 3, 2023?	her mother	insufficient information	0.0	0.0	insufficient information	0.0	0.0	insufficient information	0.0	0.0	insufficient information	0.0	0.0
locomo:conv-41:qa1	temporal	When did Maria donate her car?	21 December 2022	21 December 2022	1.0	1.0	21 December 2022	1.0	1.0	the day before 22 December 2022	0.5	0.5	21 December 2022	1.0	1.0
locomo:conv-41:qa10	temporal	When did Maria meet Jean?	February 24, 2023	25 February 2023	0.6666666666666666	0.6666666666666666	25 February 2023	0.6666666666666666	0.6666666666666666	25 February 2023	0.6666666666666666	0.6666666666666666	25 February 2023	0.6666666666666666	0.6666666666666666
locomo:conv-41:qa100	single-hop	What emotions did John feel during the small party with the veterans?	heartwarming	relieved, grateful, happy	0.0	0.0	relieved, grateful, happy, drawn to serving his country, sense of community and togetherness	0.0	0.0	relieved, grateful, proud	0.0	0.0	relieved, grateful, happy, drawn to serving his country, sense of community and togetherness	0.0	0.0
locomo:conv-41:qa101	single-hop	What event is Maria getting ready for at the shelter on May 25, 2023?	fundraiser	fundraiser	1.0	1.0	fundraiser	1.0	1.0	fundraiser	1.0	1.0	fundraiser	1.0	1.0
locomo:conv-41:qa102	single-hop	What does Maria need to spread the word about for the fundraiser for the volunteer shelter?	chili cook-off	chili cook-off event	0.8	0.8	chili cook-off	1.0	1.0	chili cook-off event	0.8	0.8	chili cook-off event	0.8	0.8
locomo:conv-41:qa103	single-hop	What was the name of the pet that John had to say goodbye to on 3 June, 2023?	Max	Max	1.0	1.0	Max	1.0	1.0	Max	1.0	1.0	Max	1.0	1.0
locomo:conv-41:qa104	single-hop	How long was Max a part of John's family?	10 years	10 years	1.0	1.0	10 years	1.0	1.0	10	0.6666666666666666	0.6666666666666666	10	0.6666666666666666	0.6666666666666666
locomo:conv-41:qa105	single-hop	How does John plan to honor the memories of his beloved pet?	By considering adopting a rescue dog	make progress in the coming weeks to honor the memories of their loved ones	0.0	0.0	make progress in the coming weeks to honor the memories of their loved ones	0.0	0.0	make progress in the coming weeks	0.0	0.0	make progress in the coming weeks	0.0	0.0
locomo:conv-41:qa106	single-hop	What important values does John want to teach his kids through adopting a rescue dog?	Responsibility and compassion	unconditional love and loyalty	0.0	0.0	unconditional love, loyalty, responsibility, compassion	0.5714285714285715	0.5714285714285715	unconditional love, loyalty	0.0	0.0	unconditional love, loyalty, responsibility, compassion	0.5714285714285715	0.5714285714285715
locomo:conv-41:qa107	single-hop	What new activity did Maria start recently, as mentioned on 3 June, 2023?	volunteering at a local dog shelter once a month	volunteering at a local dog shelter	0.8333333333333333	0.8333333333333333	volunteering at a local dog shelter	0.8333333333333333	0.8333333333333333	volunteering at a local dog shelter	0.8333333333333333	0.8333333333333333	volunteering at a local dog shelter	0.8333333333333333	0.8333333333333333
locomo:conv-41:qa108	single-hop	What did Maria say it was like being at the waterfall in Oregon?	Like being in a fairy tale	truly magical, felt like she was in a fairy tale, surroundings were beautiful, water sounded so calming	0.38095238095238093	0.38095238095238093	truly magical, like being in a fairy tale, beautiful surroundings, calming water	0.625	0.625	truly magical, like being in a fairy tale, with beautiful surroundings and calming water	0.5882352941176471	0.5882352941176471	truly magical	0.0	0.0
locomo:conv-41:qa109	single-hop	What does Maria say she feels when doing upside-down yoga poses?	Free and light	freedom and connection	0.0	0.0	freedom and connection	0.0	0.0	freedom and connection	0.0	0.0	freedom and connection	0.0	0.0
locomo:conv-41:qa11	multi-hop	What people has Maria met and helped while volunteering?	David, Jean, Cindy, Laura	Jean, someone special	0.25	0.25	Jean, a little girl, someone special who laughed while playing with kids, children whose smiles warmed her heart	0.25	0.25	Jean, someone special	0.25	0.25	Jean, a little girl, someone special who laughed while playing with kids, children whose smiles warmed her heart	0.25	0.25
locomo:conv-41:qa110	single-hop	What exciting news did Maria share on 16 June, 2023?	joined a gym	joined a gym	1.0	1.0	joined a gym	1.0	1.0	joined a gym	1.0	1.0	joined a gym	1.0	1.0
locomo:conv-41:qa111	single-hop	What yoga activity has Maria been trying to improve her strength and endurance?	kundalini yoga	kundalini yoga	1.0	1.0	kundalini yoga	1.0	1.0	kundalini yoga	1.0	1.0	kundalini yoga	1.0	1.0
locomo:conv-41:qa112	single-hop	What did John recently get promoted to?	assistant manager	assistant manager	1.0	1.0	assistant manager	1.0	1.0	assistant manager	1.0	1.0	assistant manager	1.0	1.0
locomo:conv-41:qa113	single-hop	What was one of the biggest challenges John faced in his journey to becoming assistant manager?	self-doubt	self-doubt	1.0	1.0	self-doubt	1.0	1.0	overcoming hurdles, especially self-doubt	0.4	0.4	self-doubt	1.0	1.0
locomo:conv-41:qa114	single-hop	How does John describe the support he received during his journey to becoming assistant manager?	having support at home and his own grit	emotional ride, wild ride with ups and downs, good feedback, sense of purpose, renewed energy, support from family and friends, support from Maria, support from team, support from colleagues, encouragement, gratitude	0.05555555555555555	0.05555555555555555	helped him deal with the hurdles, support at home, vital	0.375	0.375	emotional ride, wild ride with ups and downs, good feedback, sense of purpose, renewed energy, support from family, friends, and Maria, overcoming hurdles with grit, dealing with tough hurdles, especially self-doubt, feeling proud of his achievement	0.14634146341463417	0.14634146341463417	small but important step towards making a difference	0.0	0.0
locomo:conv-41:qa115	single-hop	What kind of event did John and his family attend in June 2023?	live music event	live music event	1.0	1.0	live music event	1.0	1.0	live music event	1.0	1.0	live music event	1.0	1.0
locomo:conv-41:qa116	single-hop	Why did Maria need to help her cousin find a new place to live?	Her cousin had to leave and find a new place in a hurry.	her cousin had to leave and find a new place in a hurry due to a car accident	0.8333333333333333	0.8333333333333333	Maria's cousin had to leave and find a new place in a hurry, having faced tough circumstances.	0.75	0.75	her cousin had to leave and find a new place in a hurry due to a car accident	0.8333333333333333	0.8333333333333333	Maria's cousin had to leave and find a new place in a hurry due to tough circumstances.	0.75	0.75
locomo:conv-41:qa117	single-hop	What event did John participate in to show support for veterans' rights?	marching event	marching event	1.0	1.0	a marching event	1.0	1.0	marching event	1.0	1.0	a marching event	1.0	1.0
locomo:conv-41:qa118	single-hop	What inspired John to join the marching event for veterans' rights?	Respect for the military and the desire to show support	being around others who shared the same values and passion	0.0	0.0	activism	0.0	0.0	being around others who shared the same values and passion, showing support for the military, respecting the military, making a difference through activism, standing up for beliefs	0.3448275862068965	0.3448275862068965	activism	0.0	0.0
locomo:conv-41:qa119	single-hop	How often does John get to see sunsets like the one he shared with Maria?	At least once a week	at least once a week	1.0	1.0	at least once a week	1.0	1.0	at least once a week	1.0	1.0	at least once a week	1.0	1.0
locomo:conv-41:qa12	multi-hop	What test has John taken multiple times?	The military aptitude test	military aptitude test	1.0	1.0	military aptitude test	1.0	1.0	military aptitude test	1.0	1.0	aptitude test	0.8	0.8
locomo:conv-41:qa120	single-hop	What natural disaster affected John's old area on 7 July, 2023?	Flood	flood	1.0	1.0	flood	1.0	1.0	flood	1.0	1.0	flood	1.0	1.0
locomo:conv-41:qa121	single-hop	How did the flood impact the homes in John's old area?	Lots of homes were ruined.	hit	0.0	0.0	looking nice	0.0	0.0	insufficient information	0.0	0.0	looking nice	0.0	0.0
locomo:conv-41:qa122	single-hop	What motivated Maria and John to discuss potential solutions for their community on 7 July, 2023?	Flood in John's old area	Maria and John's commitment to helping others and their shared goal of making a positive change in their community.	0.19047619047619047	0.19047619047619047	Maria and John's commitment to community work and support for each other's efforts.	0.12500000000000003	0.12500000000000003	Maria and John's commitment to community improvement	0.1818181818181818	0.1818181818181818	Maria and John's shared commitment to community improvement	0.16666666666666666	0.16666666666666666
locomo:conv-41:qa123	single-hop	What did Maria plan to do later on the evening of 7 July, 2023?	have dinner with friends from the gym	create a positivity ripple	0.0	0.0	insufficient information	0.0	0.0	create a positivity ripple	0.0	0.0	insufficient information	0.0	0.0
locomo:conv-41:qa124	single-hop	What kind of activities did Maria do at the picnic with her church friends?	played games like charades and a scavenger hunt	played games, chilled under the trees, ate yummy food, played charades, played a scavenger hunt, had a good laugh	0.45454545454545453	0.45454545454545453	played games, chilled under the trees, ate yummy food, played charades, played a scavenger hunt	0.5263157894736842	0.5263157894736842	games, chilling, eating	0.2222222222222222	0.2222222222222222	played games, chilled under the trees, ate yummy food, played charades, played a scavenger hunt	0.5263157894736842	0.5263157894736842
locomo:conv-41:qa125	single-hop	What does John appreciate about the veteran's hospital visit?	the resilience of the veterans and their inspiring stories	seeing the resilience of the veterans	0.6	0.6	seeing the resilience of the veterans	0.6	0.6	seeing the resilience of the veterans	0.6	0.6	seeing the resilience of the veterans	0.6	0.6
locomo:conv-41:qa126	single-hop	What did John take away from visiting the veteran's hospital?	appreciation for giving back	hope, appreciation, inspiration, resilience	0.25	0.25	hope, appreciation, desire to give back	0.6	0.6	hope, resilience	0.0	0.0	hope, resilience	0.0	0.0
locomo:conv-41:qa127	single-hop	Why did John feel inspired to join the military after the visit to the hospital?	seeing the resilience of the veterans	he remembered why he wanted to join the military	0.0	0.0	The stories reminded John why he wanted to join the military.	0.0	0.0	seeing the resilience of the veterans	1.0	1.0	The stories reminded John why he wanted to join the military.	0.0	0.0
locomo:conv-41:qa128	single-hop	In what activity did Maria and her church friends participate in July 2023?	hiking	hiking	1.0	1.0	hiking	1.0	1.0	hiking, picnic	0.6666666666666666	0.6666666666666666	hiking, picnic, games	0.5	0.5
locomo:conv-41:qa129	single-hop	What does John think about trying new classes at the yoga studio?	Trying new classes is a fun way to switch up the exercise routine.	likely yes	0.0	0.0	positive	0.0	0.0	fun	0.16666666666666669	0.16666666666666669	positive	0.0	0.0
locomo:conv-41:qa13	temporal	When did Maria's grandmother pass away?	The week before 6 March 2023	27 February 2023 - 5 March 2023	0.3636363636363636	0.3636363636363636	27 February 2023 - 5 March 2023	0.3636363636363636	0.3636363636363636	27 February 2023 - 5 March 2023	0.3636363636363636	0.3636363636363636	27 February 2023 - 5 March 2023	0.3636363636363636	0.3636363636363636
locomo:conv-41:qa130	single-hop	Which activity has John done apart from yoga at the studio?	weight training	kickboxing, weight training, taekwondo	0.6666666666666666	0.6666666666666666	kickboxing, taekwondo, weight training	0.6666666666666666	0.6666666666666666	kickboxing, weight training, circuit training	0.5714285714285715	0.5714285714285715	kickboxing, weight training, taekwondo	0.6666666666666666	0.6666666666666666
locomo:conv-41:qa131	single-hop	What community service did Maria mention that she was involved in on 31 July, 2023?	volunteered at a homeless shelter	volunteering at a homeless shelter	1.0	1.0	volunteering at the shelter	0.8571428571428571	0.8571428571428571	volunteering at a homeless shelter	1.0	1.0	volunteering at the shelter	0.8571428571428571	0.8571428571428571
locomo:conv-41:qa132	single-hop	How did Maria start volunteering at the homeless shelter?	Witnessed a family struggling on the streets and reached out to the shelter	Maria reached out to the shelter to ask if they needed volunteers.	0.39999999999999997	0.39999999999999997	Maria reached out to the shelter and asked if they needed volunteers.	0.4210526315789474	0.4210526315789474	reached out to the shelter to ask if they needed volunteers	0.4210526315789474	0.4210526315789474	reached out to the shelter and asked if they needed volunteers	0.4444444444444444	0.4444444444444444
locomo:conv-41:qa133	single-hop	What did John do the week before August 3, 2023 involving his kids?	Had a meaningful experience at a military memorial	had a meaningful experience at a military memorial	1.0	1.0	went to a military memorial	0.4	0.4	had a meaningful experience at a military memorial	1.0	1.0	went to a military memorial	0.4	0.4
locomo:conv-41:qa134	single-hop	How did John describe his kids' reaction at the military memorial?	awestruck and humbled	awestruck and humbled	1.0	1.0	awestruck and humbled	1.0	1.0	awestruck and humbled	1.0	1.0	awestruck and humbled	1.0	1.0
locomo:conv-41:qa135	single-hop	Why does Maria think it's important for younger generations to visit military memorials?	To remember and appreciate those who served	to remember and appreciate veterans	0.6	0.6	to remember and appreciate veterans	0.6	0.6	to remember and appreciate veterans	0.6	0.6	to remember and appreciate veterans	0.6	0.6
locomo:conv-41:qa136	single-hop	What does John believe is important for children regarding veterans?	Teaching them to respect and appreciate those who served	to respect and appreciate veterans	0.5	0.5	to learn about veterans	0.16666666666666666	0.16666666666666666	to respect and appreciate veterans	0.5	0.5	to learn about veterans	0.16666666666666666	0.16666666666666666
locomo:conv-41:qa137	single-hop	What happened to John's job in August 2023?	John lost his job at the mechanical engineering company.	lost his job at the mechanical engineering company	0.9333333333333333	0.9333333333333333	John lost his job at the mechanical engineering company.	1.0	1.0	lost his job	0.5454545454545454	0.5454545454545454	lost his job at a mechanical engineering company	0.9333333333333333	0.9333333333333333
locomo:conv-41:qa138	single-hop	What activity did Maria take up with her friends from church in August 2023?	community work	community work	1.0	1.0	community work	1.0	1.0	community work	1.0	1.0	community work	1.0	1.0
locomo:conv-41:qa139	single-hop	What did John do to help his community last year in his hometown?	Helped renovate a rundown community center.	renovated a rundown community center	0.888888888888889	0.888888888888889	renovated a rundown community center	0.888888888888889	0.888888888888889	renovated a rundown community center	0.888888888888889	0.888888888888889	renovated a rundown community center	0.888888888888889	0.888888888888889
locomo:conv-41:qa14	open-domain	Would John be considered a patriotic person?	Yes	likely yes	0.6666666666666666	0.6666666666666666	likely yes	0.6666666666666666	0.6666666666666666	likely yes	0.6666666666666666	0.6666666666666666	likely yes	0.6666666666666666	0.6666666666666666
locomo:conv-41:qa140	single-hop	What cause did the 5K charity run organized by John support?	veterans and their families	veterans and their families	1.0	1.0	veterans and their families	1.0	1.0	veterans	0.5	0.5	veterans	0.5	0.5
locomo:conv-41:qa141	single-hop	Who did John work with to raise awareness and funds for victims of domestic abuse?	a local organization	a local organization	1.0	1.0	Maria	0.0	0.0	a local organization	1.0	1.0	Maria	0.0	0.0
locomo:conv-41:qa142	single-hop	What recognition did Maria receive at the homeless shelter in August 2023?	a medal for volunteering	a medal	0.5	0.5	a medal	0.5	0.5	a medal	0.5	0.5	a medal	0.5	0.5
locomo:conv-41:qa143	single-hop	What is the name of Maria's puppy she got two weeks before August 11, 2023?	Coco	Coco	1.0	1.0	Coco	1.0	1.0	Coco	1.0	1.0	Coco	1.0	1.0
locomo:conv-41:qa144	single-hop	What activity did John and Max enjoy together last summer?	Camping	camping, hiking, swimming	0.5	0.5	camping	1.0	1.0	camping,hiking,swimming	0.0	0.5	hiking,swimming	0.0	0.0
locomo:conv-41:qa145	single-hop	How does John describe the camping trip with Max?	Peaceful and awesome	awesome way to get away from it all, restarted his mind and spirit, peaceful moments, quality time, chill	0.21052631578947367	0.21052631578947367	peaceful and awesome	1.0	1.0	awesome, peaceful, restarted his mind and spirit, appreciated the peaceful moments, found the little things in life, took quality time, chill	0.19999999999999998	0.19999999999999998	peaceful and awesome	1.0	1.0
locomo:conv-41:qa146	single-hop	Why does John say he feels stuck and questioning his decisions and goals?	Not feeling like making much of an impact	exploring options to channel his energy	0.0	0.0	John has been experiencing tough times lately and feels stumped about making an impact.	0.3157894736842105	0.3157894736842105	exploring options to channel his energy	0.0	0.0	He has been experiencing tough times lately and feels stumped about making an impact.	0.3157894736842105	0.3157894736842105
locomo:conv-41:qa147	single-hop	What is the name of Maria's second puppy?	Shadow	Shadow	1.0	1.0	Shadow	1.0	1.0	Shadow	1.0	1.0	Shadow	1.0	1.0
locomo:conv-41:qa148	single-hop	How is Maria's new puppy adjusting to its new home?	doing great - learning commands and house training	doing great	0.5	0.5	learning commands and house training	0.8	0.8	doing great	0.5	0.5	learning commands and house training	0.8	0.8
locomo:conv-41:qa149	single-hop	What is John currently doing as a volunteer in August 2023?	mentoring students at a local school	volunteering as a mentor for a local school	0.5454545454545454	0.5454545454545454	volunteering as a mentor for a local school	0.5454545454545454	0.5454545454545454	volunteering as a mentor for a local school	0.5454545454545454	0.5454545454545454	volunteering as a mentor for a local school	0.5454545454545454	0.5454545454545454
locomo:conv-41:qa15	multi-hop	What writing classes has Maria taken?	Poetry, creative writing	creative writing class, poetry class	0.7333333333333334	0.7333333333333334	creative writing class, poetry class	0.7333333333333334	0.7333333333333334	creative writing,class,personal poetry	0.8333333333333333	0.8333333333333333	creative writing,class,personal poetry	0.8333333333333333	0.8333333333333333
locomo:conv-41:qa150	single-hop	What activities does John's family enjoy doing together?	going for hikes, hanging out at the park, having picnics, playing board games, having movie nights	climbing, sliding, playing games, swinging, having a picnic, attending live music events, going to the park, attending boot camps, enjoying violin concerts, playing board games, having movie nights	0.4878048780487804	0.4878048780487804	climbing, sliding, playing games, riding swings, having picnics, attending violin concerts, going to live music events, working out at boot camps, hiking, enjoying arts and crafts	0.4	0.4	climbing, sliding, playing games, swinging, having a picnic, attending live music events, attending boot camps, hiking, movie nights, playing board games	0.4571428571428572	0.4571428571428572	climbing, sliding, playing games, riding swings, having picnics, violin concerts, boot camps, live music events, arts and crafts, hiking	0.303030303030303	0.303030303030303
locomo:conv-41:qa151	single-hop	What did the donations help John's community acquire on 16 August, 2023?	a brand new fire truck	a brand new fire truck	1.0	1.0	a brand new fire truck	1.0	1.0	a brand new fire truck	1.0	1.0	a brand new fire truck	1.0	1.0
locomo:conv-41:qa16	temporal	When did John get his degree?	The week before 2 April 2023	20 March 2023 - 26 March 2023	0.1818181818181818	0.1818181818181818	20 March 2023 - 26 March 2023	0.1818181818181818	0.1818181818181818	20 March 2023 - 26 March 2023	0.1818181818181818	0.1818181818181818	the week before 2 April 2023	1.0	1.0
locomo:conv-41:qa17	open-domain	What might John's degree be in?	Political science, Public administration, Public affairs	mechanical engineering	0.0	0.0	education or infrastructure related field	0.0	0.0	education or mechanical engineering	0.0	0.0	education or infrastructure policy	0.0	0.0
locomo:conv-41:qa18	multi-hop	Who did John go to yoga with?	Rob	a colleague	0.0	0.0	a colleague	0.0	0.0	a colleague	0.0	0.0	a colleague	0.0	0.0
locomo:conv-41:qa19	multi-hop	What damages have happened to John's car?	Broken windshield, Car broke down	broke down, damaged from potholes	0.4	0.4	damaging to cars	0.16666666666666666	0.16666666666666666	broke down,damaged	0.4	0.4	potholes, car trouble	0.2	0.2
locomo:conv-41:qa2	multi-hop	What martial arts has John done?	Kickboxing, Taekwondo	kickboxing, taekwondo	1.0	1.0	kickboxing, taekwondo	1.0	1.0	kickboxing, taekwondo	1.0	1.0	kickboxing, taekwondo	1.0	1.0
locomo:conv-41:qa20	temporal	When did John take a road trip to the Pacific Northwest?	2022	the year before 10 April 2023	0.0	0.0	the year before 10 April 2023	0.0	0.0	the year before 10 April 2023	0.0	0.0	the year before 10 April 2023	0.0	0.0
locomo:conv-41:qa21	multi-hop	What areas of the U.S. has John been to or is planning to go to?	Pacific northwest, east coast	Pacific Northwest, East Coast	1.0	1.0	Pacific Northwest, East Coast	1.0	1.0	Pacific Northwest, East Coast	1.0	1.0	Pacific Northwest, East Coast	1.0	1.0
locomo:conv-41:qa22	temporal	When did John go to a convention with colleagues?	March 2023	March 2023	1.0	1.0	March 2023	1.0	1.0	March 2023	1.0	1.0	March 2023	1.0	1.0
locomo:conv-41:qa23	multi-hop	What desserts has Maria made?	Banana split sundae, Peach cobbler	peach cobbler, banana split sundae, cakes	1.0	1.0	peach cobbler, banana split sundae	1.0	1.0	peach cobbler,cakes	0.5	0.5	peach cobbler, banana split sundae	1.0	1.0
locomo:conv-41:qa24	temporal	When did John start boot camp with his family?	April.2023	the month before 4 May 2023	0.0	0.0	the month before 4 May 2023	0.0	0.0	the month before 4 May 2023	0.0	0.0	the month before 4 May 2023	0.0	0.0
locomo:conv-41:qa25	multi-hop	What European countries has Maria been to?	Spain, England	England, Spain	1.0	1.0	Spain, England	1.0	1.0	England, Spain	1.0	1.0	Spain,London	0.5	0.5
locomo:conv-41:qa26	multi-hop	What has Maria done to feel closer to her faith?	Join a local church, buy a cross necklace	joined a nearby church	0.3333333333333333	0.3333333333333333	joined a church	0.4	0.4	joined a nearby church	0.3333333333333333	0.3333333333333333	joined a church	0.4	0.4
locomo:conv-41:qa27	temporal	When did John have a party with veterans?	The Friday before 20 May 2023	the week before 20 May 2023	0.8000000000000002	0.8000000000000002	the week before 20 May 2023	0.8000000000000002	0.8000000000000002	the week before 20 May 2023	0.8000000000000002	0.8000000000000002	the weekend before 20 May 2023	0.8000000000000002	0.8000000000000002
locomo:conv-41:qa28	multi-hop	What causes does John feel passionate about supporting?	Veterans, schools, infrastructure	education, infrastructure, veterans, their rights	0.6666666666666666	0.6666666666666666	education reform, infrastructure development, veterans, community support	0.5555555555555555	0.5555555555555555	education, infrastructure, veterans, their rights	0.6666666666666666	0.6666666666666666	education, infrastructure, veterans, community improvement	0.6666666666666666	0.6666666666666666
locomo:conv-41:qa29	multi-hop	What events is Maria planning for the homeless shelter funraiser?	Chili cook-off, ring-toss tournament	ring-toss tournament,chili cook-off	1.0	1.0	ring-toss tournament,chili cook-off	1.0	1.0	ring-toss tournament,chili cook-off	1.0	1.0	ring-toss tournament,chili cook-off	1.0	1.0
locomo:conv-41:qa3	multi-hop	What type of volunteering have John and Maria both done?	Volunteering at a homeless shelter	volunteering at a homeless shelter	1.0	1.0	volunteering at a homeless shelter	1.0	1.0	volunteering at a homeless shelter	1.0	1.0	volunteering at a homeless shelter	1.0	1.0
locomo:conv-41:qa30	multi-hop	What shelters does Maria volunteer at?	The homeless shelter, the dog shelter	homeless shelter, dog shelter	1.0	1.0	homeless shelter, local dog shelter	0.9	0.9	homeless shelter, dog shelter	1.0	1.0	homeless shelter, local dog shelter	0.9	0.9
locomo:conv-41:qa31	temporal	When did John get his dog Max?	In 2013	the summer before 11 August 2023	0.0	0.0	the summer before 11 August 2023; 1 June 2022 - 31 August 2022	0.0	0.0	the summer before 11 August 2023	0.0	0.0	the summer before 11 August 2023	0.0	0.0
locomo:conv-41:qa32	multi-hop	What outdoor activities has John done with his colleagues?	Hiking, mountaineering	hiking, camping, mountaineering	1.0	1.0	mountaineering trip	0.3333333333333333	0.3333333333333333	hiking, camping	0.5	0.5	mountaineering trip,camping	0.3333333333333333	0.3333333333333333
locomo:conv-41:qa33	multi-hop	What types of yoga has Maria practiced?	Aerial, kundalini	aerial yoga, kundalini yoga	0.6666666666666666	0.6666666666666666	aerial yoga, kundalini yoga	0.6666666666666666	0.6666666666666666	aerial yoga,kundalini yoga	0.6666666666666666	0.6666666666666666	aerial yoga,kundalini yoga	0.6666666666666666	0.6666666666666666
locomo:conv-41:qa34	temporal	When did Maria join a gym?	The week before 16 June 2023	5 June 2023 - 11 June 2023	0.3636363636363636	0.3636363636363636	the week before 16 June 2023	1.0	1.0	the week before 16 June 2023	1.0	1.0	the week before 16 June 2023	1.0	1.0
locomo:conv-41:qa35	multi-hop	What states has Maria vacationed at?	Oregon, Florida	Spain, England, Florida, California, Oregon	1.0	1.0	Florida, California, Oregon, England, Spain	1.0	1.0	Spain, Florida, California	0.5	0.5	Florida, California, Oregon, England, Spain	1.0	1.0
locomo:conv-41:qa36	multi-hop	What music events has John attended?	Live music event, violin concert	violin concert, live music event	1.0	1.0	violin concert, live music event	1.0	1.0	violin concert,live music event	1.0	1.0	violin concert, live music event	1.0	1.0
locomo:conv-41:qa37	multi-hop	What events for veterans has John participated in?	Petition, march, party, visiting veterans hospital, 5K charity run	marching event for veterans' rights, community event to raise money for a good cause, 5K charity run	0.3166666666666667	0.3166666666666667	shared stories, attended a marching event, visited a veteran's hospital, participated in a 5K charity run	0.45	0.45	marching event,veteran's hospital,5K charity run	0.49333333333333335	0.49333333333333335	sharing stories, attending a boot camp, visiting a veteran's hospital, participating in a marching event, organizing an event, setting up a 5K charity run	0.43	0.43
locomo:conv-41:qa38	temporal	When did Maria get in a car accident?	July 2, 2023	2 July 2023	1.0	1.0	2 July 2023	1.0	1.0	the day before 3 July 2023	0.5	0.5	the day before 3 July 2023	0.5	0.5
locomo:conv-41:qa39	open-domain	Around which US holiday did Maria get into a car accident?	Independence Day	Independence Day	1.0	1.0	Independence Day	1.0	1.0	2 July 2023	0.0	0.0	insufficient information	0.0	0.0
locomo:conv-41:qa4	temporal	When did John join the online support group?	The week before 1 January 2023	the week before 1 January 2023; 19 December 2022 - 25 December 2022	0.625	0.625	19 December 2022 - 25 December 2022	0.0	0.0	the week before 1 January 2023	1.0	1.0	the week before 1 January 2023	1.0	1.0
locomo:conv-41:qa40	multi-hop	What are the names of John's children?	Kyle, Sara	Kyle	0.5	0.5	Kyle	0.5	0.5	Kyle	0.5	0.5	Kyle	0.5	0.5
locomo:conv-41:qa41	open-domain	Does John live close to a beach or the mountains?	beach	beach	1.0	1.0	beach	1.0	1.0	likely yes	0.0	0.0	likely yes	0.0	0.0
locomo:conv-41:qa42	multi-hop	What area was hit by a flood?	West County	his old area	0.0	0.0	his old area	0.0	0.0	John's old area	0.0	0.0	John's old area	0.0	0.0
locomo:conv-41:qa43	temporal	When was John's old area hit with a flood?	The week before 7 July 2023	26 June 2023 - 2 July 2023	0.3636363636363636	0.3636363636363636	26 June 2023 - 2 July 2023	0.3636363636363636	0.3636363636363636	26 June 2023 - 2 July 2023	0.3636363636363636	0.3636363636363636	26 June 2023 - 2 July 2023	0.3636363636363636	0.3636363636363636
locomo:conv-41:qa44	multi-hop	What activities has Maria done with her church friends?	Hiking, picnic, volunteer work	camping, picnic, hiking	0.6666666666666666	0.6666666666666666	camping, having a picnic, playing games, hiking	0.5555555555555555	0.5555555555555555	camping,hiking,playing games	0.3333333333333333	0.3333333333333333	camping,hiking,playing games,playing charades,having a picnic	0.5555555555555555	0.5555555555555555
locomo:conv-41:qa45	open-domain	Would John be open to moving to another country?	No, he has goals specifically in the U.S. like joining the military and running for office.	likely yes	0.13333333333333336	0.13333333333333336	insufficient information	0.0	0.0	likely yes	0.13333333333333336	0.13333333333333336	likely no	0.2666666666666667	0.2666666666666667
locomo:conv-41:qa46	temporal	When did Maria go hiking with her church friends?	The weekend before 22 July 2023	the weekend before 22 July 2023; 15 July 2023 - 16 July 2023	0.625	0.625	the weekend before 22 July 2023; 15 July 2023 - 16 July 2023	0.625	0.625	the weekend before 22 July 2023	1.0	1.0	the weekend before 22 July 2023	1.0	1.0
locomo:conv-41:qa47	multi-hop	What exercises has John done?	Weight training, Circuit training, Kickboxing, yoga	kickboxing, taekwondo, yoga, weight training, boot camps, rock climbing	0.875	0.875	kickboxing, taekwondo, yoga, weight training, boot camps	0.875	0.875	kickboxing, taekwondo, yoga, weight training, boot camps	0.875	0.875	kickboxing, taekwondo, yoga, weight training, boot camps	0.875	0.875
locomo:conv-41:qa48	temporal	When did John have his first firefighter call-out?	The sunday before 3` July 2023	30 July 2023	0.5	0.5	the Sunday before 31 July 2023	0.8000000000000002	0.8000000000000002	the Sunday before 31 July 2023	0.8000000000000002	0.8000000000000002	the Sunday before 31 July 2023	0.8000000000000002	0.8000000000000002
locomo:conv-41:qa49	multi-hop	What food item did Maria drop off at the homeless shelter?	Cakes	cakes	1.0	1.0	cakes	1.0	1.0	cakes	1.0	1.0	cakes	1.0	1.0
locomo:conv-41:qa5	temporal	When did Maria go to the beach?	December 2022	December 2022, June 2023	0.6666666666666666	0.6666666666666666	December 2022, 2022	0.8	0.8	the weekend before 12 June 2023	0.0	0.0	December 2022	1.0	1.0
locomo:conv-41:qa50	open-domain	What attributes describe John?	Selfless, family-oriented, passionate, rational	creative, dedicated, committed, passionate, adaptable, respectful, persevering, determined, appreciative, inspiring, fulfilled, positive, encouraging	0.11764705882352941	0.11764705882352941	helpful, kind, optimistic, dedicated, committed, passionate, respectful, inspired, driven, supportive, family-oriented, community-minded	0.25	0.25	dedication,commitment,passion,perseverance,determination,adaptability,respect,fulfillment,positivity	0.0	0.15384615384615383	helping the community,dedication,commitment,passion for veterans,positive attitude,perseverance	0.0	0.14285714285714288
locomo:conv-41:qa51	temporal	When did Maria start volunteering at the homeless shelter?	Around August 2022	a year before 3 August 2023	0.25	0.25	a year before 3 August 2023	0.25	0.25	a year before 3 August 2023	0.25	0.25	a year before 3 August 2023	0.25	0.25
locomo:conv-41:qa52	multi-hop	Who have written notes of gratitude to Maria?	Cindy, Laura	Laura,Cindy	1.0	1.0	Laura, Cindy	1.0	1.0	Laura,Cindy	1.0	1.0	Laura,Cindy	1.0	1.0
locomo:conv-41:qa53	temporal	When did John help renovate his hometown community center?	2022	the year before 5 August 2023; 2022	0.2857142857142857	0.2857142857142857	the year before 5 August 2023; 2022	0.2857142857142857	0.2857142857142857	the year before 5 August 2023	0.0	0.0	the year before 5 August 2023	0.0	0.0
locomo:conv-41:qa54	temporal	When did Maria take up community work with her church friends?	August 4, 2023	4 August 2023	1.0	1.0	4 August 2023	1.0	1.0	4 August 2023	1.0	1.0	4 August 2023	1.0	1.0
locomo:conv-41:qa55	temporal	When did Maria receive a medal from the homeless shelter?	The week before 9 August 2023	the week before 9 August 2023	1.0	1.0	the week before 9 August 2023	1.0	1.0	the week before 9 August 2023	1.0	1.0	the week before 9 August 2023	1.0	1.0
locomo:conv-41:qa56	temporal	When did John participate in a 5K charity run?	first weekend of August 2023	the weekend before 9 August 2023; 5 August 2023 - 6 August 2023	0.37499999999999994	0.37499999999999994	the weekend before 9 August 2023; 5 August 2023 - 6 August 2023	0.37499999999999994	0.37499999999999994	the weekend before 9 August 2023	0.6	0.6	the weekend before 9 August 2023	0.6	0.6
locomo:conv-41:qa57	multi-hop	What causes has John done events for?	Toy drive, Community food drive, veterans, domestic violence	kids in need, veterans, education reform, infrastructure development, domestic abuse	0.375	0.375	kids in need, homeless, people who lost their jobs, veterans, domestic abuse	0.375	0.375	kids in need,veterans,families of veterans,victims of domestic abuse	0.3333333333333333	0.3333333333333333	kids in need,veterans,domestic abuse	0.375	0.375
locomo:conv-41:qa58	temporal	When did Maria get Coco?	Two weeks before 11 August 2023	24 July 2023 - 30 July 2023	0.16666666666666666	0.16666666666666666	24 July 2023 - 30 July 2023	0.16666666666666666	0.16666666666666666	24 July 2023 - 30 July 2023	0.16666666666666666	0.16666666666666666	24 July 2023 - 30 July 2023	0.16666666666666666	0.16666666666666666
locomo:conv-41:qa59	temporal	When did John go on a camping trip with Max?	The summer of 2022	last summer	0.4	0.4	last summer	0.4	0.4	the summer before 11 August 2023	0.25	0.25	the summer before 11 August 2023	0.25	0.25
locomo:conv-41:qa6	multi-hop	Where has Maria made friends?	homeless shelter, gym, church	volunteering, church, gym	0.6666666666666666	0.6666666666666666	volunteering, church, gym	0.6666666666666666	0.6666666666666666	volunteering, church, gym	0.6666666666666666	0.6666666666666666	volunteering, church, gym	0.6666666666666666	0.6666666666666666
locomo:conv-41:qa60	multi-hop	What are Maria's dogs' names?	Coco, Shadow	Coco, Shadow	1.0	1.0	Coco, Shadow	1.0	1.0	Coco, Shadow	1.0	1.0	Coco, Shadow	1.0	1.0
locomo:conv-41:qa61	temporal	When did Maria adopt Shadow?	The week before 13 August 2023	the week before 13 August 2023	1.0	1.0	31 July 2023 - 6 August 2023	0.3636363636363636	0.3636363636363636	the week before 13 August 2023	1.0	1.0	the week before 13 August 2023	1.0	1.0
locomo:conv-41:qa62	multi-hop	How many dogs has Maria adopted from the dog shelter she volunteers at?	two	2	0.0	0.0	2	0.0	0.0	2	0.0	0.0	2	0.0	0.0
locomo:conv-41:qa63	temporal	How many weeks passed between Maria adopting Coco and Shadow?	two weeks	2	0.0	0.0	2	0.0	0.0	2	0.0	0.0	2	0.0	0.0
locomo:conv-41:qa64	open-domain	What job might Maria pursue in the future?	Shelter coordinator, Counselor	volunteering	0.0	0.0	volunteering	0.0	0.0	volunteering	0.0	0.0	volunteering	0.0	0.0
locomo:conv-41:qa65	single-hop	What is John's main focus in local politics?	Improving education and infrastructure	education and infrastructure	0.8	0.8	improving education and infrastructure	1.0	1.0	education and infrastructure	0.8	0.8	improving education and infrastructure	1.0	1.0
locomo:conv-41:qa66	single-hop	What sparked John's interest in improving education and infrastructure in the community?	Seeing how lack of education and crumbling infrastructure affected his neighborhood while growing up.	the lack of education and crumbling infrastructure in his neighborhood	0.6666666666666667	0.6666666666666667	unemployment in the community	0.0	0.0	lack of education and crumbling infrastructure in his neighborhood	0.6666666666666667	0.6666666666666667	unemployment in the community	0.0	0.0
locomo:conv-41:qa67	single-hop	How did the extra funding help the school shown in the photo shared by John?	Enabled needed repairs and renovations, making the learning environment safer and more modern for students.	enabled needed repairs and renovations, made the learning environment safer, made the learning environment more modern	0.7199999999999999	0.7199999999999999	enabled needed repairs and renovations, made the learning environment safer, made the learning environment more modern	0.7199999999999999	0.7199999999999999	repairs, renovations, safety, modernity	0.375	0.375	safer,more modern	0.14285714285714285	0.4
locomo:conv-41:qa68	single-hop	What type of workout class did Maria start doing in December 2023?	aerial yoga	aerial yoga	1.0	1.0	aerial yoga	1.0	1.0	aerial yoga	1.0	1.0	aerial yoga	1.0	1.0
locomo:conv-41:qa69	single-hop	What did Maria donate to a homeless shelter in December 2023?	old car	insufficient information	0.0	0.0	insufficient information	0.0	0.0	old car	1.0	1.0	old car	1.0	1.0
locomo:conv-41:qa7	multi-hop	What items des John mention having as a child?	A doll, a film camera	a film camera, a little doll	0.8333333333333333	0.8333333333333333	film camera	0.5	0.5	a film camera,a doll	1.0	1.0	film camera	0.5	0.5
locomo:conv-41:qa70	single-hop	What kind of meal did John and his family make together in the photo shared by John?	pizza	pizza	1.0	1.0	pizza	1.0	1.0	pizza	1.0	1.0	pizza	1.0	1.0
locomo:conv-41:qa71	single-hop	What kind of online group did John join?	service-focused online group	service-focused	0.5	0.5	service-focused	0.5	0.5	service-focused	0.5	0.5	service-focused	0.5	0.5
locomo:conv-41:qa72	single-hop	What kind of activities did John and his mates from the online group do as part of their service efforts?	gave out food and supplies at a homeless shelter, organized a toy drive for kids in need	giving out food and supplies, toy drive for kids in need	0.75	0.75	held events, met people, spread joy, gave out food and supplies, organized a toy drive	0.5185185185185186	0.5185185185185186	kickboxing, taekwondo, community food drive, toy drive, veterans support project, virtual support group, 5K charity run	0.19999999999999998	0.19999999999999998	giving out food and supplies,toy drive,food drive for people who lost their jobs	0.30769230769230765	0.42857142857142855
locomo:conv-41:qa73	single-hop	Who inspired Maria to start volunteering?	Her aunt	aunt	0.6666666666666666	0.6666666666666666	insufficient information	0.0	0.0	aunt,John	0.0	0.5	insufficient information	0.0	0.0
locomo:conv-41:qa74	single-hop	Why did Maria sit with the little girl at the shelter event in February 2023?	The girl seemed sad and had no other family	to give comfort and a listening ear	0.0	0.0	to give the little girl some comfort	0.15384615384615383	0.15384615384615383	to give her comfort and a listening ear	0.0	0.0	to give the little girl some comfort	0.15384615384615383	0.15384615384615383
locomo:conv-41:qa75	single-hop	What did Jean go through before meeting Maria?	divorce, job loss, homelessness	a divorce	0.4	0.4	a divorce	0.4	0.4	divorce, homelessness	0.6666666666666666	0.6666666666666666	divorce	0.4	0.4
locomo:conv-41:qa76	single-hop	Why did John decide to run for office again?	saw the impact he could make in the community through politics	to make an impact	0.3333333333333333	0.3333333333333333	Unemployment in the community was the reason behind John's decision to start the initiative.	0.19999999999999998	0.19999999999999998	to make an impact	0.3333333333333333	0.3333333333333333	to make an impact	0.3333333333333333	0.3333333333333333
locomo:conv-41:qa77	single-hop	What activity did John's colleague, Rob, invite him to?	beginner's yoga class	insufficient information	0.0	0.0	insufficient information	0.0	0.0	insufficient information	0.0	0.0	insufficient information	0.0	0.0
locomo:conv-41:qa78	single-hop	What is the name of John's one-year-old child?	Kyle	Kyle	1.0	1.0	Kyle	1.0	1.0	Kyle	1.0	1.0	Kyle	1.0	1.0
locomo:conv-41:qa79	single-hop	How often does John take his kids to the park?	A few times a week	a few times a week	1.0	1.0	a few times a week	1.0	1.0	a few times a week	1.0	1.0	a few times a week	1.0	1.0
locomo:conv-41:qa8	open-domain	What might John's financial status be?	Middle-class or wealthy	struggling	0.0	0.0	struggling	0.0	0.0	struggling	0.0	0.0	struggling	0.0	0.0
locomo:conv-41:qa80	single-hop	What did Maria make for her home to remind her of a trip to England?	painting of a castle on a hill	a painting of a castle on a hill	1.0	1.0	a painting of a castle on a hill	1.0	1.0	a painting of a castle on a hill	1.0	1.0	a painting of a castle on a hill	1.0	1.0
locomo:conv-41:qa81	single-hop	Where did Maria get the idea for the castle shadow box in her home?	England	a trip to England a few years ago	0.2857142857142857	0.2857142857142857	a trip to England	0.5	0.5	England	1.0	1.0	England	1.0	1.0
locomo:conv-41:qa82	single-hop	What did John receive a certificate for?	completion of a university degree	insufficient information	0.0	0.0	insufficient information	0.0	0.0	insufficient information	0.0	0.0	insufficient information	0.0	0.0
locomo:conv-41:qa83	single-hop	What areas is John particularly interested in for policymaking?	education and infrastructure	education, infrastructure	1.0	1.0	education, infrastructure	1.0	1.0	education, infrastructure	1.0	1.0	education, infrastructure	1.0	1.0
locomo:conv-41:qa84	single-hop	What did Maria participate in last weekend before April 10, 2023?	a 5K charity run	5K charity run	1.0	1.0	5K charity run	1.0	1.0	5K charity run	1.0	1.0	5K charity run	1.0	1.0
locomo:conv-41:qa85	single-hop	What event did John volunteer at last weekend?	career fair at a local school	community event to raise money for a good cause	0.0	0.0	career fair	0.5714285714285715	0.5714285714285715	community event	0.0	0.0	career fair	0.5714285714285715	0.5714285714285715
locomo:conv-41:qa86	single-hop	What did John do that put a strain on his wallet?	His car broke down	car trouble	0.3333333333333333	0.3333333333333333	car trouble	0.3333333333333333	0.3333333333333333	car trouble	0.3333333333333333	0.3333333333333333	car trouble	0.3333333333333333	0.3333333333333333
locomo:conv-41:qa87	single-hop	Where did John explore on a road trip last year?	Pacific Northwest	the coast up in the Pacific Northwest, some cool national parks	0.3636363636363636	0.3636363636363636	the coast up in the Pacific Northwest, some cool national parks	0.3636363636363636	0.3636363636363636	the Pacific Northwest	1.0	1.0	the coast up in the Pacific Northwest and some cool national parks	0.3636363636363636	0.3636363636363636
locomo:conv-41:qa88	single-hop	What topic has John been blogging about recently?	politics and the government	politics and the government	1.0	1.0	politics and the government	1.0	1.0	politics and the government	1.0	1.0	politics and the government	1.0	1.0
locomo:conv-41:qa89	single-hop	Why did John start blogging about politics and policies?	raise awareness and start conversations to create positive change	to raise awareness and start conversations	0.7692307692307693	0.7692307692307693	to raise awareness and start conversations	0.7692307692307693	0.7692307692307693	to raise awareness and start conversations	0.7692307692307693	0.7692307692307693	to raise awareness and start conversations	0.7692307692307693	0.7692307692307693
locomo:conv-41:qa9	multi-hop	Who gave Maria's family money when she was younger and her family was going through tough times?	Her aunt	insufficient information	0.0	0.0	insufficient information	0.0	0.0	insufficient information	0.0	0.0	insufficient information	0.0	0.0
locomo:conv-41:qa90	single-hop	What was the focus of John's recent research and writing on his blog?	education reform and infrastructure development	education reform and infrastructure development	1.0	1.0	education reform and infrastructure development	1.0	1.0	education reform and infrastructure development	1.0	1.0	education reform and infrastructure development	1.0	1.0
locomo:conv-41:qa91	temporal	What did John attend with his colleagues in March 2023?	a tech-for-good convention	a convention	0.6666666666666666	0.6666666666666666	a convention	0.6666666666666666	0.6666666666666666	a convention	0.6666666666666666	0.6666666666666666	a convention	0.6666666666666666	0.6666666666666666
locomo:conv-41:qa92	single-hop	How often does John work out with his family?	Three times a week	three times a week	1.0	1.0	three times a week	1.0	1.0	three times a week	1.0	1.0	3	0.0	0.0
locomo:conv-41:qa93	single-hop	How has John's fitness improved since starting boot camps with his family?	More energy, gains in strength and endurance	gains in strength and endurance	0.8	0.8	more energy,gains in strength and endurance	0.7272727272727272	1.0	gains in strength and endurance	0.8	0.8	more energy and gains in strength and endurance	1.0	1.0
locomo:conv-41:qa94	single-hop	What kind of food did Maria have on her dinner spread iwth her mother?	Salads, sandwiches, homemade desserts	dinner	0.0	0.0	salads, sandwiches, homemade desserts	1.0	1.0	variety of food	0.0	0.0	salads,sandwiches,homemade desserts	0.3333333333333333	1.0
locomo:conv-41:qa95	single-hop	What activity did Maria and her mom do together in May 2023?	Made dinner together	made dinner	0.8	0.8	had dinner	0.4	0.4	made dinner	0.8	0.8	had dinner	0.4	0.4
locomo:conv-41:qa96	single-hop	What did Maria do to feel closer to a community and her faith?	joined a nearby church	joined a nearby church	1.0	1.0	joined a church	0.8	0.8	joined a nearby church	1.0	1.0	joined a church	0.8	0.8
locomo:conv-41:qa97	single-hop	Why did Maria join a nearby church recently?	to feel closer to a community and her faith	to feel closer to a community and her faith	1.0	1.0	to feel closer to a community and her faith	1.0	1.0	to feel closer to a community and her faith	1.0	1.0	to feel closer to a community and her faith	1.0	1.0
locomo:conv-41:qa98	single-hop	What did John host for the veterans in May 2023 as part of the project?	a small party to share their stories	worked on a project to support veterans	0.16666666666666666	0.16666666666666666	a project to support veterans	0.2	0.2	worked on a project to support veterans	0.16666666666666666	0.16666666666666666	shared stories	0.5	0.5
locomo:conv-41:qa99	single-hop	What did John and the veterans do during the small party?	share stories and make connections	insufficient information	0.0	0.0	insufficient information	0.0	0.0	insufficient information	0.0	0.0	insufficient information	0.0	0.0
locomo:conv-42:qa0	open-domain	Is it likely that Nate has friends besides Joanna?	Yesteammates on hisvideo game team.	likely yes	0.0	0.0	likely yes	0.0	0.0	likely yes	0.0	0.0	likely yes	0.0	0.0
locomo:conv-42:qa1	multi-hop	What kind of interests do Joanna and Nate share?	Watching movies, making desserts	writing, cooking, gaming, pets	0.0	0.0	writing, cooking, turtles, gaming	0.0	0.0	writing, cooking, turtles	0.0	0.0	writing, cooking, turtles, gaming	0.0	0.0
locomo:conv-42:qa10	multi-hop	What emotions is Joanna feeling about  the screenplay she submitted?	Relief, excitement,worry, hope,anxiety.	relief, excitement, anxiety	0.6	0.6	relief, excitement, some anxiety	0.5333333333333333	0.5333333333333333	relief, excitement, anxiety, hope, doubt, terror	0.8	0.8	relief, excitement, anxiety	0.6	0.6
locomo:conv-42:qa100	single-hop	For how long has Nate had his turtles?	3 years	since he was a boy	0.0	0.0	3 years	1.0	1.0	since 31 October 2022	0.0	0.0	3	0.6666666666666666	0.6666666666666666
locomo:conv-42:qa101	single-hop	What did Nate think of the coconut milk ice cream he made?	Super good, rich and creamy	pretty good, super good, rich and creamy, might be his new favorite snack	0.5	0.5	rich and creamy, super good, might be his new favorite snack	0.5714285714285715	0.5714285714285715	pretty good	0.3333333333333333	0.3333333333333333	super good	0.6666666666666666	0.6666666666666666
locomo:conv-42:qa102	single-hop	Which dairy-free dessert flavors does Nate enjoy?	chocolate and mixed berry	chocolate, mixed berry, coconut milk	0.7499999999999999	0.7499999999999999	chocolate, mixed berry, coconut milk	0.7499999999999999	0.7499999999999999	chocolate,mixed berry,coconut milk	0.0	0.7499999999999999	chocolate,mixed berry,coconut milk	0.0	0.7499999999999999
locomo:conv-42:qa103	single-hop	What did Joanna recently watch and recommend to Nate on February 7, 2022?	"""Little Women"""	Little Women	1.0	1.0	Little Women	1.0	1.0	Little Women	1.0	1.0	Little Women	1.0	1.0
locomo:conv-42:qa104	single-hop	"What is ""Little Women"" about according to Joanna?"	Sisterhood, love, and reaching for your dreams	amazing, captivating story, awesome acting	0.0	0.0	sisterhood, love, and reaching for your dreams	1.0	1.0	amazing	0.0	0.0	sisterhood, love, and reaching for your dreams	1.0	1.0
locomo:conv-42:qa105	single-hop	What flavor of ice cream did Nate make for his friend on 25 February, 2022?	chocolate and vanilla swirl	chocolate and vanilla swirl	1.0	1.0	chocolate and vanilla swirl	1.0	1.0	chocolate and vanilla swirl	1.0	1.0	chocolate and vanilla swirl	1.0	1.0
locomo:conv-42:qa106	single-hop	What inspired Joanna's new screenplay on 25 February, 2022?	personal experiences and her own journey of self-discovery	a thirty year old woman on a journey of self-discovery after a loss	0.3529411764705882	0.3529411764705882	her own story	0.4	0.4	a thirty year old woman on a journey of self-discovery after a loss	0.3529411764705882	0.3529411764705882	her own story	0.4	0.4
locomo:conv-42:qa107	single-hop	Why does Nate like turtles as pets?	Their slow pace and calming nature	they are unique, bring joy, make great companions, remind him to slow down, and are cute	0.1	0.1	Nate likes turtles as pets because they bring him joy, provide companionship, and watching them is calming and fascinating.	0.0909090909090909	0.0909090909090909	they are unique, bring joy, and are cute	0.0	0.0	Nate likes turtles as pets because they bring him joy, provide companionship, and help him relax.	0.0	0.0
locomo:conv-42:qa108	single-hop	How does Nate describe the process of taking care of turtles?	Not tough; keep their area clean, feed them properly, give them enough light.	low-maintenance	0.0	0.0	low-maintenance	0.0	0.0	low-maintenance	0.0	0.0	low-maintenance	0.0	0.0
locomo:conv-42:qa109	single-hop	What was Joanna's audition for?	writing gig	a writing gig	1.0	1.0	a writing gig	1.0	1.0	writing gig	1.0	1.0	a writing gig	1.0	1.0
locomo:conv-42:qa11	multi-hop	What is Joanna allergic to?	Most reptiles,animals with fur,cockroaches, dairy	reptiles, animals with fur, certain animals, cockroaches, dairy, a dog named Tilly	0.9166666666666666	0.9166666666666666	reptiles, animals with fur, cockroaches, dairy, turtles	0.9166666666666666	0.9166666666666666	cockroaches,dairy,reptiles,animals with fur,a dog named Tilly	0.9166666666666666	0.9166666666666666	reptiles, animals with fur, cockroaches, dairy, turtles	0.9166666666666666	0.9166666666666666
locomo:conv-42:qa110	single-hop	Why did Nate choose the hair color he did?	Bright and bold - like him	because it's bright and bold	0.5	0.5	because it's bright and bold, like him, and he wanted to stand out from regular options.	0.4444444444444445	0.4444444444444445	to stand out from regular options	0.0	0.0	to stand out from regular options	0.0	0.0
locomo:conv-42:qa111	single-hop	What are the main ingredients of the ice cream recipe shared by Nate?	Coconut milk, vanilla extract, sugar, salt	coconut milk, vanilla extract, sugar, a pinch of salt	0.8571428571428571	0.8571428571428571	coconut milk, vanilla extract, sugar, a pinch of salt	0.8571428571428571	0.8571428571428571	coconut milk,vanilla extract,sugar,pinch of salt	0.3636363636363636	0.8571428571428571	coconut milk, vanilla extract, sugar, salt	1.0	1.0
locomo:conv-42:qa112	single-hop	What is Joanna's project called in the writers group?	"""Finding Home"""	Finding Home	1.0	1.0	Finding Home	1.0	1.0	Finding Home	1.0	1.0	Finding Home	1.0	1.0
locomo:conv-42:qa113	single-hop	What is Nate's favorite genre of movies?	Fantasy and sci-fi	fantasy and sci-fi	1.0	1.0	fantasy and sci-fi	1.0	1.0	sci-fi	0.6666666666666666	0.6666666666666666	sci-fi	0.6666666666666666	0.6666666666666666
locomo:conv-42:qa114	single-hop	What kind of books does Nate enjoy?	Adventures and magic	fantasy book series, books with awesome battles and interesting characters, books Joanna recommends	0.0	0.0	fantasy, sci-fi, adventure, different genres	0.28571428571428575	0.28571428571428575	fantasy, sci-fi, adventure, magic, great characters, world building, battles, storytelling	0.33333333333333337	0.33333333333333337	fantasy, sci-fi, adventure, magic, great characters, world building, battles, storytelling	0.33333333333333337	0.33333333333333337
locomo:conv-42:qa115	single-hop	What kind of films does Joanna enjoy?	Dramas and emotionally-driven films	dramas, romcoms, emotionally-driven films, classics	0.7499999999999999	0.7499999999999999	dramas, romcoms, emotionally-driven films	0.8571428571428571	0.8571428571428571	dramas, romcoms, emotionally-driven films, classics	0.7499999999999999	0.7499999999999999	dramas, romcoms, emotionally-driven films	0.8571428571428571	0.8571428571428571
locomo:conv-42:qa116	single-hop	Which activity helps Nate escape and stimulates his imagination?	watching fantasy and sci-fi movies	playing video games	0.0	0.0	playing video games	0.0	0.0	playing video games	0.0	0.0	playing video games	0.0	0.0
locomo:conv-42:qa117	single-hop	What filling did Joanna use in the cake she made recently in May 2022?	strawberry	dairy-free vanilla and strawberry	0.5	0.5	strawberry	1.0	1.0	dairy-free vanilla and strawberry	0.5	0.5	strawberry	1.0	1.0
locomo:conv-42:qa118	single-hop	What kind of frosting did Joanna use on the cake she made recently in May 2022?	coconut cream	coconut cream	1.0	1.0	coconut cream frosting	0.8	0.8	coconut cream	1.0	1.0	coconut cream frosting	0.8	0.8
locomo:conv-42:qa119	single-hop	What does Nate feel he could do when out in cool places like Whispering Falls?	write a whole movie	get a break from craziness	0.0	0.0	write a whole movie	1.0	1.0	get creative juices flowing	0.0	0.0	enjoy peaceful moments	0.0	0.0
locomo:conv-42:qa12	open-domain	What underlying condition might Joanna have based on her allergies?	asthma	allergies	0.0	0.0	allergic constitution	0.0	0.0	allergies	0.0	0.0	allergy prone	0.0	0.0
locomo:conv-42:qa120	single-hop	What creative activity does Nate joke about pursuing after being inspired by their hikes with Jo?	Start thinking about a drama and publish a screenplay	writing his own screenplay	0.2	0.2	writing his own screenplay	0.2	0.2	insufficient information	0.0	0.0	writing his own screenplay	0.2	0.2
locomo:conv-42:qa121	single-hop	Who invited Nate to join her on the trails sometime?	Joanna	Joanna	1.0	1.0	Joanna	1.0	1.0	Joanna	1.0	1.0	Joanna	1.0	1.0
locomo:conv-42:qa122	single-hop	What did Nate do for Joanna on 25 May, 2022?	get her a stuffed animal	gave Joanna a stuffed animal	0.5	0.5	gave Joanna a stuffed animal	0.5	0.5	gave Joanna a stuffed animal,promised to see Joanna's screenplay	0.16666666666666666	0.30769230769230765	gave a stuffed animal, shared a photo of a stuffed animal laying on a bed, advised to find and cherish little things to avoid getting down, encouraged to keep going	0.20689655172413793	0.20689655172413793
locomo:conv-42:qa123	single-hop	How does Nate describe the stuffed animal he got for Joanna?	A stuffed animal to remind you of the good vibes	a reminder of good vibes	0.6666666666666666	0.6666666666666666	joy in his pocket, a reminder of good vibes	0.5	0.5	reminder of good vibes	0.6666666666666666	0.6666666666666666	joy in his pocket, reminder of good vibes	0.5	0.5
locomo:conv-42:qa124	single-hop	What event is Nate organizing in June 2022?	A gaming party	gaming party	1.0	1.0	gaming party	1.0	1.0	gaming party	1.0	1.0	gaming party	1.0	1.0
locomo:conv-42:qa125	single-hop	Who did Nate plan to invite to his gaming party in June 2022?	Tournament friends, old friends, teammates	insufficient information	0.0	0.0	7 people	0.0	0.0	insufficient information	0.0	0.0	insufficient information	0.0	0.0
locomo:conv-42:qa126	single-hop	What special items did Nate get for everyone at his gaming party?	Custom controller decorations	custom controller decorations	1.0	1.0	custom controller decorations	1.0	1.0	controller accessories	0.4	0.4	custom controller decorations	1.0	1.0
locomo:conv-42:qa127	single-hop	What did Joanna write yesterday that appeared on the big screen?	screenplay bits	a few bits for a screenplay	0.6666666666666666	0.6666666666666666	a few bits for a screenplay	0.6666666666666666	0.6666666666666666	a few bits for a screenplay	0.6666666666666666	0.6666666666666666	a few bits for a screenplay	0.6666666666666666	0.6666666666666666
locomo:conv-42:qa128	single-hop	What superhero is Joanna a fan of?	Spider-Man	Peter Parker	0.0	0.0	Spider-Man	1.0	1.0	Peter Parker	0.0	0.0	Spider-Man	1.0	1.0
locomo:conv-42:qa129	single-hop	Which superhero toy figure does Nate share a photo of?	Iron Man	Iron Man	1.0	1.0	Iron Man	1.0	1.0	Iron Man	1.0	1.0	Iron Man	1.0	1.0
locomo:conv-42:qa13	temporal	When did Joanna have an audition for a writing gig?	23 March, 2022.	the day before 24 March 2022	0.5	0.5	23 March 2022	1.0	1.0	the day before 24 March 2022	0.5	0.5	the day before 24 March 2022	0.5	0.5
locomo:conv-42:qa130	single-hop	What is displayed on Joanna's cork board for motivation and creativity?	inspiring quotes, photos, and little keepsakes	inspiring quotes and pictures, photos, little keepsakes, a picture of her family	0.6666666666666666	0.6666666666666666	inspiring quotes, pictures, photos, little keepsakes, a picture of her family	0.6666666666666666	0.6666666666666666	inspiring quotes,pictures,photos,little keepsakes,picture of a family,spider-man poster	0.1818181818181818	0.625	inspiring quotes, pictures, photos, little keepsakes, picture of family, spider-man poster	0.625	0.625
locomo:conv-42:qa131	single-hop	What does the photo on Joanna's cork board remind her of?	love and encouragement from her family	the love and encouragement from her family	1.0	1.0	the love and encouragement from her family every day	0.8333333333333333	0.8333333333333333	the love and encouragement from her family	1.0	1.0	the love and encouragement from her family	1.0	1.0
locomo:conv-42:qa132	single-hop	What did Nate make and share with his vegan diet group?	vegan ice cream	vegan ice cream	1.0	1.0	vegan ice cream	1.0	1.0	vegan ice cream	1.0	1.0	vegan ice cream	1.0	1.0
locomo:conv-42:qa133	single-hop	How many people attended the gaming party hosted by Nate in June 2022?	7	7	1.0	1.0	7	1.0	1.0	7	1.0	1.0	7	1.0	1.0
locomo:conv-42:qa134	single-hop	What recipe Nate offer to share with Joanna?	vegan ice cream recipe	ice cream recipe	0.8571428571428571	0.8571428571428571	ice cream recipe	0.8571428571428571	0.8571428571428571	ice cream recipe	0.8571428571428571	0.8571428571428571	ice cream recipe	0.8571428571428571	0.8571428571428571
locomo:conv-42:qa135	single-hop	What did Joanna plan to do with the recipe Nate promised to share?	make it for her family	make the vegan ice cream for her family	0.6666666666666666	0.6666666666666666	bring recipes to Nate's place	0.0	0.0	make the vegan ice cream for her family	0.6666666666666666	0.6666666666666666	bring recipes to Nate's place, share desserts with Nate	0.0	0.0
locomo:conv-42:qa136	single-hop	How many video game tournaments has Nate won by July 10, 2022?	Four	4	0.0	0.0	4	0.0	0.0	4	0.0	0.0	4	0.0	0.0
locomo:conv-42:qa137	single-hop	Where did Joanna go for a road trip for research?	Woodhaven	Woodhaven	1.0	1.0	Woodhaven	1.0	1.0	Woodhaven	1.0	1.0	Woodhaven	1.0	1.0
locomo:conv-42:qa138	single-hop	What did Joanna discover at the library in Woodhaven?	cool old book collection	a super cool book from the 1900s with stories and sketches	0.3333333333333333	0.3333333333333333	a cool old book collection, inspiration for her next script, a super cool book from the 1900s with stories and sketches	0.38095238095238093	0.38095238095238093	super cool book from the 1900s with stories and sketches	0.3333333333333333	0.3333333333333333	cool old book collection, super cool book from the 1900s with stories and sketches	0.5	0.5
locomo:conv-42:qa139	single-hop	What specific themes are explored in Joanna's new book?	loss, redemption, and forgiveness	loss, redemption, forgiveness	1.0	1.0	loss, redemption, forgiveness	1.0	1.0	loss, redemption, forgiveness	1.0	1.0	loss, redemption, forgiveness	1.0	1.0
locomo:conv-42:qa14	open-domain	What nickname does Nate use for Joanna?	Jo	insufficient information	0.0	0.0	insufficient information	0.0	0.0	insufficient information	0.0	0.0	insufficient information	0.0	0.0
locomo:conv-42:qa140	single-hop	What inspired Joanna's new script in July 2022?	Woodhaven's interesting past and people	Woodhaven's past, exploring new places during her road trip	0.30769230769230765	0.30769230769230765	Woodhaven's past, a road trip	0.5	0.5	Woodhaven's past	0.6666666666666666	0.6666666666666666	Woodhaven's past	0.6666666666666666	0.6666666666666666
locomo:conv-42:qa141	single-hop	What did Nate do while Joanna was on her road trip?	Won a video game tournament	insufficient information	0.0	0.0	insufficient information	0.0	0.0	insufficient information	0.0	0.0	inspired by Joanna's life path	0.0	0.0
locomo:conv-42:qa142	single-hop	What does Nate do that he loves and can make money from?	Competing in video game tournaments	gaming	0.33333333333333337	0.33333333333333337	gaming	0.33333333333333337	0.33333333333333337	gaming,baking,cooking	0.0	0.25	gaming,turtles	0.0	0.28571428571428575
locomo:conv-42:qa143	single-hop	How did Joanna feel when someone wrote her a letter after reading her blog post?	Touched	touched	1.0	1.0	touched	1.0	1.0	touched	1.0	1.0	touched	1.0	1.0
locomo:conv-42:qa144	single-hop	What kind of impact does Joanna hope to have with her writing?	share her stories and hopefully have an impact	make a difference, healing, expressing feelings	0.0	0.0	express herself, create wild worlds, express feelings, make a difference, heal, bring comfort	0.0	0.0	healing, expressing feelings, making a difference	0.0	0.0	express herself, create wild worlds, express feelings, make a difference, heal, inspire	0.0	0.0
locomo:conv-42:qa145	single-hop	What kind of content did Joanna share that someone wrote her a letter about?	A blog post about a hard moment in her life	a hard moment in her life	0.7692307692307693	0.7692307692307693	a blog post about a hard moment in her life	1.0	1.0	a hard moment in her life	0.7692307692307693	0.7692307692307693	a blog post	0.4	0.4
locomo:conv-42:qa146	single-hop	What motivates Joanna to keep writing even on tough days?	Knowing that her writing can make a difference	her writing can make a difference	0.8333333333333333	0.8333333333333333	writing can make a difference, has a magical way of healing, provides an outlet to share her stories	0.4545454545454545	0.4545454545454545	her writing can make a difference	0.8333333333333333	0.8333333333333333	supportive friends, family support, writing's healing power, personal experiences, writers group, turtles	0.10526315789473685	0.10526315789473685
locomo:conv-42:qa147	single-hop	What type of ice cream does Joanna mention that Nate makes and is delicious?	Coconut milk ice cream	coconut milk ice cream	1.0	1.0	coconut milk ice cream	1.0	1.0	coconut milk ice cream	1.0	1.0	coconut milk ice cream	1.0	1.0
locomo:conv-42:qa148	single-hop	How did Nate feel about sharing his love for dairy-free desserts with Joanna?	Happy to share	Nate wants to spread the joy of dairy-free options.	0.18181818181818182	0.18181818181818182	Nate feels that Joanna enjoys his desserts.	0.0	0.0	proud	0.0	0.0	Nate feels that sharing his love for dairy-free desserts with Joanna brings him joy and fulfillment.	0.1111111111111111	0.1111111111111111
locomo:conv-42:qa149	single-hop	What did Joanna share with her writers group in August 2022?	her book	a book	0.6666666666666666	0.6666666666666666	a book	0.6666666666666666	0.6666666666666666	a book	0.6666666666666666	0.6666666666666666	a book	0.6666666666666666	0.6666666666666666
locomo:conv-42:qa15	temporal	When did Nate get purple hair?	The week before 15April, 2022.	the week before 15 April 2022	0.6666666666666665	0.6666666666666665	the week before 15 April 2022	0.6666666666666665	0.6666666666666665	the week before 15 April 2022	0.6666666666666665	0.6666666666666665	the week before 15 April 2022	0.6666666666666665	0.6666666666666665
locomo:conv-42:qa150	single-hop	How did Joanna celebrate after sharing her book with her writers group?	making a delicious treat	celebrated by making a delicious treat	0.7499999999999999	0.7499999999999999	celebrated with a dessert	0.0	0.0	making a delicious treat	1.0	1.0	celebrated with a dessert	0.0	0.0
locomo:conv-42:qa151	single-hop	How did Nate celebrate winning the international tournament?	Taking time off to chill with pets	insufficient information	0.0	0.0	insufficient information	0.0	0.0	insufficient information	0.0	0.0	insufficient information	0.0	0.0
locomo:conv-42:qa152	single-hop	Why is Joanna experimenting with dairy-free options in her dessert recipes?	lactose intolerance	Joanna is lactose intolerant.	0.6666666666666666	0.6666666666666666	因为她不能吃乳制品	0.0	0.0	Joanna cannot have dairy	0.0	0.0	因为她不能吃乳制品	0.0	0.0
locomo:conv-42:qa153	single-hop	What substitution does Nate suggest for butter in dairy-free baking?	dairy-free margarine or coconut oil	dairy-free margarine or coconut oil	1.0	1.0	dairy-free margarine or coconut oil	1.0	1.0	dairy-free margarine or coconut oil	1.0	1.0	dairy-free margarine or coconut oil	1.0	1.0
locomo:conv-42:qa154	single-hop	What type of show did Nate host where he taught vegan ice cream recipes?	a cooking show	cooking show	1.0	1.0	cooking show	1.0	1.0	cooking	0.6666666666666666	0.6666666666666666	cooking	0.6666666666666666	0.6666666666666666
locomo:conv-42:qa155	single-hop	What is Nate's favorite dish from the cooking show he hosted?	Coconut milk ice cream	coconut milk ice cream	1.0	1.0	vegan ice cream recipes	0.5	0.5	coconut milk ice cream	1.0	1.0	vegan ice cream recipes	0.5	0.5
locomo:conv-42:qa156	single-hop	What is one of Nate's favorite dairy-free treats besides coconut milk ice cream?	dairy-free chocolate mousse	dairy-free chocolate mousse	1.0	1.0	dairy-free chocolate cake with berries	0.5	0.5	chocolate	0.5	0.5	chocolate cake with berries	0.28571428571428575	0.28571428571428575
locomo:conv-42:qa157	single-hop	What dessert did Joanna share a photo of that has an almond flour crust, chocolate ganache, and fresh raspberries?	chocolate raspberry tart	chocolate raspberry tart	1.0	1.0	chocolate raspberry tart	1.0	1.0	chocolate raspberry tart	1.0	1.0	chocolate raspberry tart	1.0	1.0
locomo:conv-42:qa158	single-hop	What kind of cake did Joanna share a photo of that she likes making for birthdays and special days?	chocolate cake with raspberries	dairy-free chocolate cake with almond flour, coconut oil, chocolate, and raspberries	0.5714285714285715	0.5714285714285715	dairy-free chocolate cake with raspberries	0.888888888888889	0.888888888888889	dairy-free chocolate cake with almond flour, coconut oil, chocolate, and raspberries	0.5714285714285715	0.5714285714285715	dairy-free chocolate cake with raspberries	0.888888888888889	0.888888888888889
locomo:conv-42:qa159	single-hop	What two main ingredients are part of the dessert Joanna shared a photo of with blueberries, coconut milk, and a gluten-free crust?	blueberries and coconut milk	blueberries, coconut milk	1.0	1.0	blueberries, coconut milk	1.0	1.0	blueberries, coconut milk	1.0	1.0	blueberries, coconut milk	1.0	1.0
locomo:conv-42:qa16	temporal	What physical transformation did Nate undergo in April 2022?	dyed his hair purple	dyed his hair purple	1.0	1.0	dyed his hair purple	1.0	1.0	dyed his hair purple	1.0	1.0	dyed his hair purple	1.0	1.0
locomo:conv-42:qa160	single-hop	What movie did Nate recently watch and enjoy on October 6, 2022?	Little Women	Little Women	1.0	1.0	Little Women	1.0	1.0	Little Women	1.0	1.0	Inception	0.0	0.0
locomo:conv-42:qa161	single-hop	What did Joanna make for one of the ladies at her writing club?	a bookmark	a bookmark	1.0	1.0	a bookmark	1.0	1.0	a bookmark	1.0	1.0	a bookmark	1.0	1.0
locomo:conv-42:qa162	single-hop	What game did Nate play at the game convention he attended on 9 October, 2022?	Catan	boardgame	0.0	0.0	Catan	1.0	1.0	boardgame	0.0	0.0	Catan	1.0	1.0
locomo:conv-42:qa163	single-hop	What movie has Nate recently seen that blew his mind?	"""Inception"""	Inception	1.0	1.0	Inception	1.0	1.0	Inception	1.0	1.0	Inception	1.0	1.0
locomo:conv-42:qa164	single-hop	What game has Nate been playing nonstop with a futuristic setting and gameplay on October 9, 2022?	Cyberpunk 2077	Cyberpunk 2077	1.0	1.0	Cyberpunk 2077	1.0	1.0	Cyberpunk 2077	1.0	1.0	Cyberpunk 2077	1.0	1.0
locomo:conv-42:qa165	single-hop	What did Nate share a photo of when mentioning unwinding at home?	a bookcase filled with dvds and movies	a gaming room with a computer and a gaming chair	0.1818181818181818	0.1818181818181818	a board game with a blue board and a yellow board	0.16666666666666666	0.16666666666666666	computer screen with a message on it, gaming room with a computer and a gaming chair, videogame controller	0.10526315789473682	0.10526315789473682	board game, computer screen	0.0	0.0
locomo:conv-42:qa166	single-hop	How did Joanna describe the classic movie he watched?	gripping with great actors	awesome	0.0	0.0	awesome	0.0	0.0	awesome	0.0	0.0	awesome	0.0	0.0
locomo:conv-42:qa167	single-hop	What does Joanna recommend to make a living room comfy like hers?	couch for multiple people, fluffy blanket, lights that can be dimmed	a couch that can sit multiple people, a fluffy couch, a weighted blanket, and dimmable lights	0.6956521739130435	0.6956521739130435	get some lights that can be dimmed, invest in a blanket that has a little bit of weight to it, get a couch that can sit multiple people and is really fluffy	0.5128205128205129	0.5128205128205129	couch that can sit multiple people, fluffy couch, weighted blanket, dimmable lights	0.6956521739130435	0.6956521739130435	lights that can be dimmed, a blanket that has a little bit of weight, a couch that can sit multiple people and is really fluffy	0.6249999999999999	0.6249999999999999
locomo:conv-42:qa168	single-hop	What helps Joanna stay focused and brings her joy?	stuffed animal dog named Tilly	Tilly	0.33333333333333337	0.33333333333333337	Tilly	0.33333333333333337	0.33333333333333337	Tilly,turtles	0.0	0.28571428571428575	Tilly, writing, nature, pets, turtles	0.20000000000000004	0.20000000000000004
locomo:conv-42:qa169	single-hop	What does Joanna do while she writes?	have a stuffed animal dog named Tilly with her	uses a book shelf for writing inspiration, uses a cork board for motivation and creativity, uses a journal as her rock, uses her laptop as half of her lifeline as a writer, has a stuffed animal dog Tilly always with her	0.2790697674418604	0.2790697674418604	uses a book shelf for writing inspiration, has a stuffed animal dog with her	0.5	0.5	uses a book shelf for writing inspiration, uses a cork board for motivation and creativity, uses a journal as her rock, uses her laptop as half of her lifeline as a writer, has a stuffed animal dog Tilly always with her	0.2790697674418604	0.2790697674418604	uses a book shelf for writing inspiration,Tilly, a stuffed animal dog, is always with Joanna while she writes	0.3333333333333333	0.4
locomo:conv-42:qa17	temporal	What movie did Joanna watch on 1 May, 2022?	Lord of the Rings	The Lord of the Rings Trilogy	0.8571428571428571	0.8571428571428571	The Lord of the Rings Trilogy	0.8571428571428571	0.8571428571428571	The Lord of the Rings Trilogy	0.8571428571428571	0.8571428571428571	The Lord of the Rings Trilogy	0.8571428571428571	0.8571428571428571
locomo:conv-42:qa170	single-hop	Why did Joanna name the stuffed animal dog Tilly?	after a dog she had in Michigan	after a dog she had in Michigan	1.0	1.0	after a dog she had in Michigan	1.0	1.0	after a dog she had in Michigan	1.0	1.0	after a dog she had in Michigan	1.0	1.0
locomo:conv-42:qa171	single-hop	What does Joanna do after receiving a rejection from a production company?	keep grinding and moving ahead	keep pushing forward	0.28571428571428575	0.28571428571428575	plans to keep pushing forward despite the setback	0.18181818181818182	0.18181818181818182	keep pushing forward, set up meetings with movie producers	0.15384615384615383	0.15384615384615383	keep pushing forward	0.28571428571428575	0.28571428571428575
locomo:conv-42:qa172	single-hop	How does Nate feel about Joanna's ability to bounce back from setbacks?	respect Joanna for being able to bounce back	proud	0.0	0.0	proud	0.0	0.0	proud	0.0	0.0	proud	0.0	0.0
locomo:conv-42:qa173	single-hop	What encouragement does Nate give to Joanna after her setback?	rejections don't define her, keep grinding and she'll find the perfect opportunity	Nate advised Joanna not to let rejections define her and to keep trying.	0.3636363636363636	0.3636363636363636	Nate advised Joanna not to let rejections define her and to keep trying.	0.3636363636363636	0.3636363636363636	keep pushing herself with her writing	0.25	0.25	not to let rejections define her and to keep trying	0.4210526315789474	0.4210526315789474
locomo:conv-42:qa174	single-hop	What does Nate rely on for cheer and joy?	his turtles	little ones,turtles,pets,nature,Max	0.0	0.25	little ones, pets, nature, Max, positive relationships, writing and creative projects, small joys, turtles, movies, video games, baking and cooking	0.09999999999999999	0.09999999999999999	little ones,turtles,pets,nature,Max,writing,creative projects,stuffed animal,movies,video games	0.0	0.125	little ones,turtles,pets,nature,max,writing and creative projects,movies,video games	0.0	0.14285714285714285
locomo:conv-42:qa175	single-hop	What does Joanna use to remember her dog from Michigan?	naming a stuffed animal dog Tilly	a stuffed animal dog named Tilly	1.0	1.0	stuffed animal dog named Tilly	1.0	1.0	stuffed animal dog named Tilly	1.0	1.0	stuffed animal dog named Tilly	1.0	1.0
locomo:conv-42:qa176	single-hop	What did Joanna contribute to that was shown on the big screen on the Sunday before October 25, 2022?	movie script	movie script	1.0	1.0	movie script	1.0	1.0	movie script	1.0	1.0	movie script	1.0	1.0
locomo:conv-42:qa177	single-hop	What inspires Joanna to create drawings of her characters?	visuals to help bring the characters alive in her head so she can write better	people she knows, stuff she saw, and even what she imagined	0.08333333333333333	0.08333333333333333	people she knows, stuff she saw, and even what she imagined	0.08333333333333333	0.08333333333333333	people she knows, stuff she saw, what she imagined	0.08695652173913043	0.08695652173913043	people she knows, stuff she saw, even what she imagined	0.08333333333333333	0.08333333333333333
locomo:conv-42:qa178	single-hop	Where does Joanna get her ideas for the characters from?	people she knows, things she saw, her imagination	people she knows, stuff she saw, and even what she imagined	0.6666666666666665	0.6666666666666665	people she knows, stuff she saw, and even what she imagined	0.6666666666666665	0.6666666666666665	people she knows, stuff she saw, even what she imagined	0.6666666666666665	0.6666666666666665	people she knows, stuff she saw, even what she imagined	0.6666666666666665	0.6666666666666665
locomo:conv-42:qa179	single-hop	How did Joanna feel on October 25, 2022 about seeing her characters come alive on the big screen?	surreal and cool	mixed emotions	0.0	0.0	a mix of emotions but overall satisfied	0.0	0.0	mixed emotions	0.0	0.0	satisfied	0.0	0.0
locomo:conv-42:qa18	temporal	Which outdoor spot did Joanna visit in May?	Whispering Falls waterfall	Whispering Falls	0.8	0.8	Whispering Falls	0.8	0.8	Whispering Falls	0.8	0.8	Whispering Falls	0.8	0.8
locomo:conv-42:qa180	single-hop	What type of diet do Nate's turtles have?	combination of vegetables, fruits, and insects	a combination of vegetables, fruits, and insects	1.0	1.0	a combination of vegetables, fruits, and insects	1.0	1.0	a combination of vegetables, fruits, and insects	1.0	1.0	a combination of vegetables, fruits, and insects	1.0	1.0
locomo:conv-42:qa181	single-hop	What ingredient did Nate use to make the ice cream lactose-free?	coconut milk	coconut milk	1.0	1.0	coconut milk	1.0	1.0	coconut milk	1.0	1.0	coconut milk	1.0	1.0
locomo:conv-42:qa182	single-hop	What did Joanna find in old notebooks last week that prompted her to reflect on her progress as a writer?	early writings	early writings	1.0	1.0	early writings	1.0	1.0	early writings	1.0	1.0	early writings	1.0	1.0
locomo:conv-42:qa183	single-hop	What game is Nate currently playing and recommends to others on November 7, 2022?	"""Xenoblade Chronicles"""	Xeonoblade Chronicles	0.5	0.5	Xeonoblade Chronicles	0.5	0.5	Xeonoblade Chronicles	0.5	0.5	Xeonoblade Chronicles	0.5	0.5
locomo:conv-42:qa184	single-hop	What did Joanna receive from her brother that brought back childhood memories?	a handwritten letter	handwritten letter	1.0	1.0	a cute note	0.0	0.0	handwritten letter	1.0	1.0	a cute note	0.0	0.0
locomo:conv-42:qa185	single-hop	"What is the type of game ""Xenoblade Chronicles"" that Nate is playing?"	fantasy RPG	fantasy RPG	1.0	1.0	fantasy RPG	1.0	1.0	fantasy RPG	1.0	1.0	fantasy RPG	1.0	1.0
locomo:conv-42:qa186	single-hop	What dish did Nate make on 9 November, 2022?	Homemade coconut ice cream	homemade coconut ice cream	1.0	1.0	homemade coconut ice cream	1.0	1.0	homemade coconut ice cream	1.0	1.0	homemade coconut ice cream	1.0	1.0
locomo:conv-42:qa187	single-hop	What project is Joanna working on in her notebook on November 9, 2022?	A suspenseful thriller set in a small Midwestern town	a suspenseful thriller set in a small Midwestern town	1.0	1.0	a suspenseful thriller set in a small Midwestern town	1.0	1.0	suspenseful thriller set in a small Midwestern town	1.0	1.0	a suspenseful thriller set in a small Midwestern town	1.0	1.0
locomo:conv-42:qa188	single-hop	What is Nate creating for YouTube on 9 November, 2022?	gaming content	gaming content	1.0	1.0	gaming content	1.0	1.0	gaming content	1.0	1.0	gaming content	1.0	1.0
locomo:conv-42:qa189	single-hop	What inspired Nate to start making gaming videos?	Love of gaming and connecting with others who enjoy it too	Nate's love of gaming and desire to connect with others who enjoy it	0.8181818181818182	0.8181818181818182	encouragement	0.0	0.0	Nate's love of gaming and desire to connect with others who enjoy it	0.8181818181818182	0.8181818181818182	encouragement	0.0	0.0
locomo:conv-42:qa19	multi-hop	How many times has Joanna found new hiking trails?	twice	2	0.0	0.0	2	0.0	0.0	2	0.0	0.0	2	0.0	0.0
locomo:conv-42:qa190	single-hop	What new content is Nate creating for YouTube?	Gaming videos	gaming content	0.5	0.5	gaming content	0.5	0.5	gaming content	0.5	0.5	gaming content	0.5	0.5
locomo:conv-42:qa191	single-hop	What advice does Joanna give to Nate about making YouTube videos?	Watch other people's videos to understand what the audience likes	watch other people's videos to understand what his audience likes, stay positive, making a switch could open up new opportunities	0.6428571428571429	0.6428571428571429	watch other people's videos to understand what his audience likes, stay positive, making a switch could open up new opportunities	0.6428571428571429	0.6428571428571429	watch other people's videos to understand what his audience likes, stay positive, make a switch could open up new opportunities	0.6428571428571429	0.6428571428571429	watch other people's videos to understand what his audience likes, stay positive, making a switch could open up new opportunities	0.6428571428571429	0.6428571428571429
locomo:conv-42:qa192	single-hop	What did Joanna take a picture of near Fort Wayne last summer?	Sunset	a sunflower in a field with a sunset in the background	0.25	0.25	a sunflower in a field with a sunset in the background	0.25	0.25	sunflower	0.0	0.0	a sunflower in a field with a sunset in the background	0.25	0.25
locomo:conv-42:qa193	single-hop	What inspired Joanna to take a picture of the sunset in the field near Fort Wayne?	The incredible sunset and surrounding beauty	the surrounding beauty and the incredible sunset	1.0	1.0	the surrounding beauty and the incredible sunset	1.0	1.0	the surrounding beauty	0.6666666666666666	0.6666666666666666	the surrounding beauty	0.6666666666666666	0.6666666666666666
locomo:conv-42:qa194	single-hop	Why did Nate get a third turtle?	He saw another one at a pet store and wanted to get it	Nate saw another turtle at a pet store and decided to get it.	0.7272727272727273	0.7272727272727273	Nate saw another turtle at a pet store and decided to get it.	0.7272727272727273	0.7272727272727273	Nate saw another turtle at a pet store and decided to get it.	0.7272727272727273	0.7272727272727273	Nate saw another turtle at a pet store and decided to get it.	0.7272727272727273	0.7272727272727273
locomo:conv-42:qa195	single-hop	What does Nate want to do when he goes over to Joanna's place?	Watch one of Joanna's movies together or go to the park	try Joanna's recipes	0.15384615384615383	0.15384615384615383	try Joanna's recipes	0.15384615384615383	0.15384615384615383	try Joanna's recipes	0.15384615384615383	0.15384615384615383	insufficient information	0.0	0.0
locomo:conv-42:qa196	single-hop	What did Nate take to the beach in Tampa?	turtles	turtles	1.0	1.0	turtles	1.0	1.0	turtles	1.0	1.0	turtles	1.0	1.0
locomo:conv-42:qa197	single-hop	What does Nate love most about having turtles?	They make him feel calm and don't require much looking after	calmness, peace, joy, watching them, their personalities	0.11764705882352941	0.11764705882352941	watching them, holding them, seeing them eat fruit, their company	0.0	0.0	calmness and peace	0.16666666666666669	0.16666666666666669	peace and calm	0.16666666666666669	0.16666666666666669
locomo:conv-42:qa198	single-hop	What did Nate share a photo of as a part of his experimentation in November 2022?	colorful bowls of coconut milk ice cream	coconut milk ice cream	0.7272727272727273	0.7272727272727273	a person scooping a scoop of ice cream into a pan	0.39999999999999997	0.39999999999999997	coconut milk ice cream,turtle swimming in a tank with a metal bar	0.3529411764705882	0.4444444444444444	a turtle laying on a bed of rocks and gravel, a turtle swimming in a tank with a metal bar, three turtles sitting on a rock in a pond	0.07142857142857142	0.07142857142857142
locomo:conv-42:qa2	temporal	"When did Joanna first watch ""Eternal Sunshine of the Spotless Mind?"	2019	around 3 years before 21 January 2022	0.0	0.0	insufficient information	0.0	0.0	the weekend before 24 October 2023	0.0	0.0	since 2016	0.0	0.0
locomo:conv-42:qa20	temporal	When did Nate adopt Max?	May 2022	a few days before 25 May 2022	0.5	0.5	20 May 2022	0.8	0.8	a few days before 25 May 2022	0.5	0.5	20 May 2022	0.8	0.8
locomo:conv-42:qa21	temporal	Who was the new addition to Nate's family in May 2022?	Max	Max	1.0	1.0	Max	1.0	1.0	Max	1.0	1.0	Max	1.0	1.0
locomo:conv-42:qa22	temporal	When did Joanna start writing her third screenplay?	May 2022	20 May 2022	0.8	0.8	25 February 2022	0.4	0.4	20 May 2022	0.8	0.8	25 February 2022	0.4	0.4
locomo:conv-42:qa23	multi-hop	Which of Joanna's screenplay were rejected from production companies?	first screenplay on drama and romance, third screenplay on loss identity and connection	first screenplay, third story, movie script	0.41071428571428575	0.41071428571428575	a screenplay, a recent screenplay, a movie script	0.30952380952380953	0.30952380952380953	first screenplay, third story, movie script	0.41071428571428575	0.41071428571428575	a screenplay, a recent screenplay	0.30952380952380953	0.30952380952380953
locomo:conv-42:qa24	temporal	When is Nate hosting a gaming party?	The weekend after 3June, 2022.	last Friday before 24 June 2022	0.2	0.2	next month	0.0	0.0	the weekend before 9 October 2022	0.4444444444444445	0.4444444444444445	the weekend before 24 June 2022	0.4444444444444445	0.4444444444444445
locomo:conv-42:qa25	temporal	When did Joanna hike with her buddies?	The weekend after 3June, 2022.	insufficient information	0.0	0.0	insufficient information	0.0	0.0	insufficient information	0.0	0.0	insufficient information	0.0	0.0
locomo:conv-42:qa26	temporal	When did Nate win his third tourney?	The week before 3June, 2022	23 May 2022 - 29 May 2022	0.2	0.2	21 August 2022	0.28571428571428575	0.28571428571428575	23 May 2022 - 29 May 2022	0.2	0.2	23 May 2022 - 29 May 2022	0.2	0.2
locomo:conv-42:qa27	multi-hop	What places has Joanna submitted her work to?	film contest, film festival.	film festivals,film contest	1.0	1.0	film festivals, film contest, writing convention	1.0	1.0	film festivals,film contest	1.0	1.0	film festivals,film contest	1.0	1.0
locomo:conv-42:qa28	temporal	When did Nate make vegan icecream and share it with a vegan diet group?	The Friday before 24June, 2022.	17 June 2022	0.28571428571428575	0.28571428571428575	17 June 2022	0.28571428571428575	0.28571428571428575	the Friday before 24 June 2022	0.6666666666666665	0.6666666666666665	the Friday before 24 June 2022	0.6666666666666665	0.6666666666666665
locomo:conv-42:qa29	temporal	When is Joanna going to make Nate's ice cream for her family?	The weekend of 24June, 2022.	the weekend of 24 June 2022	0.6666666666666665	0.6666666666666665	the weekend of 24 June 2022	0.6666666666666665	0.6666666666666665	the weekend of 24 June 2022	0.6666666666666665	0.6666666666666665	the weekend of 24 June 2022	0.6666666666666665	0.6666666666666665
locomo:conv-42:qa3	temporal	When did Nate win his first video game tournament?	the week before 21Janury, 2022	insufficient information	0.0	0.0	insufficient information	0.0	0.0	10 January 2022 - 16 January 2022	0.2	0.2	since 2016	0.0	0.0
locomo:conv-42:qa30	multi-hop	What kind of writings does Joanna do?	Screenplays,books, online blog posts, journal	screenplays, stories, dialogues, journals, books	0.75	0.75	screenplays, books, stories	0.5	0.5	screenplays, stories, dialogues, journals, notebooks	0.5	0.5	screenplays, books, stories	0.5	0.5
locomo:conv-42:qa31	temporal	When did Nate win his fourth video game tournament?	The Friday before 10July, 2022.	8 July 2022	0.28571428571428575	0.28571428571428575	8 July 2022	0.28571428571428575	0.28571428571428575	8 July 2022	0.28571428571428575	0.28571428571428575	8 July 2022	0.28571428571428575	0.28571428571428575
locomo:conv-42:qa32	temporal	Where did Joanna travel to in July 2022?	Woodhaven	Woodhaven	1.0	1.0	Woodhaven	1.0	1.0	Woodhaven	1.0	1.0	Woodhaven	1.0	1.0
locomo:conv-42:qa33	temporal	When did someone write Joanna a touching letter?	The week before 14August, 2022.	the week before 14 August 2022	0.6666666666666665	0.6666666666666665	the week before 14 August 2022	0.6666666666666665	0.6666666666666665	the week before 14 August 2022	0.6666666666666665	0.6666666666666665	the week before 14 August 2022	0.6666666666666665	0.6666666666666665
locomo:conv-42:qa34	multi-hop	What book recommendations has Joanna given to Nate?	"""Little Women"",'A Court of Thorns andRoses'."	Little Women	0.5	0.5	Little Women	0.5	0.5	Little Women	0.5	0.5	Little Women	0.5	0.5
locomo:conv-42:qa35	temporal	When did Nate take time off to chill with his pets?	The weekend of 22August, 2022.	the weekend of 22 August 2022	0.6666666666666665	0.6666666666666665	the weekend of 22 August 2022; 27 August 2022 - 28 August 2022	0.39999999999999997	0.39999999999999997	the weekend of 22 August 2022	0.6666666666666665	0.6666666666666665	the weekend of 22 August 2022	0.6666666666666665	0.6666666666666665
locomo:conv-42:qa36	temporal	When did Joanna share her book with her writers group?	The week before 22August, 2022.	the week before 22 August 2022; 15 August 2022 - 21 August 2022	0.39999999999999997	0.39999999999999997	the week before 22 August 2022; 15 August 2022 - 21 August 2022	0.39999999999999997	0.39999999999999997	the week before 22 August 2022	0.6666666666666665	0.6666666666666665	the week before 22 August 2022	0.6666666666666665	0.6666666666666665
locomo:conv-42:qa37	temporal	When did Nate win an international tournament?	21 August, 2022	21 August 2022	1.0	1.0	21 August 2022	1.0	1.0	21 August 2022	1.0	1.0	21 August 2022	1.0	1.0
locomo:conv-42:qa38	temporal	When did Joanna make a desert with almond milk?	The Friday before 14September, 2022	the Friday before 14 September 2022	0.6666666666666665	0.6666666666666665	the Friday before 14 September 2022	0.6666666666666665	0.6666666666666665	the Friday before 14 September 2022	0.6666666666666665	0.6666666666666665	the Friday before 14 September 2022	0.6666666666666665	0.6666666666666665
locomo:conv-42:qa39	temporal	When did Nate attend a cooking show?	The Monday before 14September, 2022	the Monday before 14 September 2022; 12 September 2022	0.5	0.5	12 September 2022	0.28571428571428575	0.28571428571428575	the Monday before 14 September 2022	0.6666666666666665	0.6666666666666665	the Monday before 14 September 2022	0.6666666666666665	0.6666666666666665
locomo:conv-42:qa4	open-domain	What pets wouldn't cause any discomfort to Joanna?	Hairless cats or pigs,since they don't have fur, which is one of the main causes of Joanna's allergy.	turtles	0.0	0.0	turtles, tortoises	0.0	0.0	turtles	0.0	0.0	tortoises	0.0	0.0
locomo:conv-42:qa40	temporal	When did Joanna's laptop crash?	The week before 14September, 2022	the week before 14 September 2022; 5 September 2022 - 11 September 2022	0.39999999999999997	0.39999999999999997	the week before 14 September 2022	0.6666666666666665	0.6666666666666665	the week before 14 September 2022	0.6666666666666665	0.6666666666666665	the week before 14 September 2022	0.6666666666666665	0.6666666666666665
locomo:conv-42:qa41	temporal	When did Joanna make a chocolate tart with raspberries?	5 October, 2022	the Friday before 14 September 2022	0.25	0.25	the Friday before 14 September 2022	0.25	0.25	the Friday before 14 September 2022	0.25	0.25	the weekend before 14 September 2022	0.25	0.25
locomo:conv-42:qa42	multi-hop	What movies have both Joanna and Nate seen?	"""Little Women"", ""Lord of the Rings"""	Little Women	0.5	0.5	Little Women	0.5	0.5	Little Women	0.5	0.5	Little Women	0.5	0.5
locomo:conv-42:qa43	temporal	How long did it take for Joanna to finish writing her book?	four months	a month	0.6666666666666666	0.6666666666666666	since 26 September 2022	0.0	0.0	the week before 6 October 2022	0.0	0.0	since 26 September 2022	0.0	0.0
locomo:conv-42:qa44	temporal	When did Nate win a lot of money in a video game tournament?	September 2022	21 August 2022	0.4	0.4	26 September 2022 - 2 October 2022	0.5	0.5	21 August 2022	0.4	0.4	the week before 6 October 2022	0.28571428571428575	0.28571428571428575
locomo:conv-42:qa45	temporal	When did Joanna finish up the writing for her book?	The week before 6October, 2022	the week before 6 October 2022; 26 September 2022 - 2 October 2022	0.39999999999999997	0.39999999999999997	26 September 2022 - 2 October 2022	0.2	0.2	the week before 6 October 2022	0.6666666666666665	0.6666666666666665	the week before 6 October 2022	0.6666666666666665	0.6666666666666665
locomo:conv-42:qa46	multi-hop	What board games has Nate played?	Chess, Catan.	Catan	0.5	0.5	Catan	0.5	0.5	Catan	0.5	0.5	Catan	0.5	0.5
locomo:conv-42:qa47	multi-hop	What places has Nate met new people?	A tournament and agaming convention.	tournament, game convention	0.5	0.5	tournament, game convention	0.5	0.5	tournament, game convention	0.5	0.5	tournament, game convention	0.5	0.5
locomo:conv-42:qa48	temporal	When did Nate go to a convention and meet new people?	The Friday before 9October, 2022.	the Friday before 9 October 2022; 7 October 2022	0.5	0.5	the Friday before 9 October 2022; 7 October 2022	0.5	0.5	the Friday before 9 October 2022	0.6666666666666665	0.6666666666666665	the Friday before 9 October 2022	0.6666666666666665	0.6666666666666665
locomo:conv-42:qa49	multi-hop	How many times has Joanna's scripts been rejected?	Twice	3	0.0	0.0	3	0.0	0.0	3	0.0	0.0	3	0.0	0.0
locomo:conv-42:qa5	multi-hop	What are Joanna's hobbies?	Writing, watchingmovies, exploringnature, hanging withfriends.	writing, reading, hiking, baking, video games, DIYs, spending time with fish, making treats	0.25	0.25	writing, reading, hiking, making desserts, expressing feelings through writing, DIY projects, hanging with friends, exploring nature, tinkering with recipes	0.35	0.35	writing,hiking,experimenting in the kitchen,DIYs,video games	0.25	0.25	writing, reading, hiking, making desserts, expressing feelings through writing, DIY projects, hanging with friends	0.35	0.35
locomo:conv-42:qa50	multi-hop	What is something Nate gave to Joanna that brings her a lot of joy?	stuffed toy pup	stuffed animal	0.4	0.4	stuffed animal	0.4	0.4	stuffed animal	0.4	0.4	stuffed animal	0.4	0.4
locomo:conv-42:qa51	multi-hop	When did Nate get Tilly for Joanna?	25 May, 2022	insufficient information	0.0	0.0	insufficient information	0.0	0.0	25 May 2022	0.65	0.65	insufficient information	0.0	0.0
locomo:conv-42:qa52	multi-hop	How many of Joanna's writing have made it to the big screen?	two	2	0.0	0.0	2	0.0	0.0	2	0.0	0.0	2	0.0	0.0
locomo:conv-42:qa53	multi-hop	How many times has Nate taken his turtles on a walk?	Twice.	2	0.0	0.0	2	0.0	0.0	2	0.0	0.0	2	0.0	0.0
locomo:conv-42:qa54	temporal	When was Joanna's second movie script shown on the big screens?	The Sunday before 25October, 2022.	insufficient information	0.0	0.0	insufficient information	0.0	0.0	23 October 2022	0.28571428571428575	0.28571428571428575	insufficient information	0.0	0.0
locomo:conv-42:qa55	multi-hop	What is Joanna inspired by?	Personal experiences,her own journey ofself discovery, Nate,nature, validation,stories about findingcourage and takingrisks, people she knows, stuff she sees, imagination	nature, writing, turtles, dreams, personal experiences	0.2222222222222222	0.2222222222222222	nature, personal experiences, writing inspiration, turtles, Nate's support, video games, dreams	0.2962962962962963	0.2962962962962963	nature,turtles,Little Women,her personal experiences,video games,dreams	0.22777777777777775	0.22777777777777775	nature, personal experiences, writing inspiration, Nate's support, turtles	0.2962962962962963	0.2962962962962963
locomo:conv-42:qa56	multi-hop	What animal do both Nate and Joanna like?	Turtles.	turtles	1.0	1.0	turtles	1.0	1.0	turtles	1.0	1.0	turtles	1.0	1.0
locomo:conv-42:qa57	temporal	When did Joanna plan to go over to Nate's and share recipes?	5 November, 2022.	5 November 2022	1.0	1.0	5 November 2022	1.0	1.0	5 November 2022	1.0	1.0	the day after 4 November 2022; 5 November 2022	0.5454545454545454	0.5454545454545454
locomo:conv-42:qa58	multi-hop	What things has Nate reccomended to Joanna?	"A pet,""The Lord of the Rings"" movies,a dragon book series,coconut flavoring,""Project Hail Mary"" book,Xenoblade Chronicles, dairy-free margarine, coconut oil"	coconut, a book series, starting a cork board, a fantasy book series, a dairy-free ice cream recipe	0.35	0.35	coconut, a book series, a fantasy book series, a coconut milk ice cream recipe	0.30833333333333335	0.30833333333333335	coconut, a book series, starting a cork board, a fantasy book series, a dairy-free ice cream recipe	0.35	0.35	coconut,movie recommendations,book series,ice cream recipe	0.35	0.35
locomo:conv-42:qa59	multi-hop	What does Joanna do to remember happy memories?	Hangs them on a corkboard, writes themin a notebook.	writes down favorite memories	0.14285714285714288	0.14285714285714288	writes down favorite memories	0.14285714285714288	0.14285714285714288	writing down favorite memories	0.14285714285714288	0.14285714285714288	writing, keeping a journal, creating new memories	0.25	0.25
locomo:conv-42:qa6	temporal	How long has Nate had his first two turtles?	three years	since 2016	0.0	0.0	3 years	0.5	0.5	3	0.0	0.0	since 2019	0.0	0.0
locomo:conv-42:qa60	open-domain	What Console does Nate own?	"A Nintendo Switch; since the game ""Xenoblade 2"" is made for this console."	insufficient information	0.0	0.0	insufficient information	0.0	0.0	insufficient information	0.0	0.0	insufficient information	0.0	0.0
locomo:conv-42:qa61	multi-hop	What mediums does Nate use to play games?	Gamecube, PC,Playstation.	computer, video game controller, board games	0.0	0.0	video games, board games, computer	0.0	0.0	video games, board games, Chess	0.0	0.0	video games, board games, computer games	0.0	0.0
locomo:conv-42:qa62	multi-hop	How many letters has Joanna recieved?	Two	3	0.0	0.0	3	0.0	0.0	4	0.0	0.0	3	0.0	0.0
locomo:conv-42:qa63	multi-hop	What video games does Nate play?	Valorant, Counter Strike:Global Offensive,Xenoblade Chronicles, StreetFighter, Cyberpunk 2077	Counter-Strike: Global Offensive, Street Fighter, Cyberpunk 2077, Xeonoblade Chronicles	0.36666666666666664	0.36666666666666664	Counter-Strike: Global Offensive, Street Fighter, Catan, Cyberpunk 2077, Xeonoblade Chronicles	0.36666666666666664	0.36666666666666664	Counter-Strike: Global Offensive, Street Fighter, Cyberpunk 2077, Xeonoblade Chronicles	0.36666666666666664	0.36666666666666664	Counter-Strike: Global Offensive, Street Fighter, Cyberpunk 2077, Xeonoblade Chronicles	0.36666666666666664	0.36666666666666664
locomo:conv-42:qa64	temporal	When did Nate win a big Valorant tourney?	The Saturday before 7November, 2022	5 November 2022	0.28571428571428575	0.28571428571428575	5 November 2022	0.28571428571428575	0.28571428571428575	5 November 2022	0.28571428571428575	0.28571428571428575	5 November 2022	0.28571428571428575	0.28571428571428575
locomo:conv-42:qa65	temporal	Which torunament did Nate win in the beginning of November 2022?	Valorant	big Valorant tournament	0.5	0.5	a big Valorant tournament	0.5	0.5	big Valorant tournament	0.5	0.5	Valorant	1.0	1.0
locomo:conv-42:qa66	open-domain	What alternative career might Nate consider after gaming?	an animalkeeper at a localzoo and workingwith turtles; as heknows a great dealabout turtles andhow to care for them,and he enjoys it.	making videos	0.0	0.0	acting	0.0	0.0	making gaming videos	0.0	0.0	acting	0.0	0.0
locomo:conv-42:qa67	multi-hop	What pets does Nate have?	A dog and threeturtles.	turtles, dog	0.6666666666666666	0.6666666666666666	turtles,dog	0.6666666666666666	0.6666666666666666	turtles,dog,fish	0.6666666666666666	0.6666666666666666	turtles,dog	0.6666666666666666	0.6666666666666666
locomo:conv-42:qa68	open-domain	How many hikes has Joanna been on?	Four	3	0.0	0.0	3	0.0	0.0	5	0.0	0.0	4	0.0	0.0
locomo:conv-42:qa69	multi-hop	How many turtles does Nate have?	Three	3	0.0	0.0	3	0.0	0.0	3	0.0	0.0	3	0.0	0.0
locomo:conv-42:qa7	temporal	When did Joanna finish her first screenplay?	The Friday before 23January, 2022	21 January 2022	0.28571428571428575	0.28571428571428575	21 January 2022	0.28571428571428575	0.28571428571428575	21 January 2022	0.28571428571428575	0.28571428571428575	21 January 2022	0.28571428571428575	0.28571428571428575
locomo:conv-42:qa70	multi-hop	What activities does Nate do with his turtles?	takes them onwalks, holds them,feeds themstrawberries, givesthem baths.	watches them eat, takes them for walks, holds them, gives them baths	0.4928571428571429	0.4928571428571429	watching them eat, taking them for walks, holding them, bathing them, taking them to the beach	0.5178571428571429	0.5178571428571429	watching,taking for a walk,giving a bath,holding	0.375	0.375	watching,taking photos,holding,walking,bathing	0.43333333333333335	0.43333333333333335
locomo:conv-42:qa71	multi-hop	What do both Joanna and Nate appreciate the beauty of?	Nature	nature	1.0	1.0	nature	1.0	1.0	nature,sunset	1.0	1.0	nature,turtles	1.0	1.0
locomo:conv-42:qa72	temporal	When did Joanna plan on going to Nate's to watch him play with his turtles?	10 November, 2022	the week before 9 November 2022	0.5	0.5	the day after 4 November 2022	0.5	0.5	the week before 9 November 2022	0.5	0.5	the day after 4 November 2022	0.5	0.5
locomo:conv-42:qa73	open-domain	What state did Joanna visit in summer 2021?	Indiana	insufficient information	0.0	0.0	insufficient information	0.0	0.0	insufficient information	0.0	0.0	insufficient information	0.0	0.0
locomo:conv-42:qa74	multi-hop	What recommendations has Nate received from Joanna?	"""Eternal Sunshine of the Spotless Mind"" movie, ""A Court of Thorns and Roses"" book, pointers for making living room comfy, starting a cork board for memories, ""Little Women"" movie"	'Little Women', a fantasy book series, tips on dairy-free baking, a dairy-free tart recipe	0.21000000000000002	0.21000000000000002	coconut, a fantasy book series, starting a cork board, 'Little Women', joining a writing convention, baking a treat, taking breaks and reducing stress	0.36	0.36	'Little Women', a fantasy book series, tips on dairy-free baking	0.21000000000000002	0.21000000000000002	coconut, a book series, 'Little Women', a fantasy book series	0.21714285714285717	0.21714285714285717
locomo:conv-42:qa75	multi-hop	What are Nate's favorite desserts?	coconut milk icecream, dairy-free chocolate cake with berries, chocolate and mixed-berry icecream, dairy-free chocolate mousse	coconut milk ice cream, dairy-free chocolate mousse	0.6011904761904762	0.6011904761904762	chocolate flavors, mixed berry flavors, coconut milk	0.4714285714285715	0.4714285714285715	coconut milk ice cream,dairy-free chocolate mousse	0.6011904761904762	0.6011904761904762	chocolate flavors,mixed berry flavors,coconut milk	0.4714285714285715	0.4714285714285715
locomo:conv-42:qa76	multi-hop	How has Nate tried to disburse his vegan ice-cream recipes?	teaching others, cooking show	shared the recipe with Joanna, taught on his cooking show, shared photos	0.28571428571428575	0.28571428571428575	shared the recipe with Joanna, taught on his cooking show	0.28571428571428575	0.28571428571428575	shared recipe, taught on cooking show, shared photo	0.3333333333333333	0.3333333333333333	cooking show, sharing recipe with Joanna	0.5	0.5
locomo:conv-42:qa77	temporal	When did Nate win his second tournament?	The week before 2 May, 2022.	25 April 2022 - 1 May 2022	0.3636363636363636	0.3636363636363636	25 April 2022 - 1 May 2022	0.3636363636363636	0.3636363636363636	25 April 2022 - 1 May 2022	0.3636363636363636	0.3636363636363636	25 April 2022 - 1 May 2022	0.3636363636363636	0.3636363636363636
locomo:conv-42:qa78	multi-hop	How many video game tournaments has Nate participated in?	nine	6	0.0	0.0	4	0.0	0.0	7	0.0	0.0	5	0.0	0.0
locomo:conv-42:qa79	multi-hop	How many screenplays has Joanna written?	three	3	0.0	0.0	3	0.0	0.0	3	0.0	0.0	3	0.0	0.0
locomo:conv-42:qa8	temporal	When did Nate get his first two turtles?	2019	insufficient information	0.0	0.0	insufficient information	0.0	0.0	insufficient information	0.0	0.0	since 2016	0.0	0.0
locomo:conv-42:qa80	multi-hop	How many tournaments has Nate won?	seven	5	0.0	0.0	5	0.0	0.0	6	0.0	0.0	7	0.0	0.0
locomo:conv-42:qa81	multi-hop	What recipes has Joanna made?	dairy free vanilla cake with strawberry filling and coconut cream frosting, parfait, strawberry chocolate cake, chocolate coconut cupcakes, chocolate raspberry tart, chocolate cake with raspberries, blueberry cheesecake bars	cake with dairy-free vanilla and strawberry filling, coconut milk ice cream, dairy-free chocolate cake with raspberries, chocolate tart, cookies with sprinkles	0.45912698412698416	0.45912698412698416	dairy-free vanilla cake, coconut cream frosting, vegan ice cream, dairy-free chocolate cake with raspberries, raspberry frosting, chocolate coconut cupcakes, cupcakes with different toppings, chocolate tart, almond milk dessert, dairy-free chocolate cake with raspberries, piece of cake with strawberries and chocolate, pile of cookies with sprinkles	0.5452991452991454	0.5452991452991454	cake,strawberries and chocolate,chocolate cake with raspberries,chocolate tart	0.46938775510204084	0.46938775510204084	vanilla cake with strawberry filling and coconut cream frosting, chocolate cake with raspberries, chocolate coconut cupcakes with raspberry frosting, cupcakes with different toppings, cookies with sprinkles, chocolate raspberry tart, piece of cake with strawberries and chocolate, coconut milk ice cream, dairy-free chocolate cake with raspberries	0.6031746031746031	0.6031746031746031
locomo:conv-42:qa82	multi-hop	What recipes has Nate made?	coconut milk icecream, chocolate and vanilla swirl	coconut milk ice cream, chocolate and vanilla swirl ice cream, vegan ice cream, coconut ice cream	0.6607142857142857	0.6607142857142857	coconut milk ice cream, chocolate and vanilla swirl ice cream, vegan ice cream, lactose-free ice cream, coconut milk ice cream, dairy-free dessert	0.6607142857142857	0.6607142857142857	coconut milk ice cream,chocolate and vanilla swirl ice cream,vegan ice cream,dairy-free dessert with whipped cream and chocolate sauce,coconut ice cream	0.6607142857142857	0.6607142857142857	coconut milk ice cream, chocolate and vanilla swirl ice cream, vegan ice cream, lactose-free ice cream, coconut ice cream	0.6607142857142857	0.6607142857142857
locomo:conv-42:qa83	multi-hop	What are the skills that Nate has helped others learn?	coconut milk ice cream recipe, reset high scores, tips to improve gaming skills	how to make dairy-free desserts, vegan ice cream recipes	0.28888888888888886	0.28888888888888886	cooking, vegan ice cream recipes	0.22222222222222218	0.22222222222222218	Street Fighter, making coconut milk ice cream, teaching vegan ice cream recipes	0.2666666666666667	0.2666666666666667	coconut milk ice cream, vegan ice cream recipes	0.29629629629629634	0.29629629629629634
locomo:conv-42:qa84	open-domain	Was the first half of September 2022 a good month career-wise for Nate and Joanna? Answer yes or no.	No; because both of them faced setbacks in their career	likely no	0.6666666666666666	0.6666666666666666	insufficient information	0.0	0.0	likely yes	0.0	0.0	likely yes	0.0	0.0
locomo:conv-42:qa85	open-domain	What kind of job is Joanna beginning to preform the duties of because of her movie scripts?	filmmaker.	writer	0.0	0.0	writing	0.0	0.0	screenwriter	0.0	0.0	writer	0.0	0.0
locomo:conv-42:qa86	temporal	When did Nate take his turtles to the beach?	10 November, 2022	10 November 2022	1.0	1.0	10 November 2022	1.0	1.0	10 November 2022	1.0	1.0	10 November 2022	1.0	1.0
locomo:conv-42:qa87	open-domain	What state did Nate visit?	Florida	insufficient information	0.0	0.0	insufficient information	0.0	0.0	insufficient information	0.0	0.0	insufficient information	0.0	0.0
locomo:conv-42:qa88	single-hop	What is one of Joanna's favorite movies?	"""Eternal Sunshineof the Spotless Mind"""	a romantic drama about memory and relationships	0.0	0.0	a romantic drama about memory and relationships	0.0	0.0	a romantic drama about memory and relationships	0.0	0.0	a romantic drama about memory and relationships	0.0	0.0
locomo:conv-42:qa89	single-hop	What color did Nate choose for his hair?	purple	purple	1.0	1.0	purple	1.0	1.0	purple	1.0	1.0	purple	1.0	1.0
locomo:conv-42:qa9	temporal	What major achievement did Joanna accomplish in January 2022?	finished her screenplay and printed it	finishing her first full screenplay	0.6	0.6	finishing her first full screenplay	0.6	0.6	finishing her first full screenplay	0.6	0.6	finishing her first full screenplay	0.6	0.6
locomo:conv-42:qa90	single-hop	What is Nate's favorite movie trilogy?	Lord of the Rings	The Lord of the Rings Trilogy	0.8571428571428571	0.8571428571428571	The Lord of the Rings Trilogy	0.8571428571428571	0.8571428571428571	The Lord of the Rings Trilogy	0.8571428571428571	0.8571428571428571	The Lord of the Rings Trilogy	0.8571428571428571	0.8571428571428571
locomo:conv-42:qa91	single-hop	What is Nate's favorite book series about?	dragons	fantasy or sci-fi	0.0	0.0	trilogy known for its world building, battles, and storytelling	0.0	0.0	fantasy or sci-fi	0.0	0.0	fantasy or sci-fi	0.0	0.0
locomo:conv-42:qa92	single-hop	What kind of lighting does Nate's gaming room have?	red and purple lighting	insufficient information	0.0	0.0	insufficient information	0.0	0.0	insufficient information	0.0	0.0	insufficient information	0.0	0.0
locomo:conv-42:qa93	single-hop	What game was the second tournament that Nate won based on?	Street Fighter	Street Fighter	1.0	1.0	Counter-Strike: Global Offensive	0.0	0.0	Counter-Strike: Global Offensive	0.0	0.0	Counter-Strike: Global Offensive	0.0	0.0
locomo:conv-42:qa94	single-hop	What is Joanna's third screenplay about?	loss, identity, and connection	insufficient information	0.0	0.0	loss, identity, and connection	1.0	1.0	insufficient information	0.0	0.0	loss, identity, and connection	1.0	1.0
locomo:conv-42:qa95	single-hop	What is Nate's favorite video game?	Xenoblade Chronicles	insufficient information	0.0	0.0	Counter-Strike: Global Offensive	0.0	0.0	Counter-Strike: Global Offensive	0.0	0.0	Counter-Strike: Global Offensive	0.0	0.0
locomo:conv-42:qa96	single-hop	What type of movies does Nate enjoy watching the most?	action and sci-fi	fantasy and sci-fi	0.5	0.5	fantasy and sci-fi movies	0.4	0.4	sci-fi	0.6666666666666666	0.6666666666666666	fantasy and sci-fi	0.5	0.5
locomo:conv-42:qa97	single-hop	What did Joanna just finish last Friday on 23 January, 2022?	screenplay	her first full screenplay	0.4	0.4	her first full screenplay	0.4	0.4	first full screenplay	0.5	0.5	first full screenplay	0.5	0.5
locomo:conv-42:qa98	single-hop	What genre is Joanna's first screenplay?	drama and romance	drama and romance	1.0	1.0	drama and romance	1.0	1.0	drama and romance	1.0	1.0	drama and romance	1.0	1.0
locomo:conv-42:qa99	single-hop	What are Joanna's plans for her finished screenplay in January 2022?	submit it to film festivals and get producers and directors to check it out	submit her screenplay to some film festivals	0.4210526315789474	0.4210526315789474	submit her screenplay to some film festivals	0.4210526315789474	0.4210526315789474	submit to film festivals	0.5	0.5	submit to film festivals	0.5	0.5
locomo:conv-43:qa0	multi-hop	what are John's goals with regards to his basketball career?	improve shooting percentage, win a championship	improving shooting percentage, winning a championship, making more of an impact on the court, building his brand	1.0	1.0	win a championship, make a positive difference, improve shooting, make more of an impact on the court, build his brand	0.9	0.9	win a championship, improve shooting percentage, make more of an impact on the court, build his brand, be known as a consistent performer	1.0	1.0	win a championship, make a positive difference, improve shooting percentage, build his brand, create opportunities for teammates	1.0	1.0
locomo:conv-43:qa1	multi-hop	What are John's goals for his career that are not related to his basketball skills?	get endorsements, build his brand, do charity work	win a championship, start a foundation, do charity work, use his platform to make a positive difference and inspire others	0.3888888888888889	0.3888888888888889	win a championship, make a difference away from the court, start a foundation, do charity work, use his platform to make a positive difference and inspire others	0.3888888888888889	0.3888888888888889	make a difference through charity, start a foundation, use his platform to make a positive difference and inspire others	0.1507936507936508	0.1507936507936508	make a difference away from the court, start a foundation, do charity work, use his platform to make a positive difference and inspire others	0.3888888888888889	0.3888888888888889
locomo:conv-43:qa10	temporal	When was John in Seattle for a game?	early August, 2023	August 2023	0.8	0.8	August 2023	0.8	0.8	the month after 16 July 2023; August 2023	0.4	0.4	the month after 16 July 2023; August 2023	0.4	0.4
locomo:conv-43:qa100	single-hop	How long did John and his high school basketball teammates play together?	Four years	four years	1.0	1.0	four years	1.0	1.0	4	0.0	0.0	4	0.0	0.0
locomo:conv-43:qa101	single-hop	How was John's experience in New York City?	Amazing	awesome	0.0	0.0	awesome	0.0	0.0	awesome	0.0	0.0	awesome	0.0	0.0
locomo:conv-43:qa102	single-hop	What did John say about NYC, enticing Tim to visit?	It's got so much to check out - the culture, food - you won't regret it.	NYC is amazing and has so much to check out, a must-visit with lots to explore and try out	0.3448275862068966	0.3448275862068966	NYC is amazing and has so much to check out	0.4545454545454546	0.4545454545454546	NYC is amazing and has so much to check out	0.4545454545454546	0.4545454545454546	NYC is amazing and has so much to check out	0.4545454545454546	0.4545454545454546
locomo:conv-43:qa103	single-hop	What kind of soup did John make recently?	tasty soup with sage	tasty soup with sage	1.0	1.0	tasty soup with sage	1.0	1.0	tasty soup	0.6666666666666666	0.6666666666666666	tasty	0.4	0.4
locomo:conv-43:qa104	single-hop	What spice did John add to the soup for flavor?	sage	sage	1.0	1.0	sage	1.0	1.0	sage	1.0	1.0	sage	1.0	1.0
locomo:conv-43:qa105	single-hop	What is Tim excited to see at Universal Studios?	The Harry Potter stuff	Harry Potter stuff	1.0	1.0	Harry Potter stuff	1.0	1.0	Harry Potter stuff	1.0	1.0	Harry Potter stuff	1.0	1.0
locomo:conv-43:qa106	single-hop	Where are John and his teammates planning to explore on a team trip?	a new city	Edinburgh, Scotland	0.0	0.0	Edinburgh, Scotland	0.0	0.0	Edinburgh, Scotland	0.0	0.0	Edinburgh, Scotland	0.0	0.0
locomo:conv-43:qa107	single-hop	What city did Tim suggest to John for the team trip next month?	Edinburgh, Scotland	Edinburgh, Scotland	1.0	1.0	Edinburgh, Scotland	1.0	1.0	Edinburgh, Scotland	1.0	1.0	Edinburgh, Scotland	1.0	1.0
locomo:conv-43:qa108	single-hop	What does John want to do after his basketball career?	positively influence and inspire others, potentially start a foundation and engage in charity work	start a foundation and do charity work	0.5000000000000001	0.5000000000000001	start a foundation and do charity work	0.5000000000000001	0.5000000000000001	start a foundation, do charity work	0.5000000000000001	0.5000000000000001	start a foundation, do charity work	0.5000000000000001	0.5000000000000001
locomo:conv-43:qa109	single-hop	What advice did Tim give John about picking endorsements?	Ensure they align with values and brand, look for companies that share the desire to make a change and help others, make sure the endorsement feels authentic	ensure endorsements align with his values and brand, look for a company that shares his desire to make a change and help others	0.8292682926829269	0.8292682926829269	ensure endorsements align with his values and brand, look for a company that shares his desire to make a change and help others	0.8292682926829269	0.8292682926829269	ensure endorsements align with his values and brand, look for a company that shares his desire to make a change and help others	0.8292682926829269	0.8292682926829269	ensure endorsements align with his values and brand, look for a company that shares his desire to make a change and help others	0.8292682926829269	0.8292682926829269
locomo:conv-43:qa11	multi-hop	What sports does John like besides basketball?	surfing	insufficient information	0.0	0.0	insufficient information	0.0	0.0	sports	0.0	0.0	none	0.0	0.0
locomo:conv-43:qa110	single-hop	What book recommendation did Tim give to John for the trip?	A fantasy novel by Patrick Rothfuss	a fantasy novel by Patrick Rothfuss	1.0	1.0	a fantasy novel by Patrick Rothfuss	1.0	1.0	a fantasy novel by Patrick Rothfuss	1.0	1.0	a fantasy novel by Patrick Rothfuss	1.0	1.0
locomo:conv-43:qa111	single-hop	What type of venue did John and his girlfriend choose for their wedding ceremony?	Greenhouse	greenhouse	1.0	1.0	greenhouse	1.0	1.0	greenhouse	1.0	1.0	greenhouse	1.0	1.0
locomo:conv-43:qa112	single-hop	What was the setting for John and his wife's first dance?	Cozy restaurant	a cozy restaurant	1.0	1.0	a cozy restaurant	1.0	1.0	a cozy restaurant	1.0	1.0	a cozy restaurant	1.0	1.0
locomo:conv-43:qa113	single-hop	Which basketball team does Tim support?	The Wolves	John's basketball team	0.0	0.0	John's basketball team	0.0	0.0	John's basketball team	0.0	0.0	John's	0.0	0.0
locomo:conv-43:qa114	single-hop	What passion does Tim mention connects him with people from all over the world?	passion for fantasy stuff	fantasy stuff	0.6666666666666666	0.6666666666666666	Harry Potter	0.0	0.0	fantasy stuff	0.6666666666666666	0.6666666666666666	Harry Potter	0.0	0.0
locomo:conv-43:qa115	single-hop	How does John describe the game season for his team?	intense with tough losses and great wins	intense with both tough losses and great wins	0.923076923076923	0.923076923076923	intense	0.2857142857142857	0.2857142857142857	intense with both tough losses and great wins	0.923076923076923	0.923076923076923	intense	0.2857142857142857	0.2857142857142857
locomo:conv-43:qa116	single-hop	How does John say his team handles tough opponents?	by backing each other up and not quitting	get driven by challenges	0.18181818181818182	0.18181818181818182	back each other up	0.7272727272727273	0.7272727272727273	get driven by challenges	0.18181818181818182	0.18181818181818182	back each other up	0.7272727272727273	0.7272727272727273
locomo:conv-43:qa117	single-hop	What motivates John's team to get better, according to John?	facing tough opponents	challenges	0.0	0.0	mutual support and encouragement	0.0	0.0	challenges, support	0.0	0.0	mutual support, team bond, shared passion	0.0	0.0
locomo:conv-43:qa118	single-hop	What did John's team win at the end of the season?	a trophy	trophy	1.0	1.0	a trophy	1.0	1.0	trophy	1.0	1.0	trophy	1.0	1.0
locomo:conv-43:qa119	single-hop	Where did Tim capture the photography of the sunset over the mountain range?	Smoky Mountains	Smoky Mountains	1.0	1.0	Smoky Mountains	1.0	1.0	Smoky Mountains	1.0	1.0	Smoky Mountains	1.0	1.0
locomo:conv-43:qa12	temporal	What year did John start surfing?	2018	2018	1.0	1.0	2018	1.0	1.0	2018	1.0	1.0	2018	1.0	1.0
locomo:conv-43:qa120	single-hop	How does John feel about being seen as a mentor by some of the younger players?	It feels great	rewarded	0.0	0.0	rewarded	0.0	0.0	rewarded	0.0	0.0	rewarded	0.0	0.0
locomo:conv-43:qa121	single-hop	What does John find rewarding about mentoring the younger players?	Seeing their growth, improvement, and confidence	seeing growth, increased confidence, and shaping the future of his mentees	0.42857142857142855	0.42857142857142855	seeing growth and improvement, increased confidence, shaping the future, being a positive role model, motivating and encouraging	0.4444444444444444	0.4444444444444444	seeing growth, increased confidence, being a positive role model, inspiring mentees, sharing skills and knowledge	0.33333333333333337	0.33333333333333337	seeing growth and improvement, increased confidence, being a positive role model, shaping the future of young athletes, motivating and encouraging mentees	0.3636363636363636	0.3636363636363636
locomo:conv-43:qa122	single-hop	What has John been able to help the younger players achieve?	reach their goals	increased confidence,growth and improvement,reach their goals	0.5	0.6	increased confidence,growth and improvement	0.0	0.0	increased confidence,growth and improvement,shaping the future,going after their dreams	0.2	0.15384615384615383	increased confidence,growth and improvement	0.0	0.0
locomo:conv-43:qa123	single-hop	What genre is the novel that Tim is writing?	Fantasy	fantasy	1.0	1.0	fantasy	1.0	1.0	fantasy	1.0	1.0	fantasy	1.0	1.0
locomo:conv-43:qa124	single-hop	Who is one of Tim's sources of inspiration for writing?	J.K. Rowling	J.K. Rowling	1.0	1.0	J.K. Rowling	1.0	1.0	J.K. Rowling	1.0	1.0	J.K. Rowling	1.0	1.0
locomo:conv-43:qa125	single-hop	What J.K. Rowling quote does Tim resonate with?	"""Turn on the light - happiness hides in the darkest of times."""	Turn on the light - happiness hides in the darkest of times.	1.0	1.0	Turn on the light - happiness hides in the darkest of times.	1.0	1.0	Turn on the light - happiness hides in the darkest of times.	1.0	1.0	Turn on the light - happiness hides in the darkest of times.	1.0	1.0
locomo:conv-43:qa126	single-hop	What does John write on the whiteboard to help him stay motivated?	motivational quotes and strategies	motivational quotes and strategies	1.0	1.0	motivational quotes and strategies	1.0	1.0	motivational quotes,strategies	0.4	1.0	motivational quotes,strategies	0.4	1.0
locomo:conv-43:qa127	single-hop	What hobby is a therapy for John when away from the court?	Cooking	yoga	0.0	0.0	basketball	0.0	0.0	yoga	0.0	0.0	yoga	0.0	0.0
locomo:conv-43:qa128	single-hop	What type of meal does John often cook using a slow cooker?	honey garlic chicken with roasted veg	insufficient information	0.0	0.0	insufficient information	0.0	0.0	insufficient information	0.0	0.0	insufficient information	0.0	0.0
locomo:conv-43:qa129	single-hop	How will John share the honey garlic chicken recipe with the other person?	write it down and mail it	mail	0.33333333333333337	0.33333333333333337	mail	0.33333333333333337	0.33333333333333337	mail	0.33333333333333337	0.33333333333333337	mail	0.33333333333333337	0.33333333333333337
locomo:conv-43:qa13	multi-hop	What does Tim do to escape reality?	Read fantasy books.	reads fantasy books	1.0	1.0	reading fantasy books, getting lost in magical worlds, enjoying comfy spots	1.0	1.0	reading fantasy books, writing	1.0	1.0	reading fantasy books, reading in a comfy spot, hiking with friends and family, exploring with friends and family, going on road trips with friends and family, getting lost in good books, enjoying movie marathons with friends, writing	1.0	1.0
locomo:conv-43:qa130	single-hop	What was Tim's huge writing issue last week,as mentioned on November 6, 2023?	He got stuck on a plot twist	getting stuck on a plot twist	0.7272727272727272	0.7272727272727272	getting stuck on a plot twist	0.7272727272727272	0.7272727272727272	got stuck on a plot twist	0.9090909090909091	0.9090909090909091	getting stuck on a plot twist	0.7272727272727272	0.7272727272727272
locomo:conv-43:qa131	single-hop	What does Tim have that serves as a reminder of hard work and is his prized possession?	a basketball signed by his favorite player	a basketball signed by his favorite player	1.0	1.0	a basketball signed by his favorite player	1.0	1.0	a basketball signed by his favorite player	1.0	1.0	signed basketball	0.5	0.5
locomo:conv-43:qa132	single-hop	Why do Tim and John find LeBron inspiring?	LeBron's determination and the epic block in Game 7 of the '16 Finals	LeBron's determination and heart	0.30769230769230765	0.30769230769230765	LeBron's determination, skills, leadership, and moments of heart in sports inspire Tim and John.	0.3636363636363636	0.3636363636363636	determination and heart	0.16666666666666669	0.16666666666666669	LeBron's work ethic, determination, and leadership	0.26666666666666666	0.26666666666666666
locomo:conv-43:qa133	single-hop	How did John describe the views during their road trip out on the European coastline?	Spectacular	spectacular, epic	0.6666666666666666	0.6666666666666666	spectacular	1.0	1.0	spectacular,epic	0.0	0.6666666666666666	spectacular	1.0	1.0
locomo:conv-43:qa134	single-hop	What is one of Tim's favorite fantasy TV shows, as mentioned on November 11, 2023?	"""That"""	insufficient information	0.0	0.0	The Wheel of Time	0.0	0.0	insufficient information	0.0	0.0	The Wheel of Time	0.0	0.0
locomo:conv-43:qa135	single-hop	How does Tim stay motivated during difficult study sessions?	Visualizing goals and success	focuses on the journey, learning from challenges, breaking up studying into smaller parts, staying positive	0.0	0.0	visual reminders, strategies, focusing on the journey, learning from challenges, staying positive	0.14285714285714288	0.14285714285714288	visual reminders, breaking up studying into smaller parts, focusing on the journey, learning from challenges, staying positive	0.10526315789473684	0.10526315789473684	visual reminders,strategies	0.4	0.3333333333333333
locomo:conv-43:qa136	single-hop	What did Tim say about his injury on 16 November, 2023?	The doctor said it's not too serious	Tim is suffering from an injury, has a bandage on their leg, and is staying positive.	0.0	0.0	Tim has a bandage on their leg.	0.0	0.0	Tim is suffering from an injury.	0.0	0.0	compares his injury to an inability to read due to an injury	0.0	0.0
locomo:conv-43:qa137	single-hop	What was the setback Tim faced in his writing project on 21 November, 2023?	Story based on experiences in the UK didn't go as planned	setback with writing a story based on his experiences in the UK	0.6	0.6	it didn't go the way he wanted	0.25	0.25	setback with writing a story based on his experiences in the UK	0.6	0.6	writing a story based on his experiences in the UK	0.6666666666666665	0.6666666666666665
locomo:conv-43:qa138	single-hop	How did John overcome his ankle injury from last season?	stayed focused on recovery and worked hard to strengthen his body	required time off and physical therapy, worked hard to strengthen his body, stayed focused on recovery	0.8	0.8	required time off and physical therapy	0.0	0.0	time off, physical therapy, strengthening body, staying focused on recovery	0.6	0.6	time off and physical therapy	0.0	0.0
locomo:conv-43:qa139	single-hop	What motivated Tim to keep pushing himself to get better in writing and reading?	Love for writing and reading	books, movies, real-life experiences, overcoming challenges, special moments	0.0	0.0	passion for writing and reading	0.75	0.75	books, fantasy books, overcoming challenges, joy of writing	0.16666666666666666	0.16666666666666666	books, movies, real-life experiences, fantasy stories, non-fiction books about personal development and mindset	0.0	0.0
locomo:conv-43:qa14	multi-hop	What kind of writing does Tim do?	comments on favorite books in a fantasy literature forum, articles on fantasy novels, studying characters, themes, and making book recommendations, writing a fantasy novel	articles about fantasy novels, a fantasy novel	0.2916666666666667	0.2916666666666667	articles about fantasy novels, a fantasy novel	0.2916666666666667	0.2916666666666667	articles and a fantasy novel	0.2842712842712843	0.2842712842712843	articles and a fantasy novel	0.2842712842712843	0.2842712842712843
locomo:conv-43:qa140	single-hop	How did John overcome a mistake he made during a big game in basketball?	Worked hard to get better and focused on growth	worked hard to get better	0.7692307692307693	0.7692307692307693	worked hard to get better	0.7692307692307693	0.7692307692307693	worked hard to get better	0.7692307692307693	0.7692307692307693	worked hard to get better,messed up during a big game,learned that resilience is key,owned up to mistakes	0.3333333333333333	0.37037037037037035
locomo:conv-43:qa141	single-hop	What book did John recently finish rereading that left him feeling inspired and hopeful about following dreams?	The Alchemist	The Alchemist	1.0	1.0	The Alchemist	1.0	1.0	The Alchemist	1.0	1.0	The Alchemist	1.0	1.0
locomo:conv-43:qa142	single-hop	"How did ""The Alchemist"" impact John's perspective on following dreams?"	made him think again about following dreams and searching for personal legends	made John think about following dreams and searching for personal legends	0.8571428571428572	0.8571428571428572	made John think about following dreams and searching for personal legends	0.8571428571428572	0.8571428571428572	motivated and inspired John to think about following dreams and searching for personal legends	0.6956521739130435	0.6956521739130435	made John think about following dreams and searching for personal legends	0.8571428571428572	0.8571428571428572
locomo:conv-43:qa143	single-hop	What is John trying out to improve his strength and flexibility after recovery from ankle injury?	yoga	yoga	1.0	1.0	yoga	1.0	1.0	yoga	1.0	1.0	yoga	1.0	1.0
locomo:conv-43:qa144	single-hop	How long does John usually hold the yoga pose he shared with Tim?	30-60 seconds	30-60 seconds	1.0	1.0	30-60 seconds	1.0	1.0	30-60 seconds	1.0	1.0	30-60 seconds	1.0	1.0
locomo:conv-43:qa145	single-hop	Where was the forest picture shared by John on December 1,2023 taken?	near his hometown	near John's hometown	0.6666666666666666	0.6666666666666666	near John's hometown	0.6666666666666666	0.6666666666666666	near John's hometown	0.6666666666666666	0.6666666666666666	near John's hometown	0.6666666666666666	0.6666666666666666
locomo:conv-43:qa146	single-hop	What did Tim recently start learning in addition to being part of a travel club and working on studies?	an instrument	violin	0.0	0.0	how to play the violin	0.0	0.0	German, violin	0.0	0.0	violin,piano,German	0.0	0.0
locomo:conv-43:qa147	single-hop	What instrument is Tim learning to play in December 2023?	violin	violin	1.0	1.0	violin	1.0	1.0	violin	1.0	1.0	violin	1.0	1.0
locomo:conv-43:qa148	single-hop	How long has Tim been playing the piano for, as of December 2023?	about four months	about four months	1.0	1.0	about four months	1.0	1.0	since August 2023	0.0	0.0	about four months	1.0	1.0
locomo:conv-43:qa149	single-hop	What book did Tim just finish reading on 8th December, 2023?	"""A Dance with Dragons"""	A Dance with Dragons	1.0	1.0	A Dance with Dragons	1.0	1.0	A Dance with Dragons	1.0	1.0	A Dance with Dragons	1.0	1.0
locomo:conv-43:qa15	open-domain	Who is Anthony?	likely John's friend, colleague or family	John's friend	0.5	0.5	friend of John	0.4444444444444444	0.4444444444444444	friend of John	0.4444444444444444	0.4444444444444444	friend of John	0.4444444444444444	0.4444444444444444
locomo:conv-43:qa150	single-hop	Which book did Tim recommend to John as a good story on 8th December, 2023?	"""A Dance with Dragons"""	A Dance with Dragons	1.0	1.0	A Dance with Dragons	1.0	1.0	A Dance with Dragons	1.0	1.0	A Dance with Dragons	1.0	1.0
locomo:conv-43:qa151	single-hop	What is the topic of discussion between John and Tim on 11 December, 2023?	Academic achievements and sports successes	any new success stories	0.25	0.25	any new success stories	0.25	0.25	any new success stories	0.25	0.25	any new success stories	0.25	0.25
locomo:conv-43:qa152	single-hop	What kind of game did John have a career-high in assists in?	basketball	against his rival	0.0	0.0	against his rival	0.0	0.0	against his rival	0.0	0.0	against his rival	0.0	0.0
locomo:conv-43:qa153	single-hop	What was John's way of dealing with doubts and stress when he was younger?	practicing basketball outside for hours	practicing basketball	0.5714285714285715	0.5714285714285715	practicing basketball outside for hours	1.0	1.0	basketball	0.33333333333333337	0.33333333333333337	practicing basketball	0.5714285714285715	0.5714285714285715
locomo:conv-43:qa154	single-hop	How did John feel about the atmosphere during the big game against the rival team?	electric and intense	The atmosphere was incredible	0.0	0.0	incredible	0.0	0.0	incredible	0.0	0.0	incredible	0.0	0.0
locomo:conv-43:qa155	single-hop	How did John feel after being able to jog without pain?	It was a huge success.	relief	0.0	0.0	relief	0.0	0.0	relief	0.0	0.0	relief	0.0	0.0
locomo:conv-43:qa156	single-hop	What kind of deal did John get in December?	Deal with a renowned outdoor gear company	amazing deal with a renowned outdoor gear company	0.923076923076923	0.923076923076923	amazing deal with a renowned outdoor gear company	0.923076923076923	0.923076923076923	outdoor gear company	0.6666666666666666	0.6666666666666666	amazing deal with a renowned outdoor gear company	0.923076923076923	0.923076923076923
locomo:conv-43:qa157	single-hop	Where was the photoshoot done for John's gear deal?	In a gorgeous forest	a forest near John's hometown	0.28571428571428575	0.28571428571428575	a forest near John's hometown	0.28571428571428575	0.28571428571428575	a forest near John's hometown	0.28571428571428575	0.28571428571428575	a forest near John's hometown	0.28571428571428575	0.28571428571428575
locomo:conv-43:qa158	single-hop	In which area has John's team seen the most growth during training?	Communication and bonding	communication and bonding	1.0	1.0	communication and bonding	1.0	1.0	communication and bonding	1.0	1.0	communication and bonding	1.0	1.0
locomo:conv-43:qa159	single-hop	What type of seminars is John conducting?	Sports and marketing seminars	seminars to help people with sports and marketing	0.6	0.6	seminars to help people with sports and marketing	0.6	0.6	sports, marketing	0.8	0.8	sports and marketing	0.8	0.8
locomo:conv-43:qa16	temporal	After how many weeks did Tim reconnect with the fellow Harry Potter fan from California?	three weeks	8	0.0	0.0	5	0.0	0.0	8	0.0	0.0	8	0.0	0.0
locomo:conv-43:qa160	single-hop	What activity did Tim do after reading the stories about the Himalayan trek?	visited a travel agency	felt motivated by the trek	0.0	0.0	felt motivated	0.0	0.0	felt motivated	0.0	0.0	felt motivated	0.0	0.0
locomo:conv-43:qa161	single-hop	What is one cause that John supports with his influence and resources?	youth sports and fair chances in sports	youth sports	0.5	0.5	youth sports	0.5	0.5	youth sports	0.5	0.5	youth sports	0.5	0.5
locomo:conv-43:qa162	single-hop	What new fantasy TV series is Tim excited about?	"""The Wheel of Time"""	The Wheel of Time	1.0	1.0	The Wheel of Time	1.0	1.0	The Wheel of Time	1.0	1.0	The Wheel of Time	1.0	1.0
locomo:conv-43:qa163	single-hop	Which language is Tim learning?	German	German	1.0	1.0	German	1.0	1.0	German	1.0	1.0	German	1.0	1.0
locomo:conv-43:qa164	single-hop	What language does Tim know besides German?	Spanish	French	0.0	0.0	French, Spanish	0.6666666666666666	0.6666666666666666	French	0.0	0.0	French	0.0	0.0
locomo:conv-43:qa165	single-hop	What book did Tim get in Italy that inspired him to cook?	a cooking book	insufficient information	0.0	0.0	insufficient information	0.0	0.0	insufficient information	0.0	0.0	insufficient information	0.0	0.0
locomo:conv-43:qa166	single-hop	What is John's favorite book series?	Harry Potter	Harry Potter, another popular fantasy series, The Alchemist, The Hobbit, Dune	0.3636363636363636	0.3636363636363636	Harry Potter, The Alchemist, Lord of the Rings, Dune	0.4444444444444445	0.4444444444444445	Harry Potter	1.0	1.0	Harry Potter	1.0	1.0
locomo:conv-43:qa167	single-hop	According to John, who is his favorite character from Lord of the Rings?	Aragorn	Aragorn	1.0	1.0	Aragorn	1.0	1.0	Aragorn	1.0	1.0	Aragorn	1.0	1.0
locomo:conv-43:qa168	single-hop	Why does John like Aragorn from Lord of the Rings?	brave, selfless, down-to-earth attitude	Aragorn's brave, selfless, and down-to-earth attitude, he is a great leader who puts others first, never gives up, and always stands up for justice.	0.32	0.32	Aragorn's brave, selfless, down-to-earth attitude	0.888888888888889	0.888888888888889	Aragorn's brave, selfless, and down-to-earth attitude	0.888888888888889	0.888888888888889	brave, selfless, down-to-earth attitude	1.0	1.0
locomo:conv-43:qa169	single-hop	What kind of painting does John have in his room as a reminder?	a painting of Aragorn	a painting of a man smoking a cigarette	0.5	0.5	a painting of a man smoking a cigarette, a painting of a man with long hair	0.28571428571428575	0.28571428571428575	a painting of a man smoking a cigarette	0.5	0.5	a painting of a man smoking a cigarette and a painting of a man with long hair	0.28571428571428575	0.28571428571428575
locomo:conv-43:qa17	multi-hop	How many games has John mentioned winning?	6	5	0.0	0.0	5	0.0	0.0	7	0.0	0.0	5	0.0	0.0
locomo:conv-43:qa170	single-hop	What is the painting of Aragorn a reminder for John to be in everything he does?	be a leader	true, leader	0.5	0.5	a leader	0.6666666666666666	0.6666666666666666	true	0.0	0.0	a leader	0.6666666666666666	0.6666666666666666
locomo:conv-43:qa171	single-hop	What map does Tim show to his friend John?	a map of Middle-earth from LOTR	insufficient information	0.0	0.0	a map of Middle-earth	0.7499999999999999	0.7499999999999999	insufficient information	0.0	0.0	a map of Middle-earth	0.7499999999999999	0.7499999999999999
locomo:conv-43:qa172	single-hop	Where will Tim be going for a semester abroad?	Ireland	Ireland	1.0	1.0	Ireland	1.0	1.0	Ireland	1.0	1.0	Ireland	1.0	1.0
locomo:conv-43:qa173	single-hop	Which city in Ireland will Tim be staying in during his semester abroad?	Galway	Galway	1.0	1.0	Galway	1.0	1.0	Galway	1.0	1.0	Galway	1.0	1.0
locomo:conv-43:qa174	single-hop	What charity event did John organize recently in 2024?	benefit basketball game	benefit basketball game	1.0	1.0	benefit basketball game	1.0	1.0	benefit basketball game	1.0	1.0	benefit basketball game	1.0	1.0
locomo:conv-43:qa175	single-hop	What achievement did John share with Tim in January 2024?	endorsement with a popular beverage company	success organizing a charity basketball game	0.0	0.0	organizing a charity basketball game	0.0	0.0	success organizing a charity basketball game	0.0	0.0	organizing a charity basketball game	0.0	0.0
locomo:conv-43:qa176	single-hop	What was Johns's reaction to sealing the deal with the beverage company?	crazy feeling, sense of accomplishment	John felt crazy	0.25	0.25	felt crazy	0.28571428571428575	0.28571428571428575	felt crazy	0.28571428571428575	0.28571428571428575	felt crazy	0.28571428571428575	0.28571428571428575
locomo:conv-43:qa177	single-hop	Which city did John recommend to Tim in January 2024?	Barcelona	Barcelona	1.0	1.0	Barcelona	1.0	1.0	Barcelona	1.0	1.0	Barcelona	1.0	1.0
locomo:conv-43:qa18	multi-hop	What authors has Tim read books from?	J.K. Rowling, R.R. Martin, Patrick Rothfuss, Paulo Coelho, and J. R. R. Tolkien.	Harry Potter (J.K. Rowling), Patrick Rothfuss, George R. R. Martin	0.5	0.5	Harry Potter (J.K. Rowling), Game of Thrones (George R. R. Martin), Patrick Rothfuss, The Alchemist author, The Hobbit author	0.4505050505050505	0.4505050505050505	Harry Potter, Patrick Rothfuss, George R. R. Martin, J.K. Rowling	0.5666666666666667	0.5666666666666667	Harry Potter, Patrick Rothfuss, George R. R. Martin, J.R.R. Tolkien	0.36666666666666664	0.36666666666666664
locomo:conv-43:qa19	open-domain	What is a prominent charity organization that John might want to work with and why?	Good Sports, because they work with Nike, Gatorade, and Under Armour and they aim toprovide youth sports opportunities for kids ages 3-18 in high-need communities.	local organization to help disadvantaged kids	0.06896551724137931	0.06896551724137931	local organization, to make a positive impact and inspire others	0.0	0.0	local organization to help disadvantaged kids	0.06896551724137931	0.06896551724137931	local organization	0.0	0.0
locomo:conv-43:qa2	multi-hop	What items does John collect?	sneakers, fantasy movie DVDs, jerseys	sneakers,jerseys	0.6666666666666666	0.6666666666666666	sneakers,jerseys,Star Wars movies,books	0.7777777777777778	0.7777777777777778	jerseys,sneakers	0.6666666666666666	0.6666666666666666	jerseys,sneakers,Star Wars movies,Harry Potter movie collection	0.7777777777777778	0.7777777777777778
locomo:conv-43:qa20	temporal	Which city was John in before traveling to Chicago?	Seattle	Seattle	1.0	1.0	Seattle	1.0	1.0	Seattle	1.0	1.0	Seattle	1.0	1.0
locomo:conv-43:qa21	multi-hop	Which US cities does John mention visiting to Tim?	Seattle, Chicago, New York	Chicago, Seattle, NYC	0.6666666666666666	0.6666666666666666	Seattle, NYC	0.3333333333333333	0.3333333333333333	Chicago,Seattle,NYC	0.6666666666666666	0.6666666666666666	Seattle,NYC	0.3333333333333333	0.3333333333333333
locomo:conv-43:qa22	temporal	When did John meet with his teammates after returning from Chicago?	August 15, 2023	15th after his trip	0.0	0.0	15 August 2023	1.0	1.0	the 15th after his trip	0.0	0.0	the 15th after his trip	0.0	0.0
locomo:conv-43:qa23	temporal	When is Tim attending a book conference?	September 2023	next month	0.0	0.0	September 2023	1.0	1.0	the month after 17 August 2023; September 2023	0.4444444444444445	0.4444444444444445	September 2023	1.0	1.0
locomo:conv-43:qa24	temporal	Where was John between August 11 and August 15 2023?	Chicago	Seattle	0.0	0.0	Chicago	1.0	1.0	Seattle	0.0	0.0	Chicago	1.0	1.0
locomo:conv-43:qa25	multi-hop	What similar sports collectible do Tim and John own?	signed basketball	jerseys	0.0	0.0	signed basketball	1.0	1.0	jerseys	0.0	0.0	signed basketball	1.0	1.0
locomo:conv-43:qa26	multi-hop	Which TV series does Tim mention watching?	That, Wheel of Time	The Wheel of Time	0.5	0.5	The Wheel of Time	0.5	0.5	The Wheel of Time	0.5	0.5	The Wheel of Time	0.5	0.5
locomo:conv-43:qa27	open-domain	Which popular time management technique does Tim use to prepare for exams?	Pomodoro technique	breaking up studying into smaller parts	0.0	0.0	25 minutes on, then 5 minutes off	0.0	0.0	breaking up studying into smaller parts	0.0	0.0	Pomodoro Technique	1.0	1.0
locomo:conv-43:qa28	open-domain	Which popular music composer's tunes does Tim enjoy playing on the piano?	John Williams	insufficient information	0.0	0.0	J.K. Rowling	0.0	0.0	insufficient information	0.0	0.0	insufficient information	0.0	0.0
locomo:conv-43:qa29	multi-hop	What schools did John play basketball in and how many years was he with his team during high school?	Middle school, high school, and college and he was with his high school team for 4 years.	insufficient information	0.0	0.0	4	0.05555555555555556	0.05555555555555556	insufficient information	0.0	0.0	high school	0.6025641025641025	0.6025641025641025
locomo:conv-43:qa3	open-domain	Would Tim enjoy reading books by C. S. Lewis or John Greene?	C. S.Lewis	likely yes	0.0	0.0	likely yes	0.0	0.0	likely yes	0.0	0.0	likely yes	0.0	0.0
locomo:conv-43:qa30	multi-hop	Which cities has John been to?	Seattle, Chicago, New York, and Paris.	Seattle, Chicago, NYC, Edinburgh, Paris, Italy, Rocky Mountains	0.75	0.75	Seattle, Chicago, NYC, Paris, Italy, Universal Studios, Edinburgh, The Cliffs of Moher, Rocky Mountains	0.75	0.75	Seattle, Chicago, NYC, Edinburgh, Paris, Italy, Rocky Mountains, Barcelona	0.75	0.75	Seattle, Chicago, NYC, Paris, Italy, Edinburgh, Barcelona	0.75	0.75
locomo:conv-43:qa31	temporal	What month did Tim plan on going to Universal Studios?	September, 2023	September	0.6666666666666666	0.6666666666666666	September 2023	1.0	1.0	September	0.6666666666666666	0.6666666666666666	September	0.6666666666666666	0.6666666666666666
locomo:conv-43:qa32	open-domain	Which US states might Tim be in during September 2023 based on his plans of visiting Universal Studios?	California or Florida	Florida	0.5	0.5	Florida	0.5	0.5	Florida	0.5	0.5	Florida	0.5	0.5
locomo:conv-43:qa33	temporal	When does John plan on traveling with his team on a team trip?	October, 2023	October 2023	1.0	1.0	October 2023	1.0	1.0	October 2023	1.0	1.0	October 2023	1.0	1.0
locomo:conv-43:qa34	open-domain	What could John do after his basketball career?	become a basketball coach since he likes giving back and leadership	start a foundation, build his brand, do charity work	0.0	0.0	start a foundation, do charity work, build his brand	0.0	0.0	start a foundation, do charity work, build his brand	0.0	0.0	start a foundation,do charity work,build his brand	0.0	0.0
locomo:conv-43:qa35	multi-hop	What outdoor activities does John enjoy?	Hiking, surfing	hiking, camping, surfing, riding waves, basketball, photoshoots in forests	1.0	1.0	surfing, hiking, camping, basketball, cooking, watching movies on the big screen	1.0	1.0	hiking,camping,photoshoot in a forest,playing basketball,out in the water,surfing,riding waves	1.0	1.0	surfing,hiking,photography,basketball	1.0	1.0
locomo:conv-43:qa36	multi-hop	Who is Tim and John's favorite basketball player?	LeBron James	LeBron	0.6666666666666666	0.6666666666666666	LeBron	0.6666666666666666	0.6666666666666666	LeBron	0.6666666666666666	0.6666666666666666	LeBron	0.6666666666666666	0.6666666666666666
locomo:conv-43:qa37	temporal	Which week did Tim visit the UK for the Harry Potter Conference?	The week before October 13th, 2023.	the week before 13 October 2023	0.8000000000000002	0.8000000000000002	the week before 13 October 2023	0.8000000000000002	0.8000000000000002	the week before 13 October 2023	0.8000000000000002	0.8000000000000002	2 October 2023 - 8 October 2023	0.3636363636363636	0.3636363636363636
locomo:conv-43:qa38	multi-hop	which country has Tim visited most frequently in his travels?	UK	UK	1.0	1.0	insufficient information	0.0	0.0	UK	1.0	1.0	UK	1.0	1.0
locomo:conv-43:qa39	temporal	What year did Tim go to the Smoky Mountains?	2022	2022	1.0	1.0	2022	1.0	1.0	2022	1.0	1.0	2022	1.0	1.0
locomo:conv-43:qa4	multi-hop	What books has Tim read?	Harry Potter, Game of Thrones, the Name of the Wind, The Alchemist, The Hobbit, A Dance with Dragons, and the Wheel of Time.	The Name of the Wind, The Alchemist, A Storm of Swords, a book about small changes making big differences, books about castles in the UK, J.K. Rowling's works, GoT series, A Dance with Dragons, The Hobbit	0.6666666666666667	0.6666666666666667	Harry Potter, Game of Thrones, The Alchemist, a book about castles in the UK, a book about how small changes can make big differences, The Hobbit, The Name of the Wind	0.7619047619047619	0.7619047619047619	The Name of the Wind, A Storm of Swords, The Alchemist, Harry Potter, Game of Thrones, A Dance with Dragons, The Hobbit	0.9047619047619048	0.9047619047619048	Harry Potter, Game of Thrones, The Alchemist, books about castles in the UK, a book about how small changes can make big differences, The Hobbit, A Dance with Dragons	0.8095238095238095	0.8095238095238095
locomo:conv-43:qa40	temporal	Has Tim been to North Carolina and/or Tennesee states in the US?	Yes	insufficient information	0.0	0.0	insufficient information	0.0	0.0	likely yes	0.6666666666666666	0.6666666666666666	insufficient information	0.0	0.0
locomo:conv-43:qa41	multi-hop	What kind of fiction stories does Tim write?	Fantasy stories with plot twists	fantasy novels	0.28571428571428575	0.28571428571428575	fantasy novels	0.28571428571428575	0.28571428571428575	fantasy	0.33333333333333337	0.33333333333333337	fantasy	0.33333333333333337	0.33333333333333337
locomo:conv-43:qa42	multi-hop	What has John cooked?	Soup, a slow cooker meal, and honey garlic chicken with roasted veg.	soup,honey garlic chicken with roasted veg	0.6666666666666666	0.6666666666666666	soup, honey garlic chicken with roasted veg	0.6666666666666666	0.6666666666666666	soup,honey garlic chicken with roasted veg	0.6666666666666666	0.6666666666666666	soup,honey garlic chicken with roasted veg	0.6666666666666666	0.6666666666666666
locomo:conv-43:qa43	multi-hop	What does John like about Lebron James?	His heart, determination, skills, and leadership.	LeBron's work ethic, dedication, moments of determination and heart	0.18333333333333335	0.18333333333333335	LeBron's work ethic, dedication to the game, moments of determination and heart	0.18333333333333335	0.18333333333333335	work ethic,dedication to the game,moments of determination and heart	0.18333333333333335	0.18333333333333335	work ethic,dedication to the game,moments of determination and heart	0.18333333333333335	0.18333333333333335
locomo:conv-43:qa44	temporal	When did John and his wife go on a European vacation?	November, 2023.	the month before 2 January 2024; December 2023	0.22222222222222224	0.22222222222222224	6 November 2023	0.8	0.8	the month before 2 January 2024; December 2023	0.22222222222222224	0.22222222222222224	6 November 2023	0.8	0.8
locomo:conv-43:qa45	temporal	Which country was Tim visiting in the second week of November?	UK	UK	1.0	1.0	UK	1.0	1.0	UK	1.0	1.0	UK	1.0	1.0
locomo:conv-43:qa46	temporal	Where was Tim in the week before 16 November 2023?	UK	UK	1.0	1.0	UK	1.0	1.0	UK	1.0	1.0	UK	1.0	1.0
locomo:conv-43:qa47	temporal	When did John get married at a greenhouse?	last week of September 2023	the week before 2 October 2023; 25 September 2023 - 1 October 2023	0.37499999999999994	0.37499999999999994	25 September 2023 - 1 October 2023	0.3636363636363636	0.3636363636363636	the week before 2 October 2023	0.4000000000000001	0.4000000000000001	the week before 2 October 2023	0.4000000000000001	0.4000000000000001
locomo:conv-43:qa48	multi-hop	When did John get an ankle injury in 2023?	around November 16, 2023	last season	0.0	0.0	last season	0.0	0.0	last season	0.0	0.0	the weekend before 16 November 2023	0.4166666666666667	0.4166666666666667
locomo:conv-43:qa49	multi-hop	How many times has John injured his ankle?	two times	2	0.0	0.0	2	0.0	0.0	2	0.0	0.0	2	0.0	0.0
locomo:conv-43:qa5	open-domain	Based on Tim's collections, what is a shop that he would enjoy visiting in New York city?	House of MinaLima	a bookstore	0.0	0.0	Harry Potter store	0.0	0.0	a bookstore specializing in fantasy literature	0.0	0.0	Harry Potter store	0.0	0.0
locomo:conv-43:qa50	multi-hop	Which book was John reading during his recovery from an ankle injury?	The Alchemist	The Alchemist	1.0	1.0	Dune	0.0	0.0	The Alchemist	1.0	1.0	Dune	0.0	0.0
locomo:conv-43:qa51	open-domain	What kind of yoga for building core strength might John benefit from?	Hatha Yoga	Warrior II pose	0.0	0.0	Warrior II pose	0.0	0.0	Warrior II pose	0.0	0.0	Warrior II pose	0.0	0.0
locomo:conv-43:qa52	multi-hop	What does John do to supplement his basketball training?	Yoga, strength training	strength training, physical therapy exercises, working out at the gym	0.5	0.5	strength training, physical therapy exercises	0.5	0.5	strength training, physical therapy exercises	0.5	0.5	strength training, physical therapy exercises	0.5	0.5
locomo:conv-43:qa53	open-domain	What other exercises can help John with his basketball performance?	Sprinting, long-distance running, and boxing.	yoga, physical therapy exercises	0.0	0.0	strength training, yoga, morning workouts, physical therapy exercises	0.0	0.0	yoga, physical therapy exercises	0.0	0.0	strength training,yoga,physical therapy exercises	0.0	0.0
locomo:conv-43:qa54	temporal	When did John take a trip to the Rocky Mountains?	2022	the year before 1 December 2023	0.0	0.0	last year	0.0	0.0	the year before 1 December 2023	0.0	0.0	the year before 1 December 2023	0.0	0.0
locomo:conv-43:qa55	temporal	When did John start playing professionally?	May, 2023	since 2022	0.0	0.0	just under a year before 6 December 2023	0.22222222222222224	0.22222222222222224	since 2022	0.0	0.0	since 2022	0.0	0.0
locomo:conv-43:qa56	temporal	When did Tim start playing the violin?	August 2023	about four months before 6 December 2023	0.22222222222222224	0.22222222222222224	about four months before 6 December 2023	0.22222222222222224	0.22222222222222224	for about four months	0.0	0.0	about four months before 6 December 2023	0.22222222222222224	0.22222222222222224
locomo:conv-43:qa57	multi-hop	What instruments does Tim play?	piano, violin	piano, violin	1.0	1.0	piano, violin	1.0	1.0	piano, violin	1.0	1.0	piano, violin	1.0	1.0
locomo:conv-43:qa58	temporal	When did John attend the Harry Potter trivia?	August 2023.	the August before 8 December 2023	0.5714285714285715	0.5714285714285715	the August before 8 December 2023	0.5714285714285715	0.5714285714285715	the August before 8 December 2023	0.5714285714285715	0.5714285714285715	the August before 8 December 2023	0.5714285714285715	0.5714285714285715
locomo:conv-43:qa59	multi-hop	Which career-high performances did John achieve in 2023?	highest point score, highest assist	career-high in assists	0.2	0.2	40 points in a basketball game, career-high in assists	0.325	0.325	assists,buzzer-beater shot	0.3333333333333333	0.3333333333333333	assists, points	0.5833333333333333	0.5833333333333333
locomo:conv-43:qa6	temporal	In which month's game did John achieve a career-high score in points?	June 2023	December	0.0	0.0	December	0.0	0.0	December	0.0	0.0	December	0.0	0.0
locomo:conv-43:qa60	temporal	When did John achieve a career-high assist performance?	December 11, 2023	the Friday before 11 December 2023	0.7499999999999999	0.7499999999999999	the Friday before 11 December 2023	0.7499999999999999	0.7499999999999999	the Friday before 11 December 2023	0.7499999999999999	0.7499999999999999	the Friday before 11 December 2023	0.7499999999999999	0.7499999999999999
locomo:conv-43:qa61	multi-hop	What books has John read?	inpsiring book on dreaming big, The Alchemist, fantasy series, non-fiction books on personal development, Dune	The Alchemist, The Name of the Wind, Harry Potter and the Philosopher's Stone, Dune by Frank Herbert, The Hobbit	0.27999999999999997	0.27999999999999997	The Alchemist, The Name of the Wind, Harry Potter and the Philosopher's Stone, Dune, The Hobbit	0.4	0.4	The Alchemist, Harry Potter and the Philosopher's Stone, The Name of the Wind, The Hobbit, Dune	0.4	0.4	The Alchemist, The Name of the Wind, Harry Potter and the Philosopher's Stone, Dune, The Hobbit	0.4	0.4
locomo:conv-43:qa62	multi-hop	What does John do to share his knowledge?	gives seminars, mentors younger players.	teaches at seminars	0.2	0.2	teaches at seminars	0.2	0.2	teaches, mentors, speaks at seminars	0.45	0.45	teaching at seminars, mentoring younger players	0.7	0.7
locomo:conv-43:qa63	temporal	When did John organize a basketball camp for kids?	summer 2023	the summer before 26 December 2023; 1 June 2023 - 31 August 2023	0.3076923076923077	0.3076923076923077	the summer before 26 December 2023; 1 June 2023 - 31 August 2023	0.3076923076923077	0.3076923076923077	the summer before 26 December 2023	0.5714285714285715	0.5714285714285715	the summer before 26 December 2023; 1 June 2023 - 31 August 2023	0.3076923076923077	0.3076923076923077
locomo:conv-43:qa64	temporal	Which month was John in Italy?	December, 2023	December 2023	1.0	1.0	December 2023	1.0	1.0	December	0.6666666666666666	0.6666666666666666	December	0.6666666666666666	0.6666666666666666
locomo:conv-43:qa65	multi-hop	What fantasy movies does Tim like?	Lord of the Rings, Harry Potter, and Star Wars.	Star Wars, The Hobbit, Lord of the Rings	0.6666666666666666	0.6666666666666666	Harry Potter movies, Star Wars	0.6	0.6	Star Wars	0.3333333333333333	0.3333333333333333	Harry Potter movies, Star Wars	0.6	0.6
locomo:conv-43:qa66	open-domain	What is a Star Wars book that Tim might enjoy?	Star Wars: Jedi Apprentice by Judy Blundell and David Farland. It is a highly rated and immersive series about his favorite movies.	fantasy book	0.0	0.0	fantasy novel	0.0	0.0	insufficient information	0.0	0.0	fantasy novel	0.0	0.0
locomo:conv-43:qa67	open-domain	What would be a good hobby related to his travel dreams for Tim to pick up?	Writing a travel blog.	reading fantasy novels	0.0	0.0	reading fantasy novels	0.0	0.0	travel club	0.4	0.4	reading travel stories	0.3333333333333333	0.3333333333333333
locomo:conv-43:qa68	temporal	What day did Tim get into his study abroad program?	Januarty 5, 2024	5 January 2024	0.6666666666666666	0.6666666666666666	5 January 2024	0.6666666666666666	0.6666666666666666	5 January 2024	0.6666666666666666	0.6666666666666666	5 January 2024	0.6666666666666666	0.6666666666666666
locomo:conv-43:qa69	temporal	When will Tim leave for Ireland?	February, 2024	February 2024	1.0	1.0	February 2024	1.0	1.0	February 2024	1.0	1.0	February 2024	1.0	1.0
locomo:conv-43:qa7	multi-hop	Which geographical locations has Tim been to?	California, London, the Smoky Mountains	London, California, NYC, Universal Studios, UK, Smoky Mountains, Italy, Galway, Barcelona	1.0	1.0	London, California, the Smoky Mountains, the UK, Galway, Ireland, Barcelona	1.0	1.0	London, California, New York City, Smoky Mountains, UK, Galway, Barcelona	1.0	1.0	London, California, Smoky Mountains, UK, Galway	1.0	1.0
locomo:conv-43:qa70	open-domain	Which Star Wars-related locations would Tim enjoy during his visit to Ireland?	Skellig Michael, Malin Head, Loop Head, Ceann Sibéal, and Brow Head because they are Star Wars filming locations.	insufficient information	0.0	0.0	insufficient information	0.0	0.0	insufficient information	0.0	0.0	Star Wars museum,Star Wars theme park,Star Wars film locations in Ireland	0.2857142857142857	0.26666666666666666
locomo:conv-43:qa71	single-hop	Which team did John sign with on 21 May, 2023?	The Minnesota Wolves	Minnesota Wolves	1.0	1.0	Minnesota Wolves	1.0	1.0	Minnesota Wolves	1.0	1.0	Minnesota Wolves	1.0	1.0
locomo:conv-43:qa72	single-hop	What is John's position on the team he signed with?	shooting guard	shooting guard	1.0	1.0	shooting guard	1.0	1.0	shooting guard	1.0	1.0	shooting guard	1.0	1.0
locomo:conv-43:qa73	single-hop	What challenge did John encounter during pre-season training?	fitting into the new team's style of play	fitting into the new team's style of play	1.0	1.0	fitting into the new team's style of play	1.0	1.0	fitting into the new team's style of play	1.0	1.0	fitting into the new team's style of play	1.0	1.0
locomo:conv-43:qa74	single-hop	What aspects of the Harry Potter universe will be discussed in John's fan project collaborations?	characters, spells, magical creatures	characters, spells, and magical creatures	1.0	1.0	insufficient information	0.0	0.0	characters, spells, magical creatures	1.0	1.0	insufficient information	0.0	0.0
locomo:conv-43:qa75	single-hop	What forum did Tim join recently?	fantasy literature forum	fantasy literature forum	1.0	1.0	fantasy literature forum	1.0	1.0	fantasy literature forum	1.0	1.0	fantasy literature forum	1.0	1.0
locomo:conv-43:qa76	single-hop	What kind of picture did Tim share as part of their Harry Potter book collection?	MinaLima's creation from the Harry Potter films	a picture from MinaLima	0.4444444444444444	0.4444444444444444	a photo of a collection of Harry Potter books on a desk	0.26666666666666666	0.26666666666666666	a picture from MinaLima, creators of Harry Potter film props	0.6666666666666667	0.6666666666666667	a picture from MinaLima, creators of Harry Potter film props	0.6666666666666667	0.6666666666666667
locomo:conv-43:qa77	single-hop	What was the highest number of points John scored in a game recently?	40 points	40 points	1.0	1.0	40	0.6666666666666666	0.6666666666666666	40	0.6666666666666666	0.6666666666666666	40	0.6666666666666666	0.6666666666666666
locomo:conv-43:qa78	single-hop	What did John celebrate at a restaurant with teammates?	a tough win	win	0.6666666666666666	0.6666666666666666	winning a tough basketball game	0.6666666666666666	0.6666666666666666	win	0.6666666666666666	0.6666666666666666	winning a tough basketball game	0.6666666666666666	0.6666666666666666
locomo:conv-43:qa79	single-hop	What kind of deals did John sign with Nike and Gatorade?	basketball shoe and gear deal with Nike, potential sponsorship deal with Gatorade	basketball shoe and gear deal, potential sponsorship	0.7058823529411764	0.7058823529411764	basketball shoe and gear deal, potential sponsorship	0.7058823529411764	0.7058823529411764	basketball shoe and gear deal,sponsorship	0.39999999999999997	0.625	basketball shoe and gear deal, potential sponsorship	0.7058823529411764	0.7058823529411764
locomo:conv-43:qa8	open-domain	Which outdoor gear company likely signed up John for an endorsement deal?	Under Armour	a renowned outdoor gear company	0.0	0.0	a renowned outdoor gear company	0.0	0.0	a renowned outdoor gear company	0.0	0.0	a renowned outdoor gear company	0.0	0.0
locomo:conv-43:qa80	single-hop	Which city is John excited to have a game at?	Seattle	Seattle	1.0	1.0	Seattle	1.0	1.0	Seattle	1.0	1.0	Seattle	1.0	1.0
locomo:conv-43:qa81	single-hop	How long has John been surfing?	five years	five years	1.0	1.0	five years	1.0	1.0	5	0.0	0.0	5	0.0	0.0
locomo:conv-43:qa82	single-hop	How does John feel while surfing?	super exciting and free-feeling	super exciting and free-feeling	1.0	1.0	excited and free-feeling	0.8	0.8	super exciting and free-feeling	1.0	1.0	free-feeling	0.5	0.5
locomo:conv-43:qa83	single-hop	What kind of articles has Tim been writing about for the online magazine?	different fantasy novels, characters, themes, and book recommendations	fantasy novels	0.4444444444444445	0.4444444444444445	fantasy novels	0.4444444444444445	0.4444444444444445	fantasy novels,characters and themes in fantasy novels	0.4615384615384615	0.5714285714285714	fantasy novels,characters,themes,book recommendations	0.4	0.923076923076923
locomo:conv-43:qa84	single-hop	Which two fantasy novels does Tim particularly enjoy writing about?	Harry Potter and Game of Thrones	Harry Potter, Game of Thrones	1.0	1.0	Harry Potter, Game of Thrones	1.0	1.0	Harry Potter, Game of Thrones	1.0	1.0	Harry Potter, Game of Thrones	1.0	1.0
locomo:conv-43:qa85	single-hop	What did Anthony and John end up playing during the charity event?	an intense Harry Potter trivia contest	Harry Potter trivia	0.7499999999999999	0.7499999999999999	Harry Potter trivia contest	0.888888888888889	0.888888888888889	Harry Potter trivia	0.7499999999999999	0.7499999999999999	Harry Potter trivia contest	0.888888888888889	0.888888888888889
locomo:conv-43:qa86	single-hop	What did John share with the person he skyped about?	Characters from Harry Potter	insufficient information	0.0	0.0	insufficient information	0.0	0.0	insufficient information	0.0	0.0	insufficient information	0.0	0.0
locomo:conv-43:qa87	single-hop	How did John describe the team bond?	Awesome	like a second family	0.0	0.0	a second family, strong bond, equally passionate	0.0	0.0	like a second family	0.0	0.0	strong bond	0.0	0.0
locomo:conv-43:qa88	single-hop	How did John get introduced to basketball?	Dad signed him up for a local league	John started playing basketball at age ten.	0.0	0.0	John started playing basketball at ten.	0.0	0.0	started playing basketball at age ten	0.0	0.0	started playing at ten	0.0	0.0
locomo:conv-43:qa89	single-hop	What is John's number one goal in his basketball career?	Winning a championship	insufficient information	0.0	0.0	winning a championship	1.0	1.0	win a championship	1.0	1.0	winning a championship	1.0	1.0
locomo:conv-43:qa9	multi-hop	Which endorsement deals has John been offered?	basketball shoes and gear deal with Nike, potential sponsorship with Gatorade, Moxie a popular beverage company, outdoor gear company	Nike, Gatorade, renowned outdoor gear company, popular beverage company	0.6	0.6	Nike, Gatorade, a renowned outdoor gear company, a popular beverage company	0.6	0.6	Nike,Gatorade,renowned outdoor gear company,popular beverage company	0.6	0.6	Nike,Gatorade,renowned outdoor gear company,popular beverage company	0.6	0.6
locomo:conv-43:qa90	single-hop	What organization is John teaming up with for his charity work?	A local organization helping disadvantaged kids with sports and school	local organization	0.4	0.4	local organization	0.4	0.4	local organization	0.4	0.4	local organization	0.4	0.4
locomo:conv-43:qa91	single-hop	When did John meet back up with his teammates after his trip in August 2023?	Aug 15th	15th after his trip	0.3333333333333333	0.3333333333333333	15 August 2023	0.0	0.0	the 15th after 17 August 2023	0.28571428571428575	0.28571428571428575	15 August 2023	0.0	0.0
locomo:conv-43:qa92	single-hop	What did John's teammates give him when they met on Aug 15th?	a basketball with autographs on it	a signed basketball	0.28571428571428575	0.28571428571428575	a basketball with autographs	0.7499999999999999	0.7499999999999999	autographed basketball	0.5714285714285715	0.5714285714285715	a basketball with autographs	0.7499999999999999	0.7499999999999999
locomo:conv-43:qa93	single-hop	Why did John's teammates sign the basketball they gave him?	to show their friendship and appreciation	to show their friendship and appreciation	1.0	1.0	to show their friendship and appreciation	1.0	1.0	to show their friendship and appreciation	1.0	1.0	to show their friendship and appreciation	1.0	1.0
locomo:conv-43:qa94	single-hop	What is the main intention behind Tim wanting to attend the book conference?	to learn more about literature and create a stronger bond to it	to create a stronger bond to literature and learn more about literature	0.9	0.9	to learn more about literature and create a stronger bond to it	1.0	1.0	to create a stronger bond to literature and learn more about literature	0.9	0.9	to learn more about literature and create a stronger bond to it	1.0	1.0
locomo:conv-43:qa95	single-hop	What new activity has Tim started learning in August 2023?	play the piano	piano	0.6666666666666666	0.6666666666666666	piano	0.6666666666666666	0.6666666666666666	piano	0.6666666666666666	0.6666666666666666	piano	0.6666666666666666	0.6666666666666666
locomo:conv-43:qa96	single-hop	Which movie's theme is Tim's favorite to play on the piano?	"""Harry Potter and the Philosopher's Stone"""	Harry Potter and the Philosopher's Stone	1.0	1.0	Harry Potter	0.6666666666666666	0.6666666666666666	Harry Potter and the Philosopher's Stone	1.0	1.0	Harry Potter	0.6666666666666666	0.6666666666666666
locomo:conv-43:qa97	single-hop	"What special memory does ""Harry Potter and the Philosopher's Stone"" bring to Tim?"	Watching it with his family	watching it with his family	1.0	1.0	visiting Harry Potter spots, watching with family	0.5	0.5	watching with his family	0.888888888888889	0.888888888888889	visiting Harry Potter spots	0.0	0.0
locomo:conv-43:qa98	single-hop	Which movie does Tim mention they enjoy watching during Thanksgiving?	"""Home Alone"""	Home Alone	1.0	1.0	Home Alone	1.0	1.0	Home Alone	1.0	1.0	Home Alone	1.0	1.0
locomo:conv-43:qa99	single-hop	What tradition does Tim mention they love during Thanksgiving?	Prepping the feast and talking about what they're thankful for	watching movies	0.0	0.0	watching 'Home Alone'	0.0	0.0	watching movies, watching 'Home Alone', watching 'The Santa Clause', watching 'Elf'	0.0	0.0	watching 'Home Alone'	0.0	0.0
locomo:conv-44:qa0	temporal	Which year did Audrey adopt the first three of her dogs?	2020	since 2016	0.0	0.0	since 2016	0.0	0.0	2020	1.0	1.0	2020	1.0	1.0
locomo:conv-44:qa1	temporal	When did Andrew start his new job as a financial analyst?	The week before March 27, 2023	the week before 27 March 2023	1.0	1.0	20 March 2023 - 26 March 2023	0.3636363636363636	0.3636363636363636	the week before 27 March 2023	1.0	1.0	the week before 27 March 2023	1.0	1.0
locomo:conv-44:qa10	temporal	When did Audrey's positive reinforcement training course for dogs take place?	June, 2023	June 2023	1.0	1.0	June 2023	1.0	1.0	June 2023	1.0	1.0	June 2023	1.0	1.0
locomo:conv-44:qa100	single-hop	What was the reason Audrey couldn't walk her dogs for a period of time?	Knee injury	insufficient information	0.0	0.0	Audrey had a knee injury.	0.6666666666666666	0.6666666666666666	insufficient information	0.0	0.0	knee injury	1.0	1.0
locomo:conv-44:qa101	single-hop	What type of jewelry does Audrey make?	Jewelry made from recycled objects	jewelry from recycled objects	0.888888888888889	0.888888888888889	jewelry from recycled objects	0.888888888888889	0.888888888888889	recycled objects	0.5714285714285715	0.5714285714285715	recycled	0.33333333333333337	0.33333333333333337
locomo:conv-44:qa102	single-hop	Why does Audrey make jewelry out of recycled objects?	To show love for creativity and sustainability	creativity and sustainability	0.5	0.5	to show her love of creativity and sustainability	0.7692307692307692	0.7692307692307692	creativity and sustainability	0.5	0.5	to show her love of creativity and sustainability	0.7692307692307692	0.7692307692307692
locomo:conv-44:qa103	single-hop	What organization does Audrey donate a portion of his profits to?	Animal shelter	animal shelter	1.0	1.0	animal shelter	1.0	1.0	animal shelter	1.0	1.0	animal shelter	1.0	1.0
locomo:conv-44:qa104	single-hop	How does Audrey help out the animal shelter?	By donating a portion of his profits frmo selling jwelery	donates	0.19999999999999998	0.19999999999999998	donates	0.19999999999999998	0.19999999999999998	donates	0.19999999999999998	0.19999999999999998	donates	0.19999999999999998	0.19999999999999998
locomo:conv-44:qa105	single-hop	What type of games do Audrey's dogs like to play at the park?	Fetch and Frisbee	Fetch, Frisbee	1.0	1.0	Fetch, Frisbee	1.0	1.0	Frisbee, fetch	1.0	1.0	Fetch,Frisbee	0.0	1.0
locomo:conv-44:qa106	single-hop	What did Audrey make to thank her neighbors?	Goodies	goodies	1.0	1.0	goodies	1.0	1.0	goodies	1.0	1.0	goodies	1.0	1.0
locomo:conv-44:qa107	single-hop	How do Audrey's dogs react to snow?	Confused	preferring sunny days over snowy ones	0.0	0.0	hate snow	0.0	0.0	prefer sunny days over snowy ones	0.0	0.0	hate	0.0	0.0
locomo:conv-44:qa108	single-hop	How does Audrey describe her dogs' response to snow?	They definitely prefer nice, sunny days in the grass.	preferring sunny days over snowy ones	0.42857142857142855	0.42857142857142855	hating snow	0.0	0.0	prefer sunny days over snowy ones	0.42857142857142855	0.42857142857142855	hating	0.0	0.0
locomo:conv-44:qa109	single-hop	What kind of experiences are Audrey's dogs the best companions for?	Exploring the great outdoors	exploring new places, going on hikes, road trips, agility classes, dog playdates, socializing at the dog park	0.10526315789473684	0.10526315789473684	exploring new parks and trails, road trips, agility classes, hiking, visiting new places, playing at the dog park	0.10526315789473684	0.10526315789473684	adventures, hikes, road trips, agility classes, dog playdates, socializing at the dog park	0.0	0.0	exploring new parks and trails, road trips, agility classes, hiking, visiting the dog park	0.13333333333333333	0.13333333333333333
locomo:conv-44:qa11	temporal	When did Andrew go rock climbing?	June 11, 2023	the Sunday before 13 June 2023	0.5	0.5	the Sunday before 13 June 2023; 11 June 2023	0.5454545454545454	0.5454545454545454	the Sunday before 13 June 2023	0.5	0.5	the Sunday before 13 June 2023	0.5	0.5
locomo:conv-44:qa110	single-hop	What activity do Andrew and Buddy enjoy doing together?	Walking	going to parks or on hikes	0.0	0.0	doing walks	0.6666666666666666	0.6666666666666666	hiking	0.0	0.0	walking	1.0	1.0
locomo:conv-44:qa111	single-hop	What do Andrew and Buddy like doing on walks?	Checking out new hiking trails	enjoy checking out new hiking trails	0.9090909090909091	0.9090909090909091	checking out new hiking trails	1.0	1.0	checking out new hiking trails, getting fresh air	0.7692307692307693	0.7692307692307693	checking out new hiking trails, getting fresh air	0.7692307692307693	0.7692307692307693
locomo:conv-44:qa112	single-hop	What cuisine did Andrew recently try at a new spot in town?	sushi	sushi	1.0	1.0	sushi	1.0	1.0	sushi	1.0	1.0	sushi	1.0	1.0
locomo:conv-44:qa113	single-hop	Which type of sushi did Audrey suggest trying first to someone new to sushi?	California or salmon roll	California or salmon roll	1.0	1.0	California or salmon roll	1.0	1.0	California or salmon roll	1.0	1.0	California or salmon roll	1.0	1.0
locomo:conv-44:qa114	single-hop	What type of date is Andrew going on Sunday?	picnic date	picnic date	1.0	1.0	picnic date	1.0	1.0	picnic	0.6666666666666666	0.6666666666666666	picnic	0.6666666666666666	0.6666666666666666
locomo:conv-44:qa115	single-hop	What did Andrew and Audrey plan to do on the Saturday after October 28, 2023?	Go hiking	hike	0.6666666666666666	0.6666666666666666	hike with their dogs	0.3333333333333333	0.3333333333333333	hike	0.6666666666666666	0.6666666666666666	hike	0.6666666666666666	0.6666666666666666
locomo:conv-44:qa116	single-hop	What aspect of autumn does Andrew find beautiful?	The autumn colors	yellow trees	0.0	0.0	yellow trees	0.0	0.0	yellow trees	0.0	0.0	yellow trees	0.0	0.0
locomo:conv-44:qa117	single-hop	What did Audrey do in November 2023 to better take care of her dogs?	Joined a dog owners group	took her fur kids to the pet salon	0.0	0.0	joined a dog owners group	1.0	1.0	took her fur kids to the pet salon	0.0	0.0	joined a dog owners group, advised Andrew to socialize and exercise his dogs daily, advised Andrew to take care of his current dogs first, loves checking out new parks with her four pups	0.2285714285714286	0.2285714285714286
locomo:conv-44:qa118	single-hop	How often does Audrey meet up with other dog owners for tips and playdates?	Once a week	once a week	1.0	1.0	once a week	1.0	1.0	once a week	1.0	1.0	once a week	1.0	1.0
locomo:conv-44:qa119	single-hop	What did Audrey share to show ways to keep dogs active in the city?	photography of a basket full of stuffed animals	puzzles, training, hide-and-seek	0.0	0.0	puzzles, training, hide-and-seek activities	0.0	0.0	puzzles, training, hide-and-seek	0.0	0.0	puzzles, training, hide-and-seek activities	0.0	0.0
locomo:conv-44:qa12	multi-hop	What outdoor activities has Andrew done other than hiking in nature?	rock climbing, fishing, camping	rock climbing, bungee jumping, kayaking	0.3333333333333333	0.3333333333333333	rock climbing, kayaking, bungee jumping	0.3333333333333333	0.3333333333333333	rock climbing,class,bungee jumping,kayaking	0.3333333333333333	0.3333333333333333	rock climbing,kayaking,bungee jumping	0.3333333333333333	0.3333333333333333
locomo:conv-44:qa120	single-hop	What type of activities does Audrey suggest for mental stimulation of the dogs?	puzzles, training, hide-and-seek	puzzles, training, hide-and-seek	1.0	1.0	puzzles, training, hide-and-seek	1.0	1.0	puzzles, training, hide-and-seek	1.0	1.0	puzzles, training, hide-and-seek	1.0	1.0
locomo:conv-44:qa121	single-hop	What is Andrew planning to do with Scout, Toby, and Buddy?	Take them to a nearby park	take Scout, Toby, and Buddy to a nearby park	0.6666666666666666	0.6666666666666666	take Scout, Toby, and Buddy to a nearby park	0.6666666666666666	0.6666666666666666	take Scout, Toby, and Buddy to a nearby park	0.6666666666666666	0.6666666666666666	take Scout, Toby, and Buddy to a nearby park	0.6666666666666666	0.6666666666666666
locomo:conv-44:qa122	single-hop	What did Andrew get for Scout to create a safe and fun space for them?	essentials like a bed, toys, and puppy pads	bed, toys, some puppy pads	0.7272727272727272	0.7272727272727272	bed, toys, some puppy pads	0.7272727272727272	0.7272727272727272	bed,toys,puppy pads	0.25	0.8	bed,toys,puppy pads	0.25	0.8
locomo:conv-44:qa13	temporal	When did Audrey move to a new place?	June 2023	26 June 2023	0.8	0.8	26 June 2023	0.8	0.8	26 June 2023	0.8	0.8	June 2023	1.0	1.0
locomo:conv-44:qa14	multi-hop	What is something that Andrew really misses while working in the city?	being in nature	being outdoors	0.4	0.4	exploring nature trails with his family's dog	0.2	0.2	being outdoors	0.4	0.4	exploring nature trails with his family's dog	0.2	0.2
locomo:conv-44:qa15	multi-hop	What is a shared frustration regarding dog ownership for Audrey and Andrew?	Not being able to find pet friendly spots.	insufficient information	0.0	0.0	insufficient information	0.0	0.0	insufficient information	0.0	0.0	insufficient information	0.0	0.0
locomo:conv-44:qa16	temporal	When is Andrew going to go hiking with Audrey?	August	next month	0.0	0.0	the month after 11 July 2023; August 2023	0.25	0.25	next month after 1 October 2023; November 2023	0.0	0.0	the month after 19 October 2023	0.0	0.0
locomo:conv-44:qa17	multi-hop	How many times did Audrey and Andew plan to hike together?	three times	3	0.0	0.0	2	0.0	0.0	2	0.0	0.0	2	0.0	0.0
locomo:conv-44:qa18	multi-hop	Where did Audrey get Pixie from?	breeder	adopted another puppy called Pixie	0.0	0.0	adopted	0.0	0.0	adopted	0.0	0.0	adopted	0.0	0.0
locomo:conv-44:qa19	open-domain	What is an indoor activity that Andrew would enjoy doing while make his dog happy?	cook dog treats	playing fetch	0.0	0.0	playing with a ball	0.0	0.0	playing fetch	0.0	0.0	playing with a ball	0.0	0.0
locomo:conv-44:qa2	multi-hop	What kind of indoor activities has Andrew pursued with his girlfriend?	boardgames, volunteering at pet shelter, wine tasting, growing flowers	volunteering at a pet shelter, playing board games	0.25	0.25	volunteering at a pet shelter, playing board games	0.25	0.25	volunteering at a pet shelter, playing board games	0.25	0.25	picnic, board games	0.0	0.0
locomo:conv-44:qa20	open-domain	Which meat does Audrey prefer eating more than others?	chicken	chicken	1.0	1.0	chicken	1.0	1.0	chicken	1.0	1.0	chicken	1.0	1.0
locomo:conv-44:qa21	multi-hop	What are the classes that Audrey took for her dogs to?	Positive reinforcement training class for bonding, dog training course, agility class	positive reinforcement training class,dog grooming course,agility classes	0.8222222222222223	0.8222222222222223	positive reinforcement training class,dog grooming course,agility classes,dog training course	0.9333333333333332	0.9333333333333332	positive reinforcement training class, agility classes, dog grooming course	0.8222222222222223	0.8222222222222223	positive reinforcement training class, agility classes, dog grooming course	0.8222222222222223	0.8222222222222223
locomo:conv-44:qa22	temporal	Where did Andrew go during the first weekend of August 2023?	camping with girlfriend	insufficient information	0.0	0.0	camping	0.5	0.5	insufficient information	0.0	0.0	camping	0.5	0.5
locomo:conv-44:qa23	multi-hop	What are some problems that Andrew faces before he adopted Toby?	Finding the right dog and pet-friendly apartments close to open spaces	finding a dog-friendly spot,adopting a dog	0.1818181818181818	0.1818181818181818	finding a pet-friendly place to live, finding a dog-friendly spot, difficulty in finding a pet-friendly spot in the city	0.42857142857142855	0.42857142857142855	finding a pet-friendly place to live,adopting a dog	0.42857142857142855	0.42857142857142855	finding a pet-friendly place to live, finding a dog-friendly spot, difficulty in finding a pet-friendly spot in the city, struggling to find dog-friendly spots to rent, finding a place and the right dog	0.46153846153846156	0.46153846153846156
locomo:conv-44:qa24	multi-hop	Did Audrey and Andrew grow up with a pet dog?	Yes	likely no	0.0	0.0	likely no	0.0	0.0	likely no	0.0	0.0	insufficient information	0.0	0.0
locomo:conv-44:qa25	temporal	When did Andrew and his girlfriend go fishing?	weekend before August 24, 2023	19 August 2023 - 20 August 2023	0.3636363636363636	0.3636363636363636	19 August 2023 - 20 August 2023	0.3636363636363636	0.3636363636363636	19 August 2023 - 20 August 2023	0.3636363636363636	0.3636363636363636	the weekend before 24 August 2023	1.0	1.0
locomo:conv-44:qa26	multi-hop	What is the biggest stressor in Andrew's life besides not being able to hike frequently?	work	work	1.0	1.0	work	1.0	1.0	work	1.0	1.0	work	1.0	1.0
locomo:conv-44:qa27	multi-hop	How does Andrew feel about his current work?	Stressful	Andrew finds work tough and stressful.	0.33333333333333337	0.33333333333333337	Andrew finds work tough and stressful.	0.33333333333333337	0.33333333333333337	likely yes	0.0	0.0	likely yes	0.0	0.0
locomo:conv-44:qa28	multi-hop	What is something that Audrey often dresses up her dogs with?	Hats	collars	0.0	0.0	collars and tags	0.0	0.0	collars	0.0	0.0	collars and tags	0.0	0.0
locomo:conv-44:qa29	multi-hop	What are the names of Audrey's dogs?	Pepper, Precious, Panda, and Pixie	Pepper,Precious,Panda,Pixie	1.0	1.0	Pepper, Precious, Panda, Pixie	1.0	1.0	Pepper,Precious,Panda,Pixie	1.0	1.0	Pepper,Precious,Panda,Pixie	1.0	1.0
locomo:conv-44:qa3	multi-hop	What kind of places have Andrew and his girlfriend checked out around the city?	cafes, new places to eat, open space for hikes, pet shelter, wine tasting event, park	cafe, dog park, pet-friendly spots, picnic spot, wine tasting spot, sushi spot, hiking trails, park	0.5	0.5	new cafe, dog park, pet-friendly place to live, hiking trails, picnic spot, wine tasting spot, sushi spot, cozy cafe	0.47222222222222215	0.47222222222222215	cafe,dog park,picnic spot,pet-friendly spots,hiking trails	0.3333333333333333	0.3333333333333333	cafes,hiking trails,farm,picnic spot,dog park	0.3333333333333333	0.3333333333333333
locomo:conv-44:qa30	temporal	When is Andrew planning to go to the beach with his girlfriend?	November 2023	November 2023	1.0	1.0	November 2023	1.0	1.0	November 2023	1.0	1.0	November 2023	1.0	1.0
locomo:conv-44:qa31	multi-hop	What has Andrew done with his dogs?	Taking walks and hiking	hiking, playing, strolling	0.5	0.5	hiking, volunteering with animals, taking for a stroll	0.5	0.5	hiking,taking a stroll	0.5	0.5	hiking, volunteering with animals, taking for a stroll	0.5	0.5
locomo:conv-44:qa32	multi-hop	What kind of tattoo does Audrey have on her arm?	Tattoos of her four dogs.	tattoo of her dogs	0.888888888888889	0.888888888888889	tattoo of her dogs	0.888888888888889	0.888888888888889	dogs	0.33333333333333337	0.33333333333333337	dogs	0.33333333333333337	0.33333333333333337
locomo:conv-44:qa33	open-domain	What can Andrew potentially do to improve his stress and accomodate his living situation with his dogs?	Change to a hybrid or remote job so he can move away from the city to the suburbs to have a larger living space and be closer to nature.	find a pet-friendly place to live, use positive reinforcement, give dogs time and love, socialize and exercise dogs daily	0.1	0.1	find a pet-friendly place to live, socialize and exercise his dogs daily, give his dogs puzzles, training, and hide-and-seek activities	0.09756097560975609	0.09756097560975609	find a pet-friendly place to live, use positive reinforcement, give dogs time and love, socialize and exercise dogs daily	0.1	0.1	find a pet-friendly place to live, socialize and exercise his dogs daily, give his dogs puzzles, training, and hide-and-seek activities	0.09756097560975609	0.09756097560975609
locomo:conv-44:qa34	temporal	How many months passed between Andrew adopting Toby and Buddy?	three months	4	0.0	0.0	4	0.0	0.0	4	0.0	0.0	4	0.0	0.0
locomo:conv-44:qa35	multi-hop	What are the names of Andrew's dogs?	Toby, Scout, Buddy	Precious, Toby, Buddy, Scout	1.0	1.0	Precious,Toby,Buddy,Scout	1.0	1.0	Precious,Toby,Scout	0.6666666666666666	0.6666666666666666	Precious,Toby,Buddy,Scout	1.0	1.0
locomo:conv-44:qa36	multi-hop	What are some foods that Audrey likes eating?	chicken pot pie, chicken roast, blueberry muffins, sushi	pastry,sushi,chicken pot pie	0.6	0.6	pastry,sushi,chicken pot pie	0.6	0.6	pastry,sushi,chicken pot pie	0.6	0.6	pastry,sushi,chicken pot pie	0.6	0.6
locomo:conv-44:qa37	temporal	When did Audrey get into an accident in the park?	between October 19 and 24, 2023	the week before 24 October 2023	0.6	0.6	the week before 24 October 2023	0.6	0.6	the week before 24 October 2023	0.6	0.6	the week before 24 October 2023	0.6	0.6
locomo:conv-44:qa38	temporal	When did Andrew and his girlfriend go on a wine tasting trip?	the weekend before October 24, 2023	the weekend before 24 October 2023	1.0	1.0	21 October 2023 - 22 October 2023	0.3636363636363636	0.3636363636363636	the weekend before 24 October 2023	1.0	1.0	the weekend before 24 October 2023	1.0	1.0
locomo:conv-44:qa39	multi-hop	What did Audrey get wtih having so many dogs?	Companionship	happiness, joy, love	0.0	0.0	happiness, love, joy	0.0	0.0	happiness	0.0	0.0	happiness	0.0	0.0
locomo:conv-44:qa4	temporal	When did Audrey make muffins for herself?	The week of April 3rd to 9th	the week before 16 April 2023	0.3636363636363636	0.3636363636363636	the weekend before 16 April 2023	0.1818181818181818	0.1818181818181818	the week before 16 April 2023	0.3636363636363636	0.3636363636363636	the weekend before 16 April 2023	0.1818181818181818	0.1818181818181818
locomo:conv-44:qa40	multi-hop	What is a good place for dogs to run around freely and meet new friends?	The dog park	dog park	1.0	1.0	dog park	1.0	1.0	dog park	1.0	1.0	dog park	1.0	1.0
locomo:conv-44:qa41	multi-hop	What are the breeds of Audrey's dogs?	Mongrel mixed with Lab for Pepper and Panda. Mongrel mixed with Chihuahua for Precious and Pixie.	Jack Russell mixes, Chihuahua mixes	0.25	0.25	Jack Russell mixes, Chihuahua mixes	0.25	0.25	Jack Russell mixes, Chihuahua mixes	0.25	0.25	Jack Russell mixes, Chihuahua mixes	0.25	0.25
locomo:conv-44:qa42	multi-hop	What technique is Audrey using to discipline her dogs?	Positive reinforcement	positive reinforcement	1.0	1.0	positive reinforcement	1.0	1.0	positive reinforcement	1.0	1.0	positive reinforcement	1.0	1.0
locomo:conv-44:qa43	open-domain	Which US state do Audrey and Andrew potentially live in?	Minnesota	insufficient information	0.0	0.0	insufficient information	0.0	0.0	insufficient information	0.0	0.0	insufficient information	0.0	0.0
locomo:conv-44:qa44	open-domain	Which national park could Audrey and Andrew be referring to in their conversations?	Voyageurs National Park	insufficient information	0.0	0.0	beautiful national park	0.6666666666666666	0.6666666666666666	insufficient information	0.0	0.0	insufficient information	0.0	0.0
locomo:conv-44:qa45	temporal	How many pets will Andrew have, as of December 2023?	three	3	0.0	0.0	3	0.0	0.0	3	0.0	0.0	3	0.0	0.0
locomo:conv-44:qa46	temporal	How many pets did Andrew have, as of September 2023?	one	2	0.0	0.0	2	0.0	0.0	2	0.0	0.0	2	0.0	0.0
locomo:conv-44:qa47	temporal	How many months passed between Andrew adopting Buddy and Scout	one month	2	0.0	0.0	2	0.0	0.0	3	0.0	0.0	3	0.0	0.0
locomo:conv-44:qa48	multi-hop	What does Andrew view his pets as?	Family	friends and confidantes, always knowing how to listen and provide comfort, making us feel loved and understood, bringing love and energy, smart and loyal, bringing joy and friendship, family members	0.6666666666666666	0.6666666666666666	friends and confidantes	0.0	0.0	friends and confidantes	0.0	0.0	friends,confidantes,companionship	0.0	0.0
locomo:conv-44:qa49	multi-hop	What does Audrey view her pets as?	Family	family	1.0	1.0	family, furry friends, important, source of love, bringing joy and happiness	1.0	1.0	family	1.0	1.0	family	1.0	1.0
locomo:conv-44:qa5	temporal	When did Audrey see a hummingbird?	first week of May 2023	the week before 3 May 2023	0.6	0.6	the week before 3 May 2023	0.6	0.6	the week before 3 May 2023	0.6	0.6	the week before 3 May 2023	0.6	0.6
locomo:conv-44:qa50	multi-hop	What is a skill that Audrey learned to take care of her dogs?	Grooming	grooming	1.0	1.0	grooming	1.0	1.0	grooming	1.0	1.0	grooming	1.0	1.0
locomo:conv-44:qa51	multi-hop	What items has Audrey bought or made for her dogs?	dog tags, toys, dog beds, collars	collars, tags, beds, toys, treats, goodies, personalized tags	0.8333333333333333	0.8333333333333333	collars, tags, treats, something special for safety, beds, personalized tags, toys	0.8333333333333333	0.8333333333333333	collars, tags, beds, toys	0.8333333333333333	0.8333333333333333	collars, tags, treats, something special for safety, beds, personalized tags	0.5833333333333333	0.5833333333333333
locomo:conv-44:qa52	open-domain	What is something that Andrew could do to make birdwatching hobby to fit in his city schedule?	Install a bird feeder outside where he can see the birds without going outdoors.	try to go to nearby parks or on hikes whenever he can	0.25	0.25	go to nearby parks or on hikes whenever he can	0.2727272727272727	0.2727272727272727	go to nearby parks or on hikes whenever he can	0.2727272727272727	0.2727272727272727	Visit local parks or nearby natural areas regularly	0.0	0.0
locomo:conv-44:qa53	open-domain	What is a career that Andrew could potentially pursue with his love for animals and nature?	Park ranger or a similar position working for the National Park Services.	veterinarian	0.0	0.0	dog grooming	0.0	0.0	wildlife conservationist	0.0	0.0	wildlife conservationist	0.0	0.0
locomo:conv-44:qa54	multi-hop	What activity do Audrey's dogs like to do in the dog park?	Play fetch with ball and frisbee, run around and meet other dogs	playing Fetch, playing Frisbee, running around, meeting other dogs	0.6607142857142857	0.6607142857142857	playing Fetch, playing Frisbee, running around, meeting other dogs	0.6607142857142857	0.6607142857142857	playing Fetch, playing Frisbee, running around, meeting other dogs	0.6607142857142857	0.6607142857142857	playing Fetch, playing Frisbee, running around, meeting other dogs	0.6607142857142857	0.6607142857142857
locomo:conv-44:qa55	temporal	When did Andrew make his dogs a fun indoor area?	few days before November 22, 2023	insufficient information	0.0	0.0	insufficient information	0.0	0.0	the weekend before 24 September 2023	0.3636363636363636	0.3636363636363636	the weekend before 24 September 2023	0.3636363636363636	0.3636363636363636
locomo:conv-44:qa56	multi-hop	Has Andrew moved into a new apartment for his dogs?	No	insufficient information	0.0	0.0	insufficient information	0.0	0.0	insufficient information	0.0	0.0	insufficient information	0.0	0.0
locomo:conv-44:qa57	temporal	When did Andrew adopt Scout?	few days before November 2023	22 November 2023	0.5	0.5	22 November 2023	0.5	0.5	22 November 2023	0.5	0.5	event: the weekend before 24 November 2023	0.5454545454545454	0.5454545454545454
locomo:conv-44:qa58	temporal	What did Audrey eat for dinner on October 24, 2023?	sushi	Sushi	1.0	1.0	Sushi	1.0	1.0	Sushi	1.0	1.0	Sushi	1.0	1.0
locomo:conv-44:qa59	temporal	How long has it been since Andrew adopted his first pet, as of November 2023?	4 months	since 11 July 2023	0.0	0.0	since 19 October 2023	0.0	0.0	the weekend before 16 April 2023	0.0	0.0	since 11 July 2023	0.0	0.0
locomo:conv-44:qa6	temporal	When did Audrey adopt Pixie?	around April 2, 2023	the weekend before 24 October 2023	0.22222222222222224	0.22222222222222224	the weekend before 24 October 2023	0.22222222222222224	0.22222222222222224	the weekend before 24 October 2023	0.22222222222222224	0.22222222222222224	the weekend before 24 October 2023	0.22222222222222224	0.22222222222222224
locomo:conv-44:qa60	multi-hop	How many dogs does Andrew have?	3	3	1.0	1.0	3	1.0	1.0	3	1.0	1.0	3	1.0	1.0
locomo:conv-44:qa61	single-hop	Which specific type of bird mesmerizes Andrew?	Eagles	eagles	1.0	1.0	eagles	1.0	1.0	eagles	1.0	1.0	eagles	1.0	1.0
locomo:conv-44:qa62	single-hop	What did Andrew express missing about exploring nature trails with his family's dog?	The peaceful moments	peacefulness, connection and companionship	0.4	0.4	connection and companionship	0.0	0.0	connection and companionship	0.0	0.0	connection and companionship	0.0	0.0
locomo:conv-44:qa63	single-hop	What kind of pastries did Andrew and his girlfriend have at the cafe?	croissants, muffins, and tarts	croissants, muffins, and tarts	1.0	1.0	croissants, muffins, and tarts	1.0	1.0	croissants, muffins, tarts	1.0	1.0	croissants, muffins, tarts	1.0	1.0
locomo:conv-44:qa64	single-hop	What kind of flowers does Audrey have a tattoo of?	sunflowers	insufficient information	0.0	0.0	dogs	0.0	0.0	dogs	0.0	0.0	dogs	0.0	0.0
locomo:conv-44:qa65	single-hop	What does Audrey do during dog playdates in the park?	chat with people while dogs make new friends	helps her dogs make new friends,treats with the dogs,doggie puzzles,training,hide-and-seek	0.47058823529411764	0.4761904761904762	plays fetch with a ball or frisbee	0.14285714285714288	0.14285714285714288	helps her dogs make new friends,treats with the dogs,dogs socializing	0.47058823529411764	0.5263157894736842	plays fetch with a ball or frisbee,takes her dogs on walks,organizes doggy playdates	0.2	0.18181818181818182
locomo:conv-44:qa66	single-hop	What type of dog was Andrew looking to adopt based on his living space?	smaller dog	a large open space for the dog	0.28571428571428575	0.28571428571428575	a smaller dog	1.0	1.0	large	0.0	0.0	smaller	0.6666666666666666	0.6666666666666666
locomo:conv-44:qa67	single-hop	Where does Andrew want to live to give their dog a large, open space to run around?	near a park or woods	near a park or woods	1.0	1.0	near a park or woods	1.0	1.0	near a park or woods	1.0	1.0	near a park or woods	1.0	1.0
locomo:conv-44:qa68	single-hop	Why did Audrey sign up for a workshop about bonding with pets?	Strengthen the bond with her pets	to bond with her pets	0.8000000000000002	0.8000000000000002	to strengthen her bond with her pets	0.8333333333333333	0.8333333333333333	to bond with her pets	0.8000000000000002	0.8000000000000002	to strengthen her bond with her pets	0.8333333333333333	0.8333333333333333
locomo:conv-44:qa69	single-hop	How did Audrey hear about the workshop on bonding with pets?	Saw a workshop flyer at the local pet store	saw a flyer at the pet store	0.8333333333333333	0.8333333333333333	from a flyer at her local pet store	0.7142857142857143	0.7142857142857143	saw a flyer at the pet store	0.8333333333333333	0.8333333333333333	from a flyer at her local pet store	0.7142857142857143	0.7142857142857143
locomo:conv-44:qa7	temporal	How many years passed between Audrey adopting Pixie and her other three dogs?	three years	3	0.0	0.0	1	0.0	0.0	3	0.0	0.0	3	0.0	0.0
locomo:conv-44:qa70	single-hop	What type of training was the workshop Audrey signed up for in May 2023?	Positive reinforcement training	bonding with her pets	0.0	0.0	positive reinforcement	0.8	0.8	bonding with pets	0.0	0.0	positive reinforcement	0.8	0.8
locomo:conv-44:qa71	single-hop	How did Audrey describe she dog he met at the pet store?	Friendly and playful	friendly and playful	1.0	1.0	positive	0.0	0.0	friendly and playful	1.0	1.0	positive	0.0	0.0
locomo:conv-44:qa72	single-hop	Why did Audrey think positive reinforcement training is important for pets?	To have pets learn how to behave in a positive way	Audrey thinks positive reinforcement is important for pets because it helps bond with dogs and is a must learn for any dog owner.	0.19354838709677416	0.19354838709677416	to bond with dogs, important for pets to learn how to behave positively, never proper to use punishment	0.5	0.5	to bond with dogs and because it is important for pets	0.20000000000000004	0.20000000000000004	to bond with dogs and teach them how to behave positively	0.5	0.5
locomo:conv-44:qa73	single-hop	What challenge is Andrew facing in their search for a pet?	Finding a pet-friendly spot in the city	finding a dog-friendly place to live	0.20000000000000004	0.20000000000000004	finding a dog-friendly spot	0.5	0.5	finding a dog-friendly place to live	0.20000000000000004	0.20000000000000004	finding a pet-friendly spot	0.7499999999999999	0.7499999999999999
locomo:conv-44:qa74	single-hop	How does Andrew feel about their search for a pet-friendly place?	Discouraged but determined	discouraged	0.5	0.5	discouraged	0.5	0.5	discouraged	0.5	0.5	discouraged	0.5	0.5
locomo:conv-44:qa75	single-hop	What outdoor activities does Andrew plan on trying after the rock climbing class?	kayaking and bungee jumping	kayaking,bungee jumping	0.4	1.0	kayaking,bungee jumping	0.4	1.0	kayaking,bungee jumping	0.4	1.0	kayaking,bungee jumping	0.4	1.0
locomo:conv-44:qa76	single-hop	How long does Audrey typically walk her dogs for?	about an hour	about an hour	1.0	1.0	about an hour	1.0	1.0	1	0.0	0.0	about an hour	1.0	1.0
locomo:conv-44:qa77	single-hop	What did Audrey set up in the backyard for their dogs on June 26, 2023?	a doggy play area with agility stuff and toys	a doggy play area with agility stuff and toys	1.0	1.0	a doggy play area with agility stuff and toys	1.0	1.0	agility stuff,toys	0.22222222222222224	0.6	agility stuff,toys	0.22222222222222224	0.6
locomo:conv-44:qa78	single-hop	What did Audrey and her friends stumble across during a hike a few years back, as mentioned on June 26, 2023?	a stunning lake in the mountains	a stunning lake in the mountains	1.0	1.0	a stunning lake in the mountains	1.0	1.0	a stunning lake in the mountains	1.0	1.0	a stunning lake in the mountains	1.0	1.0
locomo:conv-44:qa79	single-hop	What is Audrey's favorite recipe that she shares with Andrew on 3 July, 2023?	Chicken Pot Pie	Chicken Pot Pie	1.0	1.0	Chicken Pot Pie	1.0	1.0	Chicken Pot Pie	1.0	1.0	Chicken Pot Pie	1.0	1.0
locomo:conv-44:qa8	temporal	Did Andrew have a pet dog during March 2023?	No	no	1.0	1.0	no	1.0	1.0	no	1.0	1.0	no	1.0	1.0
locomo:conv-44:qa80	single-hop	What dish is one of Audrey's favorite dishes that includes garlic and is shared with Andrew on 3 July, 2023?	Roasted Chicken	Chicken Pot Pie	0.4	0.4	Chicken	0.6666666666666666	0.6666666666666666	Chicken Pot Pie	0.4	0.4	Chicken Pot Pie	0.4	0.4
locomo:conv-44:qa81	single-hop	What did Andrew and his GF do on the Monday before July 24, 2023?	volunteered at a pet shelter	volunteered at a pet shelter	1.0	1.0	volunteered at a pet shelter	1.0	1.0	volunteered at a pet shelter	1.0	1.0	volunteered at a pet shelter	1.0	1.0
locomo:conv-44:qa82	single-hop	What is the name of Audrey's childhood dog?	Max	Max	1.0	1.0	Max	1.0	1.0	Max	1.0	1.0	Max	1.0	1.0
locomo:conv-44:qa83	single-hop	What special memories does Audrey have with her childhood dog, Max?	Long walks in the neighborhood, exploring new paths, sharing worries and hopes	taking long walks in the neighborhood, Max listening to Audrey's worries and hopes	0.5714285714285713	0.5714285714285713	taking long walks in the neighborhood, Max would listen to Audrey's worries and hopes	0.5454545454545454	0.5454545454545454	taking long walks in the neighborhood, Max listening to Audrey's worries and hopes, growing really close	0.5	0.5	taking long walks in the neighborhood, Max listening to Audrey's worries and hopes	0.5714285714285713	0.5714285714285713
locomo:conv-44:qa84	single-hop	What are some of the personalities of Audrey's four fur babies?	oldest is relaxed, second is playful, third can be naughty but loves cuddles, youngest is full of life	full of life and adventurous, relaxed and wise, naughty but loving cuddles	0.5714285714285714	0.5714285714285714	full of life and adventurous, relaxed and wise, naughty but loving cuddles	0.5714285714285714	0.5714285714285714	full of life and adventurous, relaxed and wise, naughty but loving cuddles	0.5714285714285714	0.5714285714285714	full of life and adventurous, relaxed and wise, naughty but loving cuddles	0.5714285714285714	0.5714285714285714
locomo:conv-44:qa85	single-hop	What type of classes did Audrey start with her pups recently on 4 August, 2023?	Agility classes	agility classes	1.0	1.0	agility classes	1.0	1.0	agility	0.6666666666666666	0.6666666666666666	agility	0.6666666666666666	0.6666666666666666
locomo:conv-44:qa86	single-hop	How often does Audrey take her pups to the park for practice?	Twice a week	twice a week	1.0	1.0	twice a week	1.0	1.0	twice a week	1.0	1.0	twice a week	1.0	1.0
locomo:conv-44:qa87	single-hop	How long did the trail hike that Audrey went on with her pups take?	Two hours	two hours	1.0	1.0	two hours	1.0	1.0	two hours	1.0	1.0	two hours	1.0	1.0
locomo:conv-44:qa88	single-hop	What advice did Audrey give to Andrew regarding grooming Toby?	Grooming slowly and gently, paying attention to sensitive areas like ears and paws. And remember to stay patient and positive throughout the grooming process.	grooming slowly and gently, paying attention to sensitive areas like ears and paws	0.7333333333333334	0.7333333333333334	grooming slowly and gently, paying attention to sensitive areas like ears and paws	0.7333333333333334	0.7333333333333334	stay patient and positive,during the grooming process,groom slowly and gently,pay attention to sensitive areas like ears and paws	0.6666666666666667	0.8888888888888888	groom slowly and gently,pay attention to sensitive areas like ears and paws	0.6206896551724138	0.7333333333333334
locomo:conv-44:qa89	single-hop	What is essential to keep the dogs looking good according to Audrey?	Daily brushing, regular baths, nail trims, and lots of love	regular grooming	0.1818181818181818	0.1818181818181818	regular grooming	0.1818181818181818	0.1818181818181818	regular grooming	0.1818181818181818	0.1818181818181818	regular grooming	0.1818181818181818	0.1818181818181818
locomo:conv-44:qa9	multi-hop	What kind of classes or groups has Audrey joined to take better care of her dogs?	positive reinforcement training workshop to bond with pets, dog training course, agility training course, grooming course, dog-owners group	dog training course, agility classes, positive reinforcement training class, dog grooming course, dog owners group	0.6733333333333333	0.6733333333333333	dog training course, agility classes, positive reinforcement training class, dog grooming course, dog owners group	0.6733333333333333	0.6733333333333333	dog training course, agility classes, dog grooming course, dog owners group	0.6096969696969696	0.6096969696969696	dog training course, agility classes, positive reinforcement training class, dog grooming course, dog owners group	0.6733333333333333	0.6733333333333333
locomo:conv-44:qa90	single-hop	What did Audrey organize with the neighbors' dogs?	a doggy playdate	a doggy playdate	1.0	1.0	a doggy playdate	1.0	1.0	a doggy playdate	1.0	1.0	a doggy playdate	1.0	1.0
locomo:conv-44:qa91	single-hop	What did Audrey do to give her dogs extra comfort as the weather cooled down?	Got new beds for them	got new beds	0.7499999999999999	0.7499999999999999	got new beds for her dogs	0.7272727272727272	0.7272727272727272	got new beds	0.7499999999999999	0.7499999999999999	got new beds for her dogs	0.7272727272727272	0.7272727272727272
locomo:conv-44:qa92	single-hop	How does Audrey describe the new beds for her dogs?	Super cozy and comfy	extra comfort	0.0	0.0	extra comfort	0.0	0.0	extra comfort	0.0	0.0	extra comfort	0.0	0.0
locomo:conv-44:qa93	single-hop	How did Audrey calm down her dog after the leash incident?	Petted, hugged, spoke calmly and slowly walked the dog	spoke calmly, hugged, petted	0.7272727272727273	0.7272727272727273	Audrey slowly walked her dog to relax, spoke calmly to her dog, and hugged her dog.	0.5454545454545455	0.5454545454545455	walked her dog to relax, spoke calmly to her dog, hugged her dog, petted her dog	0.5217391304347825	0.5217391304347825	walked her dog slowly,hugged her dog,spoke calmly to her dog	0.3529411764705882	0.631578947368421
locomo:conv-44:qa94	single-hop	How often does Audrey take her dogs for walks?	Multiple times a day	very often, multiple times a day	0.7499999999999999	0.7499999999999999	very often, multiple times a day	0.7499999999999999	0.7499999999999999	very often, multiple times a day	0.7499999999999999	0.7499999999999999	very often, multiple times a day	0.7499999999999999	0.7499999999999999
locomo:conv-44:qa95	single-hop	What kind of flowers does Audrey take care of?	Peruvian Lilies	Peruvian Lilies	1.0	1.0	Peruvian Lilies	1.0	1.0	Peruvian Lilies	1.0	1.0	Peruvian Lilies	1.0	1.0
locomo:conv-44:qa96	single-hop	What did Andrew learn from reading books about ecological systems?	about animals, plants, and ecosystems and how they work together	Andrew learned about animals, plants, and ecosystems	0.5714285714285715	0.5714285714285715	Andrew learned about animals, plants, and ecosystems	0.5714285714285715	0.5714285714285715	that nature is all connected	0.0	0.0	Andrew learned about animals, plants, and ecosystems	0.5714285714285715	0.5714285714285715
locomo:conv-44:qa97	single-hop	What did Andrew suggest as a way to reduce carbon footprint?	biking or using public transport	biking	0.33333333333333337	0.33333333333333337	biking or using public transport	1.0	1.0	biking	0.33333333333333337	0.33333333333333337	biking,using public transport	0.5	0.888888888888889
locomo:conv-44:qa98	single-hop	How does Andrew suggest helping the planet while also training the body?	by biking	biking	0.6666666666666666	0.6666666666666666	biking	0.6666666666666666	0.6666666666666666	biking	0.6666666666666666	0.6666666666666666	biking	0.6666666666666666	0.6666666666666666
locomo:conv-44:qa99	single-hop	What did Audrey do with her pups over the weekend before 4th October, 2023?	Took them to the beach	took her dogs to the beach	0.6666666666666665	0.6666666666666665	took her dogs to the beach	0.6666666666666665	0.6666666666666665	took her dogs to the beach	0.6666666666666665	0.6666666666666665	took her dogs to the beach	0.6666666666666665	0.6666666666666665
locomo:conv-47:qa0	open-domain	What are John's suspected health problems?	Obesity	insufficient information	0.0	0.0	insufficient information	0.0	0.0	insufficient information	0.0	0.0	insufficient information	0.0	0.0
locomo:conv-47:qa1	temporal	Which recreational activity was James pursuing on March 16, 2022?	bowling	bowling	1.0	1.0	bowling	1.0	1.0	bowling	1.0	1.0	bowling	1.0	1.0
locomo:conv-47:qa10	temporal	When did James adopt Ned?	first week of April 2022	the week before 12 April 2022; 4 April 2022 - 10 April 2022	0.37499999999999994	0.37499999999999994	the week before 12 April 2022	0.6	0.6	the week before 12 April 2022	0.6	0.6	the week before 12 April 2022	0.6	0.6
locomo:conv-47:qa100	single-hop	Will there be an interview required to volunteer with the organization James volunteered for?	No	likely yes	0.0	0.0	no	1.0	1.0	yes	0.0	0.0	no	1.0	1.0
locomo:conv-47:qa101	single-hop	How did John relax in his free time on 9 July, 2022?	Reading	reading	1.0	1.0	reading	1.0	1.0	reading	1.0	1.0	reading	1.0	1.0
locomo:conv-47:qa102	single-hop	What did James enjoy doing on cold winter days?	Reading while snuggled under the covers	surfing, reading, playing chess	0.22222222222222224	0.22222222222222224	insufficient information	0.0	0.0	insufficient information	0.0	0.0	insufficient information	0.0	0.0
locomo:conv-47:qa103	single-hop	What new hobby did James become interested in on 9 July, 2022?	Extreme sports	rope jumping	0.0	0.0	extreme sports	1.0	1.0	reading	0.0	0.0	rope jumping	0.0	0.0
locomo:conv-47:qa104	single-hop	Where did James plan to visit after Toronto?	Vancouver	Vancouver	1.0	1.0	Vancouver	1.0	1.0	Vancouver	1.0	1.0	Vancouver	1.0	1.0
locomo:conv-47:qa105	single-hop	When did James plan to return from his trip to Toronto and Vancouver?	July 20	20 July 2022	0.8	0.8	20 July 2022	0.8	0.8	20 July 2022	0.8	0.8	20 July 2022	0.8	0.8
locomo:conv-47:qa106	single-hop	What online game did John start playing recently for improving strategy?	Chess	chess	1.0	1.0	chess	1.0	1.0	chess	1.0	1.0	chess	1.0	1.0
locomo:conv-47:qa107	single-hop	What made John leave his IT job?	to focus on things that align with his values and passions	to focus on things that align with his values and passions	1.0	1.0	John knew he had to make a change, he took a leap to follow his heart, and he is drawn to the gaming industry.	0.13333333333333333	0.13333333333333333	to focus on things that align with his values and passions	1.0	1.0	to pursue something more meaningful	0.13333333333333333	0.13333333333333333
locomo:conv-47:qa108	single-hop	Which game tournaments does John plan to organize besides CS:GO?	Fortnite competitions	Fortnite competitions,eSports competitions	0.8	0.6666666666666666	Fortnite, eSports competitions	0.8	0.8	Fortnite, Overwatch, Apex Legends	0.3333333333333333	0.3333333333333333	Fortnite, Overwatch, Apex Legends	0.3333333333333333	0.3333333333333333
locomo:conv-47:qa109	single-hop	What happened to James's puppy during the recent visit to the clinic?	routine examination and vaccination	vaccinated to prevent catching the seasonal canine disease	0.2	0.2	vaccinated to prevent him from catching the seasonal canine disease	0.16666666666666666	0.16666666666666666	vaccinated to prevent catching the seasonal canine disease	0.2	0.2	vaccinated to prevent catching the seasonal canine disease	0.2	0.2
locomo:conv-47:qa11	temporal	How was John feeling on April 10, 2022?	seeking solitude	super busy at work	0.0	0.0	insufficient information	0.0	0.0	super busy at work	0.0	0.0	insufficient information	0.0	0.0
locomo:conv-47:qa110	single-hop	What game genre did John start exploring instead of shooters?	strategy and RPG games	strategy	0.5	0.5	strategy and RPG games	1.0	1.0	strategy	0.5	0.5	strategy,RPG	0.0	0.8
locomo:conv-47:qa111	single-hop	Which RPG game is John playing and enjoying on 10 August, 2022?	The Witcher 3	The Witcher 3	1.0	1.0	The Witcher 3	1.0	1.0	The Witcher 3	1.0	1.0	The Witcher 3	1.0	1.0
locomo:conv-47:qa112	single-hop	"What aspect of ""The Witcher 3"" does John find immersive?"	shaping the world with choices	story and characters	0.0	0.0	story and atmosphere	0.0	0.0	story and atmosphere	0.0	0.0	story and atmosphere	0.0	0.0
locomo:conv-47:qa113	single-hop	Whose phone number did James receive during the beach outing?	Samantha	Samantha	1.0	1.0	Samantha	1.0	1.0	Samantha	1.0	1.0	Samantha	1.0	1.0
locomo:conv-47:qa114	single-hop	What is James planning to do after receiving Samantha's phone number?	call her	call Samantha	0.5	0.5	call Samantha	0.5	0.5	call Samantha, ask her out on a date	0.4444444444444445	0.4444444444444445	call Samantha tomorrow	0.4	0.4
locomo:conv-47:qa115	single-hop	What is John organizing with his siblings?	a gaming night	a gaming night	1.0	1.0	a gaming night, a cool coding project	0.5714285714285715	0.5714285714285715	a gaming night,a cool coding project	0.28571428571428575	0.5714285714285715	a gaming night, a cool coding project	0.5714285714285715	0.5714285714285715
locomo:conv-47:qa116	single-hop	What type of beer does John not like?	dark beer	dark beer	1.0	1.0	dark beer	1.0	1.0	dark beer	1.0	1.0	dark beer	1.0	1.0
locomo:conv-47:qa117	single-hop	What were some difficulties James faced during the development of his game?	balancing mechanics and ensuring fairness	challenges during the game development, hit a major snag on his project, frustrated when a project does not go as planned, lost progress in a game because he forgot to save	0.0	0.0	facing challenges, hitting a major snag, not being able to solve a bug, losing progress due to a power outage, forgetting to save game progress	0.0	0.0	challenges during the game development,hit a major snag on his project,used trial and error to improve the game	0.0	0.0	a bug,hiccups,creating a game avatar,creating a game character,getting the game to where he wanted it through trial and error	0.0	0.0
locomo:conv-47:qa118	single-hop	What has John been teaching his siblings?	coding	coding	1.0	1.0	coding	1.0	1.0	coding	1.0	1.0	coding	1.0	1.0
locomo:conv-47:qa119	single-hop	What kind of programs are John's siblings making?	basic games and stories	basic games and stories	1.0	1.0	basic games and stories	1.0	1.0	basic games, stories	1.0	1.0	basic games and stories	1.0	1.0
locomo:conv-47:qa12	open-domain	Did James have a girlfriend during April 2022?	Presumably not	no	0.0	0.0	no	0.0	0.0	no	0.0	0.0	no	0.0	0.0
locomo:conv-47:qa120	single-hop	Which company's headphones did John choose for gaming?	Sennheiser	Sennheiser	1.0	1.0	Sennheiser	1.0	1.0	Sennheiser	1.0	1.0	Sennheiser	1.0	1.0
locomo:conv-47:qa121	single-hop	What did James and Samantha discover they both enjoy at McGee's bar?	Lager beer	beer	0.6666666666666666	0.6666666666666666	beer, theater	0.5	0.5	beer,stout,lager	0.0	0.8	beer, theater	0.5	0.5
locomo:conv-47:qa122	single-hop	How much does James pay per cooking class?	$10	10	1.0	1.0	$10	1.0	1.0	10	1.0	1.0	10	1.0	1.0
locomo:conv-47:qa123	single-hop	What did James learn to make in the cooking class besides omelette and meringue?	Dough	dough	1.0	1.0	dough	1.0	1.0	dough	1.0	1.0	dough	1.0	1.0
locomo:conv-47:qa124	single-hop	Why did James sign up for a cooking class?	He wanted to learn something new	to learn and improve his cooking skills	0.3333333333333333	0.3333333333333333	to improve himself	0.2222222222222222	0.2222222222222222	insufficient information	0.0	0.0	to learn something new	0.8	0.8
locomo:conv-47:qa125	single-hop	What did James prepare for the first time in the cooking class?	Omelette	omelette	1.0	1.0	omelette	1.0	1.0	omelette, meringue, dough	0.5	0.5	omelette, meringue, dough	0.5	0.5
locomo:conv-47:qa126	single-hop	What is the name of the board game John tried in September 2022?	Dungeons of the Dragon	Dungeons of the Dragon	1.0	1.0	Dungeons of the Dragon	1.0	1.0	Dungeons of the Dragon	1.0	1.0	Dungeons of the Dragon	1.0	1.0
locomo:conv-47:qa127	single-hop	Where does James get his ideas from?	books, movies, dreams	books, movies, dreams, sketches	0.8571428571428571	0.8571428571428571	books, movies, dreams, sketches, games	0.7499999999999999	0.7499999999999999	books,movies,dreams	0.0	1.0	books,movies,dreams,games	0.0	0.8571428571428571
locomo:conv-47:qa128	single-hop	What kind of dream did James have recently?	a dream with a medieval castle full of puzzles and traps	a dream that led to creative ideas	0.14285714285714288	0.14285714285714288	a dream that led to creative ideas	0.14285714285714288	0.14285714285714288	creative ideas	0.0	0.0	creative ideas	0.0	0.0
locomo:conv-47:qa129	single-hop	What kind of music does John like?	electronic and rock music	electronic and rock music	1.0	1.0	electronic and rock music	1.0	1.0	electronic and rock music	1.0	1.0	electronic and rock music	1.0	1.0
locomo:conv-47:qa13	temporal	When did James visit Italy?	In 2021	insufficient information	0.0	0.0	the year before 20 April 2022; 2021	0.25	0.25	the year before 20 April 2022	0.0	0.0	since 2016	0.0	0.0
locomo:conv-47:qa130	single-hop	What instrument did James used to play when he was younger?	guitar	guitar	1.0	1.0	guitar	1.0	1.0	guitar	1.0	1.0	guitar	1.0	1.0
locomo:conv-47:qa131	single-hop	What did John use to play when he was younger to let off steam?	drums	drums	1.0	1.0	skateboarding	0.0	0.0	drums	1.0	1.0	gaming	0.0	0.0
locomo:conv-47:qa132	single-hop	What career milestone did John achieve recently in September 2022?	making his first mobile game	making his first mobile game	1.0	1.0	making his first mobile game	1.0	1.0	making his first mobile game	1.0	1.0	making his first mobile game	1.0	1.0
locomo:conv-47:qa133	single-hop	What type of game is John's upcoming mobile game?	2D adventure	2D adventure game with puzzles and exploration	0.5	0.5	2D adventure game with puzzles and exploration	0.5	0.5	2D adventure game with puzzles and exploration	0.5	0.5	2D adventure game with puzzles and exploration	0.5	0.5
locomo:conv-47:qa134	single-hop	What does John do to stay informed and constantly learn about game design?	watch tutorials and keep up with developer forums	reads developer forums, watches tutorials, reads a magazine	0.5714285714285714	0.5714285714285714	reads developer forums, watches tutorials	0.6666666666666666	0.6666666666666666	reads developer forums,watches tutorials,reads magazine	0.16666666666666666	0.5714285714285714	reads developer forums,watches tutorials	0.36363636363636365	0.6666666666666666
locomo:conv-47:qa135	single-hop	What kind of gig was John offered at the game dev non-profit organization?	programming mentor for game developers	programming mentor	0.5714285714285715	0.5714285714285715	programming mentor	0.5714285714285715	0.5714285714285715	programming mentor	0.5714285714285715	0.5714285714285715	programming mentor	0.5714285714285715	0.5714285714285715
locomo:conv-47:qa136	single-hop	What does John feel about starting the journey as a programming mentor for game developers?	excited and inspired	excited and inspired	1.0	1.0	excited and inspired	1.0	1.0	excited and inspired	1.0	1.0	excited and inspired	1.0	1.0
locomo:conv-47:qa137	single-hop	What kind of games is James excited to play with his new video card?	RPGs	RPGs,Cyberpunk 2077	0.0	0.5	RPGs, Cyberpunk 2077	0.5	0.5	RPGs,Cyberpunk 2077	0.0	0.5	RPGs,Cyberpunk 2077	0.0	0.5
locomo:conv-47:qa138	single-hop	What inspired James to create his game?	Witcher 3	Witcher 3, sketches of the main character since he was a kid, dreams, a walk with his dogs	0.23529411764705882	0.23529411764705882	Witcher 3	1.0	1.0	Witcher 3	1.0	1.0	Witcher 3	1.0	1.0
locomo:conv-47:qa139	single-hop	What sparked James' passion for gaming when he was a kid?	Super Mario and The Legend of Zelda games	Nintendo	0.0	0.0	Nintendo, Super Mario, The Legend of Zelda	0.8333333333333334	0.8333333333333334	Nintendo	0.0	0.0	Nintendo games like Super Mario and The Legend of Zelda	0.8571428571428571	0.8571428571428571
locomo:conv-47:qa14	temporal	When did James buy himself a new adventure book?	April 26, 2022	26 April 2022	1.0	1.0	26 April 2022	1.0	1.0	26 April 2022	1.0	1.0	three days before 29 April 2022	0.4444444444444444	0.4444444444444444
locomo:conv-47:qa140	single-hop	What did James lose progress on due to a power outage?	a game	a game	1.0	1.0	game	1.0	1.0	a game	1.0	1.0	game	1.0	1.0
locomo:conv-47:qa141	single-hop	What games were played at the gaming tournament organized by John on 31 October, 2022?	Fortnite, Overwatch, Apex Legends	Fortnite, Apex Legends, Overwatch	1.0	1.0	Overwatch, Apex Legends, Fortnite	1.0	1.0	Fortnite,Apex Legends,Overwatch	0.0	1.0	Overwatch,Apex Legends,Fortnite	0.0	1.0
locomo:conv-47:qa142	single-hop	What was the purpose of the gaming tournament organized by John on 31 October, 2022?	To raise money for a children's hospital	raising money for a children's hospital	0.9090909090909091	0.9090909090909091	to raise money for a children's hospital	1.0	1.0	raising money for a children's hospital	0.9090909090909091	0.9090909090909091	raising money for a children's hospital	0.9090909090909091	0.9090909090909091
locomo:conv-47:qa143	single-hop	What decision did James and Samantha make on 31 October, 2022?	To move in together	rented an apartment	0.0	0.0	to move in together	1.0	1.0	rented an apartment	0.0	0.0	to move in together	1.0	1.0
locomo:conv-47:qa144	single-hop	Where did James and Samantha decide to live together on 31 October, 2022?	In an apartment not far from McGee's bar	an apartment	0.25	0.25	an apartment	0.25	0.25	an apartment	0.25	0.25	an apartment	0.25	0.25
locomo:conv-47:qa145	single-hop	Why did James and Samantha choose an apartment near McGee's bar?	They love spending time together at the bar	proximity to McGee's bar	0.18181818181818182	0.18181818181818182	They loved McGee's bar.	0.5454545454545454	0.5454545454545454	proximity to McGee's bar	0.18181818181818182	0.18181818181818182	They love spending time there.	0.6666666666666666	0.6666666666666666
locomo:conv-47:qa146	single-hop	What game is John hooked on playing on 5 November, 2022?	FIFA 23	FIFA 23	1.0	1.0	FIFA 23	1.0	1.0	FIFA 23	1.0	1.0	FIFA 23	1.0	1.0
locomo:conv-47:qa147	single-hop	What did John suggest James practice before playing FIFA 23 together?	Control with a gamepad and timing	practice first	0.0	0.0	study opening moves and strategies	0.0	0.0	practice first	0.0	0.0	practice first	0.0	0.0
locomo:conv-47:qa148	single-hop	What project did John work on with a game developer by 7 November, 2022?	An online board game	an online board game	1.0	1.0	an online board game	1.0	1.0	an online board game	1.0	1.0	an online board game	1.0	1.0
locomo:conv-47:qa149	single-hop	What is the name of John's cousin's dog?	Luna	Luna	1.0	1.0	Luna	1.0	1.0	Luna	1.0	1.0	Luna	1.0	1.0
locomo:conv-47:qa15	temporal	When did James start playing Civilization VI?	March 2022	a month before 29 April 2022	0.28571428571428575	0.28571428571428575	20 April 2022	0.4	0.4	a month before 29 April 2022	0.28571428571428575	0.28571428571428575	the weekend before 29 April 2022	0.28571428571428575	0.28571428571428575
locomo:conv-47:qa16	open-domain	What is the game with different colored cards that was John talking about with James?	UNO	a game with multi-colored cards with numbers	0.0	0.0	a game with multi-colored cards with numbers	0.0	0.0	multi-colored cards with numbers	0.0	0.0	a game with multi-colored cards with numbers	0.0	0.0
locomo:conv-47:qa17	open-domain	What is the board game where you have to find the imposter that John mentions to James?	Mafia	Dungeons of the Dragon	0.0	0.0	insufficient information	0.0	0.0	Dungeons of the Dragon	0.0	0.0	Dungeons of the Dragon	0.0	0.0
locomo:conv-47:qa18	multi-hop	Which books has John recommended to James?	The Name of the Wind, Stormlight Archive, Kingkiller Chronicles, Expanse	The Name of the Wind, Kingkiller Chronicle, The Expanse series, The Stormlight Archive, Cyberpunk 2077	0.9166666666666666	0.9166666666666666	The Name of the Wind, The Expanse, The Stormlight Archive, Kingkiller Chronicle	1.0	1.0	The Name of the Wind, Kingkiller Chronicle, The Expanse series, The Stormlight Archive	0.9166666666666666	0.9166666666666666	The Name of the Wind, The Expanse, The Stormlight Archive, Kingkiller Chronicle	1.0	1.0
locomo:conv-47:qa19	open-domain	Was James feeling lonely before meeting Samantha?	Most likely yes, because he mentioned that the only creatures that gave him joy are dogs and he was actively trying to date.	likely no	0.08695652173913042	0.08695652173913042	insufficient information	0.0	0.0	likely no	0.08695652173913042	0.08695652173913042	insufficient information	0.0	0.0
locomo:conv-47:qa2	multi-hop	Which places or events have John and James planned to meet at?	VR Club, McGee's, baseball game	McGee's pub, baseball game	0.5555555555555555	0.5555555555555555	Starbucks, McGee's pub, the organization	0.2222222222222222	0.2222222222222222	McGee's pub,Vancouver	0.2222222222222222	0.2222222222222222	Starbucks, McGee's pub, the organization	0.2222222222222222	0.2222222222222222
locomo:conv-47:qa20	multi-hop	How many charity tournaments has John organized till date?	two	2	0.0	0.0	3	0.0	0.0	2	0.0	0.0	3	0.0	0.0
locomo:conv-47:qa21	temporal	When did John first organize a charity tournament with his friends?	May 7, 2022	7 May 2022	1.0	1.0	7 May 2022	1.0	1.0	7 May 2022	1.0	1.0	7 May 2022	1.0	1.0
locomo:conv-47:qa22	multi-hop	Who or which organizations have been the beneficiaries of John's charity tournaments?	animal shelter, homeless, children's hospital	charity, a children's hospital	0.3333333333333333	0.3333333333333333	charity, a children's hospital	0.3333333333333333	0.3333333333333333	charitable foundation, children's hospital	0.3333333333333333	0.3333333333333333	charitable foundation, children's hospital	0.3333333333333333	0.3333333333333333
locomo:conv-47:qa23	temporal	When will John start his new job?	In July, 2022	the month after 13 June 2022; July 2022	0.4	0.4	July 2022	0.8	0.8	the month after 13 June 2022; July 2022	0.4	0.4	July 2022	0.8	0.8
locomo:conv-47:qa24	multi-hop	What kind of games has James tried to develop?	football simulator, virtual world inspired by Witcher 3	a strategy game	0.0	0.0	computer game, strategy game, Unity strategy game	0.0	0.0	computer game,strategy game	0.0	0.0	strategy games,RPGs	0.0	0.0
locomo:conv-47:qa25	open-domain	Are John and James fans of the same football team?	No, James is a Liverpool fan and John is a Manchester City fan.	no	0.18181818181818182	0.18181818181818182	no	0.18181818181818182	0.18181818181818182	no	0.18181818181818182	0.18181818181818182	no	0.18181818181818182	0.18181818181818182
locomo:conv-47:qa26	multi-hop	Which countries has James visited?	Italy, Mexico, Turkey, Canada, Greenland	Turkey, Mexico, Italy, another country (Nuuk)	0.6	0.6	Turkey, Italy, Mexico, Canada	0.8	0.8	Turkey,Mexico,Italy	0.6	0.6	Turkey, Italy, Mexico, another country	0.6	0.6
locomo:conv-47:qa27	multi-hop	What kind of classes has James joined?	game design course, cooking classes	cooking class, programming course	0.7	0.7	programming, gaming, cooking	0.5833333333333333	0.5833333333333333	cooking, programming	0.3333333333333333	0.3333333333333333	programming, gaming, cooking	0.5833333333333333	0.5833333333333333
locomo:conv-47:qa28	temporal	When did James volunteer at an organization?	May 2022	the month before 19 June 2022; May 2022	0.4444444444444445	0.4444444444444445	May 2022	1.0	1.0	the month before 19 June 2022; May 2022	0.4444444444444445	0.4444444444444445	May 2022	1.0	1.0
locomo:conv-47:qa29	temporal	When did James depart for his trip to Canada?	July 11, 2022	10 July 2022	0.6666666666666666	0.6666666666666666	10 July 2022	0.6666666666666666	0.6666666666666666	10 July 2022	0.6666666666666666	0.6666666666666666	10 July 2022	0.6666666666666666	0.6666666666666666
locomo:conv-47:qa3	multi-hop	Do both James and John have pets?	No	likely no	0.6666666666666666	0.6666666666666666	yes	0.0	0.0	no	1.0	1.0	yes	0.0	0.0
locomo:conv-47:qa30	open-domain	Which country did James book tickets for in July 2022?	Canada	Toronto	0.0	0.0	Toronto	0.0	0.0	Toronto	0.0	0.0	Toronto	0.0	0.0
locomo:conv-47:qa31	temporal	How many days did James plan to spend on his trip in Canada?	19 days	insufficient information	0.0	0.0	insufficient information	0.0	0.0	6	0.0	0.0	insufficient information	0.0	0.0
locomo:conv-47:qa32	temporal	Where was James at on July 12, 2022?	Toronto, Canada	Toronto	0.6666666666666666	0.6666666666666666	Toronto	0.6666666666666666	0.6666666666666666	Toronto	0.6666666666666666	0.6666666666666666	Toronto	0.6666666666666666	0.6666666666666666
locomo:conv-47:qa33	open-domain	Did John and James study together?	Yes	no	0.0	0.0	no	0.0	0.0	no	0.0	0.0	no	0.0	0.0
locomo:conv-47:qa34	multi-hop	Which countries did James visit in July 2022?	Canada, Greenland	Toronto, Vancouver, Nuuk	0.0	0.0	Toronto, Nuuk	0.0	0.0	Canada, Greenland	1.0	1.0	Toronto,Nuuk	0.0	0.0
locomo:conv-47:qa35	open-domain	What additional country did James visit during his trip to Canada?	Greenland	Nuuk	0.0	0.0	Nuuk	0.0	0.0	Nuuk	0.0	0.0	Nuuk	0.0	0.0
locomo:conv-47:qa36	open-domain	Who is Jill?	Most likely John's partner.	James's sister	0.0	0.0	insufficient information	0.0	0.0	James's sister	0.0	0.0	insufficient information	0.0	0.0
locomo:conv-47:qa37	temporal	When did John spend time with his sister and dogs?	July 21, 2022	insufficient information	0.0	0.0	insufficient information	0.0	0.0	insufficient information	0.0	0.0	insufficient information	0.0	0.0
locomo:conv-47:qa38	multi-hop	What happened to John's job situation in 2022?	quit his IT Job, secured his dream job, aspires to become an eSports competition organizer	left IT job, took new job, started dream job	0.380952380952381	0.380952380952381	left IT job, got new job in July	0.28571428571428575	0.28571428571428575	left IT job,gained dream job	0.380952380952381	0.380952380952381	worked at an IT job for 3 years, left IT job, started new job	0.28571428571428575	0.28571428571428575
locomo:conv-47:qa39	temporal	When did John start his job in IT?	2019	insufficient information	0.0	0.0	July 2022	0.0	0.0	July 2022	0.0	0.0	July 2022	0.0	0.0
locomo:conv-47:qa4	temporal	When did John resume playing drums in his adulthood?	February 2022	insufficient information	0.0	0.0	a few days before 20 March 2022	0.25	0.25	a few days before 20 March 2022	0.25	0.25	a few days before 20 March 2022	0.25	0.25
locomo:conv-47:qa40	multi-hop	What kind of tricks do James's pets know?	swimming, catching frisbees, balancing on a skateboard, sit, stay, paw, and rollover	do tricks	0.0	0.0	do tricks	0.0	0.0	tricks	0.0	0.0	do tricks	0.0	0.0
locomo:conv-47:qa41	temporal	When did James meet Samantha?	August 9, 2022	3 September 2022	0.3333333333333333	0.3333333333333333	3 September 2022	0.3333333333333333	0.3333333333333333	the day before 4 September 2022	0.25	0.25	the day before 4 September 2022	0.25	0.25
locomo:conv-47:qa42	temporal	When did James take his 3 dogs to the beach?	August 9, 2022	the day before 10 August 2022	0.5	0.5	9 August 2022	1.0	1.0	the day before 10 August 2022	0.5	0.5	the day before 10 August 2022	0.5	0.5
locomo:conv-47:qa43	temporal	When did John plan his next meeting with his siblings?	In September, 2022	September 2022	0.8	0.8	next month	0.0	0.0	September 2022	0.8	0.8	September 2022	0.8	0.8
locomo:conv-47:qa44	open-domain	Why didn't John want to go to Starbucks?	Possibly because he likes to drink beer on his days off.	John does not like dark beer	0.23529411764705885	0.23529411764705885	John prefers meeting up at a place other than Starbucks.	0.0	0.0	John does not like dark beer	0.23529411764705885	0.23529411764705885	John prefers meeting up at a place other than Starbucks.	0.0	0.0
locomo:conv-47:qa45	multi-hop	What kind of beer does McGee's bar serve?	Stout, lager	great stout, light beers, lager	0.8333333333333333	0.8333333333333333	light beers	0.0	0.0	stout, light beers	0.5	0.5	light beers	0.0	0.0
locomo:conv-47:qa46	temporal	When did John and James meet at McGee's bar?	August 27, 2022	27 August 2022	1.0	1.0	11 September 2022	0.3333333333333333	0.3333333333333333	27 August 2022	1.0	1.0	the Sunday after 4 September 2022	0.25	0.25
locomo:conv-47:qa47	temporal	When did James ask Samantha to be his girlfriend?	September 3, 2022	3 September 2022	1.0	1.0	3 September 2022	1.0	1.0	the day before 4 September 2022	0.5	0.5	the day before 4 September 2022	0.5	0.5
locomo:conv-47:qa48	temporal	When did James, Samantha and John go to the baseball game together?	September 11, 2022	insufficient information	0.0	0.0	11 September 2022	1.0	1.0	the Sunday after 4 September 2022	0.5	0.5	the Sunday after 4 September 2022	0.5	0.5
locomo:conv-47:qa49	multi-hop	What gaming equipments did John buy or refurbish?	Sennheiser headphones, Logitech mouse, gaming desk	gaming chair, headphones, mouse, gaming desk, gaming PC	0.7777777777777777	0.7777777777777777	gaming chair, keyboard, headphones, mouse, gaming desk	0.7777777777777777	0.7777777777777777	gaming chair,gaming PC,headphones,mouse	0.611111111111111	0.611111111111111	gaming chair,mouse,headphones,gaming desk	0.7777777777777777	0.7777777777777777
locomo:conv-47:qa5	multi-hop	What are John and James' favorite games?	John's favorite game is CS:GO, and James's is Apex Legends.	CS:GO, Apex Legends, Civilization, Total War	0.5	0.5	CS:GO, Apex Legends, strategy games like Civilization and Total War	0.5	0.5	CS:GO,Apex Legends,Civilization,Total War	0.5	0.5	CS:GO,Apex Legends,Civilization,Total War	0.5	0.5
locomo:conv-47:qa50	temporal	When did James start taking cooking classes?	September 2, 2022	2 September 2022	1.0	1.0	2 September 2022	1.0	1.0	two days before 4 September 2022	0.4444444444444444	0.4444444444444444	two days before 4 September 2022	0.4444444444444444	0.4444444444444444
locomo:conv-47:qa51	multi-hop	Which new games did John start play during the course of the conversation with James?	AC Valhalla, Witcher 3, FIFA 23, Dungeons of the Dragons, futuristic dystopian game	RPG, chess, Cyberpunk 2077, Overwatch	0.0	0.0	chess, RPG	0.0	0.0	Cyberpunk 2077, chess, RPG	0.0	0.0	chess,RPG	0.0	0.0
locomo:conv-47:qa52	temporal	When did John start working on his 2D Adventure mobile game?	approximately summer of 2022	insufficient information	0.0	0.0	the month before 20 September 2022	0.22222222222222224	0.22222222222222224	the month after 13 June 2022	0.22222222222222224	0.22222222222222224	the month before 20 September 2022	0.22222222222222224	0.22222222222222224
locomo:conv-47:qa53	temporal	How long did it take for James to complete his Witcher-inspired game?	six months	insufficient information	0.0	0.0	months	0.6666666666666666	0.6666666666666666	since 20 March 2022	0.0	0.0	for months	0.5	0.5
locomo:conv-47:qa54	multi-hop	What kind of programming-related events has John hosted?	online programming competition, programming seminar	tournament,charity tournament,online competition,programming seminar	0.9	0.9	tournaments, seminar	0.3333333333333333	0.3333333333333333	tournaments, seminar	0.3333333333333333	0.3333333333333333	tournaments,charity tournament,programming seminar	0.7	0.7
locomo:conv-47:qa55	temporal	When did John and his programming friends host an online programming competition?	Last week before 13 October 2022.	the week before 13 October 2022; 3 October 2022 - 9 October 2022	0.5882352941176471	0.5882352941176471	the week before 13 October 2022; 3 October 2022 - 9 October 2022	0.5882352941176471	0.5882352941176471	the week before 13 October 2022	0.9090909090909091	0.9090909090909091	the week before 13 October 2022	0.9090909090909091	0.9090909090909091
locomo:conv-47:qa56	multi-hop	Which of James's family members have visited him in the last year?	mother, sister	mother	0.5	0.5	Samantha	0.0	0.0	mother	0.5	0.5	Ned	0.0	0.0
locomo:conv-47:qa57	temporal	When did James' mother and her friend visit him?	October 19, 2022	19 October 2022	1.0	1.0	19 October 2022	1.0	1.0	19 October 2022	1.0	1.0	19 October 2022	1.0	1.0
locomo:conv-47:qa58	temporal	When did James try Cyberpunk 2077 game?	October 20, 2022	20 October 2022	1.0	1.0	20 October 2022	1.0	1.0	20 October 2022	1.0	1.0	20 October 2022	1.0	1.0
locomo:conv-47:qa59	temporal	When did John and his gaming friends organize the charity tournament?	On the night of October 30 to 31, 2022	30 October 2022	0.5454545454545454	0.5454545454545454	30 October 2022	0.5454545454545454	0.5454545454545454	the day before 31 October 2022	0.4615384615384615	0.4615384615384615	the day before 31 October 2022	0.4615384615384615	0.4615384615384615
locomo:conv-47:qa6	open-domain	Does James live in Connecticut?	Likely yes	insufficient information	0.0	0.0	likely yes	1.0	1.0	no	0.0	0.0	likely no	0.5	0.5
locomo:conv-47:qa60	multi-hop	What games has John played with his friends at charity tournaments?	CS:GO, Fortnite, Overwatch and Apex Legends	CS:GO, Overwatch, Fortnite, Apex Legends	0.9333333333333332	0.9333333333333332	CS:GO, Fortnite, Overwatch, Apex Legends	0.9333333333333332	0.9333333333333332	CS:GO, Overwatch, Fortnite, Apex Legends	0.9333333333333332	0.9333333333333332	CS:GO, Fortnite, Overwatch, Apex Legends	0.9333333333333332	0.9333333333333332
locomo:conv-47:qa61	temporal	What was James' big moment with Samantha in October 2023?	They decided to live together and rented an apartment not far from McGee's bar.	insufficient information	0.0	0.0	insufficient information	0.0	0.0	insufficient information	0.0	0.0	insufficient information	0.0	0.0
locomo:conv-47:qa62	temporal	How long did James and Samantha date for before deciding to move in together?	nearly three months	a short period	0.0	0.0	a few days	0.0	0.0	the weekend before 4 September 2022	0.0	0.0	a few days	0.0	0.0
locomo:conv-47:qa63	temporal	When did James, his family and his dogs start on a road trip together?	November 4, 2022	4 November 2022	1.0	1.0	4 November 2022	1.0	1.0	the day before 5 November 2022	0.5	0.5	the day before 5 November 2022	0.5	0.5
locomo:conv-47:qa64	temporal	How long did John practice chess for before winning the chess tournament?	nearly four months	insufficient information	0.0	0.0	insufficient information	0.0	0.0	since 22 July 2022	0.0	0.0	insufficient information	0.0	0.0
locomo:conv-47:qa65	temporal	When did James and his family visit Mark and Josh?	November 7, 2022	7 November 2022	1.0	1.0	7 November 2022	1.0	1.0	7 November 2022	1.0	1.0	7 November 2022	1.0	1.0
locomo:conv-47:qa66	temporal	When did John work with a game developer on a project?	November 5-6, 2022	the weekend before 7 November 2022	0.5	0.5	the weekend before 7 November 2022	0.5	0.5	the weekend before 7 November 2022	0.5	0.5	the weekend before 7 November 2022	0.5	0.5
locomo:conv-47:qa67	single-hop	What programming languages has James worked with?	Python and C++	Python,C++	0.0	1.0	Python, C++	1.0	1.0	Python,C++	0.0	1.0	Python,C++	0.0	1.0
locomo:conv-47:qa68	single-hop	What type of mobile application does James plan to build with John?	An app for dog walking and pet care	insufficient information	0.0	0.0	insufficient information	0.0	0.0	insufficient information	0.0	0.0	insufficient information	0.0	0.0
locomo:conv-47:qa69	single-hop	How does James plan to make his dog-sitting app unique?	By allowing users to customize their pup's preferences/needs	insufficient information	0.0	0.0	insufficient information	0.0	0.0	insufficient information	0.0	0.0	insufficient information	0.0	0.0
locomo:conv-47:qa7	open-domain	In which state is the shelter from which James adopted the puppy?	Connecticut.	insufficient information	0.0	0.0	Stamford	0.0	0.0	insufficient information	0.0	0.0	Stamford	0.0	0.0
locomo:conv-47:qa70	single-hop	What has John mostly found with the metal detector so far?	bottle caps	bottle caps	1.0	1.0	bottle caps	1.0	1.0	bottle caps	1.0	1.0	bottle caps	1.0	1.0
locomo:conv-47:qa71	single-hop	What did James offer to do for John regarding pets?	help find the perfect pet	help find a pet	0.8571428571428571	0.8571428571428571	help find a pet	0.8571428571428571	0.8571428571428571	help find a pet	0.8571428571428571	0.8571428571428571	find the perfect pet, pet assistance	0.6666666666666665	0.6666666666666665
locomo:conv-47:qa72	single-hop	What instrument is John learning to play as of 27 March, 2022?	Drums	drum kit	0.6666666666666666	0.6666666666666666	drums	1.0	1.0	drum kit	0.6666666666666666	0.6666666666666666	drums	1.0	1.0
locomo:conv-47:qa73	single-hop	How long has John been playing the drums as of 27 March, 2022?	One month	a month	0.6666666666666666	0.6666666666666666	a month	0.6666666666666666	0.6666666666666666	a month	0.6666666666666666	0.6666666666666666	a month	0.6666666666666666	0.6666666666666666
locomo:conv-47:qa74	single-hop	What game did John play in an intense tournament at the gaming convention in March 2022?	CS:GO	CS:GO	1.0	1.0	CS:GO	1.0	1.0	CS:GO	1.0	1.0	CS:GO	1.0	1.0
locomo:conv-47:qa75	single-hop	What game was James playing in the online gaming tournament in April 2022?	Apex Legends	Apex Legends	1.0	1.0	Apex Legends	1.0	1.0	Apex Legends	1.0	1.0	Apex Legends	1.0	1.0
locomo:conv-47:qa76	single-hop	How does James communicate with his gaming team?	voice chat	voice chat	1.0	1.0	voice chat	1.0	1.0	voice chat	1.0	1.0	voice chat	1.0	1.0
locomo:conv-47:qa77	single-hop	What advice did James receive from the famous players he met at the tournament?	never put your ego above team success	gaming tips	0.0	0.0	gaming tips	0.0	0.0	gaming tips	0.0	0.0	gaming tips	0.0	0.0
locomo:conv-47:qa78	single-hop	What did James adopt in April 2022?	a pup	Ned	0.0	0.0	a pup named Ned	0.5	0.5	Ned	0.0	0.0	Ned	0.0	0.0
locomo:conv-47:qa79	single-hop	What is the name of the pup that was adopted by James?	Ned	Ned	1.0	1.0	Ned	1.0	1.0	Ned	1.0	1.0	Ned	1.0	1.0
locomo:conv-47:qa8	multi-hop	How many pets does James have?	Three dogs.	3	0.0	0.0	3	0.0	0.0	3	0.0	0.0	3	0.0	0.0
locomo:conv-47:qa80	single-hop	Why did James embody the appearance of the game character from the woman he saw during a walk?	He found her appearance and eyes amazing.	James got inspiration for the game character from a walk with his dogs.	0.0	0.0	The stranger inspired the game character and James expressed admiration for the stranger's appearance.	0.125	0.125	inspired by the stranger's eyes and appearance	0.3636363636363636	0.3636363636363636	The stranger inspired the game character and James expressed admiration for the stranger's appearance.	0.125	0.125
locomo:conv-47:qa81	single-hop	What inspired James to create the game character in the virtual world?	Appearance of a woman he saw during a walk	Witcher 3	0.0	0.0	a stranger, a walk with dogs	0.18181818181818182	0.18181818181818182	Witcher 3	0.0	0.0	a walk with dogs	0.2	0.2
locomo:conv-47:qa82	single-hop	Which country did James visit in 2021?	Italy	Italy	1.0	1.0	Italy	1.0	1.0	Italy	1.0	1.0	Italy	1.0	1.0
locomo:conv-47:qa83	single-hop	What impresses John about Japan?	Technologically advanced megacities and tasty street food	The megacities, huge screens on buildings, and street food	0.4615384615384615	0.4615384615384615	The megacities, huge screens on buildings, street food	0.4615384615384615	0.4615384615384615	megacities,huge screens on buildings,street food	0.1818181818181818	0.4615384615384615	megacities, huge screens on buildings, street food	0.4615384615384615	0.4615384615384615
locomo:conv-47:qa84	single-hop	What kind of assignment was giving John a hard time at work?	Coding assignment	coding assignment	1.0	1.0	coding assignment	1.0	1.0	coding assignment	1.0	1.0	coding assignment	1.0	1.0
locomo:conv-47:qa85	single-hop	What breed is Daisy, one of James' dogs?	Labrador	Labrador	1.0	1.0	Labrador	1.0	1.0	Labrador	1.0	1.0	Labrador	1.0	1.0
locomo:conv-47:qa86	single-hop	What type of pizza is James' favorite?	Pepperoni	pepperoni	1.0	1.0	pepperoni	1.0	1.0	pepperoni	1.0	1.0	pepperoni	1.0	1.0
locomo:conv-47:qa87	single-hop	What type of pizza is John's favorite?	Hawaiian	Hawaiian	1.0	1.0	Hawaiian	1.0	1.0	Hawaiian	1.0	1.0	Hawaiian	1.0	1.0
locomo:conv-47:qa88	single-hop	What did John organize with his friends on May 8, 2022?	A tournament for CS:GO	a tournament for charity	0.6666666666666666	0.6666666666666666	a tournament for charity	0.6666666666666666	0.6666666666666666	a tournament for charity	0.6666666666666666	0.6666666666666666	a tournament for charity	0.6666666666666666	0.6666666666666666
locomo:conv-47:qa89	single-hop	What did John and his friends do with the remaining money after helping the dog shelter?	Bought groceries and cooked food for the homeless	insufficient information	0.0	0.0	sent the collected money to a dog shelter	0.0	0.0	insufficient information	0.0	0.0	sent to a dog shelter	0.0	0.0
locomo:conv-47:qa9	multi-hop	What are the names of James's dogs?	Ned, Daisy, Max	Daisy, Max, Ned	1.0	1.0	Daisy, Max, Ned	1.0	1.0	Daisy, Max, Ned	1.0	1.0	Daisy, Max, Ned	1.0	1.0
locomo:conv-47:qa90	single-hop	What was the main goal of the money raised from the charity tournament organized by John and his friends in May 2022?	Raise money for a dog shelter	for charity	0.28571428571428575	0.28571428571428575	charity	0.0	0.0	charity	0.0	0.0	charity	0.0	0.0
locomo:conv-47:qa91	single-hop	What did the system John created help the charitable foundation with?	tracking inventory, resources, and donations	streamline the charitable foundation's operations	0.0	0.0	streamline the operations	0.0	0.0	streamline the charitable foundation's operations	0.0	0.0	streamline the operations	0.0	0.0
locomo:conv-47:qa92	single-hop	What did John create for the charitable foundation that helped generate reports for analysis?	computer application on smartphones	software tool	0.0	0.0	a software tool	0.0	0.0	software tool	0.0	0.0	software tool	0.0	0.0
locomo:conv-47:qa93	single-hop	What did John receive for achieving second place in the tournament?	money and a trophy	a trophy, some money	0.8	0.8	money, trophy	1.0	1.0	trophy,money	0.0	1.0	money,trophy	0.0	1.0
locomo:conv-47:qa94	single-hop	What project is James working on in his game design course?	a new part of the football simulator, collecting player databases	insufficient information	0.0	0.0	insufficient information	0.0	0.0	football simulator	0.4	0.4	football simulator	0.4	0.4
locomo:conv-47:qa95	single-hop	Who does James support in football matches?	Liverpool	Liverpool	1.0	1.0	Liverpool	1.0	1.0	Liverpool	1.0	1.0	Liverpool	1.0	1.0
locomo:conv-47:qa96	single-hop	Which football club does John support?	Manchester City	Manchester City	1.0	1.0	Manchester City	1.0	1.0	Manchester City	1.0	1.0	Manchester City	1.0	1.0
locomo:conv-47:qa97	single-hop	What disagreement do James and John have about their football teams?	debating on which team will perform better in the championship	insufficient information	0.0	0.0	insufficient information	0.0	0.0	insufficient information	0.0	0.0	insufficient information	0.0	0.0
locomo:conv-47:qa98	single-hop	What is Max good at doing according to James?	catching frisbees in mid-air	catching frisbees in mid-air, swimming	0.888888888888889	0.888888888888889	catching frisbees in mid-air	1.0	1.0	catching frisbees in mid-air, swimming	0.888888888888889	0.888888888888889	catching frisbees in mid-air	1.0	1.0
locomo:conv-47:qa99	single-hop	What is the main focus of the organization that James volunteered with?	providing necessary items to those who are less fortunate	providing necessary items to those who are less fortunate	1.0	1.0	providing necessary items to those who are less fortunate	1.0	1.0	providing necessary items to those who are less fortunate	1.0	1.0	providing necessary items to those who are less fortunate	1.0	1.0
locomo:conv-48:qa0	temporal	What kind of project was Jolene working on in the beginning of January 2023?	electricity engineering project	electrical engineering project	1.0	1.0	electrical engineering project	1.0	1.0	electrical engineering project	1.0	1.0	electrical engineering project	1.0	1.0
locomo:conv-48:qa1	multi-hop	Which of Deborah`s family and friends have passed away?	mother, father, her friend Karlie	mother, dad, a friend	0.5	0.5	mother, dad	0.3333333333333333	0.3333333333333333	mother,dad	0.3333333333333333	0.3333333333333333	mother,dad	0.3333333333333333	0.3333333333333333
locomo:conv-48:qa10	temporal	When was Deborah's parents' wedding?	in 1993	insufficient information	0.0	0.0	1993	0.6666666666666666	0.6666666666666666	insufficient information	0.0	0.0	1993	0.6666666666666666	0.6666666666666666
locomo:conv-48:qa100	single-hop	What project did Jolene finish last week before 23 January, 2023?	an electrical engineering project	electrical engineering project	1.0	1.0	electrical engineering project	1.0	1.0	electrical engineering project	1.0	1.0	electrical engineering project	1.0	1.0
locomo:conv-48:qa101	single-hop	When did Jolene buy her pet snake?	A year ago	a year ago in Paris	0.6666666666666666	0.6666666666666666	a year ago in Paris	0.6666666666666666	0.6666666666666666	since 2021	0.0	0.0	two years before 1 August 2023	0.25	0.25
locomo:conv-48:qa102	single-hop	What project was Jolene working on as of 1 February, 2023?	Robotics project	robotics project	1.0	1.0	the robotics project	1.0	1.0	robotics project	1.0	1.0	robotics project	1.0	1.0
locomo:conv-48:qa103	single-hop	Where did Deborah meet her new neighbor Anna?	yoga in the park	yoga in the park	1.0	1.0	at yoga in the park	0.8571428571428571	0.8571428571428571	yoga in the park	1.0	1.0	yoga in the park	1.0	1.0
locomo:conv-48:qa104	single-hop	What activity did Jolene and her partner plan to do together instead of resuming yoga?	play the console	mindfulness	0.0	0.0	go on a meditation retreat	0.0	0.0	meditation retreat	0.0	0.0	camping trip	0.0	0.0
locomo:conv-48:qa105	single-hop	What milestone did Jolene achieve recently on 4 February, 2023?	Design and build a sustainable water purifier for a rural community	a major milestone	0.0	0.0	designing and building a sustainable water purifier	0.7692307692307693	0.7692307692307693	major milestone	0.0	0.0	designing and building a sustainable water purifier	0.7692307692307693	0.7692307692307693
locomo:conv-48:qa106	single-hop	What is Jolene's favorite book which she mentioned on 4 February, 2023?	"""Sapiens"""	Sapiens	1.0	1.0	Avalanche by Neal Stephenson	0.0	0.0	Sapiens	1.0	1.0	Avalanche	0.0	0.0
locomo:conv-48:qa107	single-hop	What does Deborah bring with her whenever she comes to reflect on her mom?	amulet	an amulet	1.0	1.0	an amulet	1.0	1.0	amulet	1.0	1.0	an amulet	1.0	1.0
locomo:conv-48:qa108	single-hop	What new outlook did Jolene gain after her mini retreat on 9 February, 2023?	A confidence boost	assess where she is in life	0.0	0.0	assess where she is in life	0.0	0.0	assess where she is in life	0.0	0.0	solutions for her engineering project	0.0	0.0
locomo:conv-48:qa109	single-hop	What cool stuff did Jolene accomplish at the retreat on 9 February, 2023?	Came up with neat solutions for her engineering project	gained a new outlook, achieved a confidence boost, came up with solutions for her engineering project	0.6956521739130435	0.6956521739130435	gained a new outlook, achieved a confidence boost	0.0	0.0	confidence boost,new outlook,solutions for her engineering project	0.5	0.5555555555555556	gained a new outlook, achieved a confidence boost	0.0	0.0
locomo:conv-48:qa11	open-domain	Is Deborah married?	yes	yes	1.0	1.0	yes	1.0	1.0	yes	1.0	1.0	yes	1.0	1.0
locomo:conv-48:qa110	single-hop	What idea did Jolene have to help underprivileged kids learn about STEM subjects on 9 February, 2023?	A volunteer program where engineers teach STEM to underprivileged kids	volunteer program where engineers teach STEM to underprivileged kids	1.0	1.0	a volunteer program where engineers teach STEM to underprivileged kids	1.0	1.0	volunteer program where engineers teach STEM to underprivileged kids	1.0	1.0	a volunteer program where engineers teach STEM to underprivileged kids	1.0	1.0
locomo:conv-48:qa111	single-hop	How does Jolene plan to involve local engineers in her idea of teaching STEM to underprivileged kids?	As guest speakers for workshops	invite engineers as guest speakers to show kids their career options	0.37499999999999994	0.37499999999999994	invite engineers as guest speakers to show kids their career options	0.37499999999999994	0.37499999999999994	invite engineers as guest speakers to show kids their career options	0.37499999999999994	0.37499999999999994	invite engineers as guest speakers to show kids their career options	0.37499999999999994	0.37499999999999994
locomo:conv-48:qa112	single-hop	What gave Deborah peace in the garden she visited?	Roses and dahlias	roses and dahlias	1.0	1.0	roses and dahlias	1.0	1.0	roses,dahlias	0.0	1.0	roses,dahlias	0.0	1.0
locomo:conv-48:qa113	single-hop	Why did Deborah spend time in the garden?	to find comfort after losing a friend	to find comfort	0.6666666666666666	0.6666666666666666	to find comfort	0.6666666666666666	0.6666666666666666	to find comfort	0.6666666666666666	0.6666666666666666	to find comfort	0.6666666666666666	0.6666666666666666
locomo:conv-48:qa114	single-hop	How did Jolene and her partner initially meet?	In an engineering class in college	in an engineering class in college	1.0	1.0	in an engineering class in college	1.0	1.0	in an engineering class in college	1.0	1.0	in an engineering class in college	1.0	1.0
locomo:conv-48:qa115	single-hop	What activity does Deborah incorporate into her daily routine after going for a morning jog in the park?	spending time with loved ones	yoga	0.0	0.0	teaches classes	0.0	0.0	yoga	0.0	0.0	yoga	0.0	0.0
locomo:conv-48:qa116	single-hop	According to Jolene, what does exercise help her to feel?	connected to her body	calm, relaxed, balanced, grounded	0.0	0.0	calm, relaxed, peaceful, tranquil, balanced, grounded, chill, focused	0.0	0.0	calm	0.0	0.0	relaxed, focused, calm, peaceful	0.0	0.0
locomo:conv-48:qa117	single-hop	What did Deb share a photo of, which brought a smile to Jolene's face?	a yellow coffee cup with a handwritten message	a candle with a sprig of rosemary	0.1818181818181818	0.1818181818181818	a candle with a sprig of rosemary on a table	0.15384615384615383	0.15384615384615383	a candle with a sprig of rosemary on a table	0.15384615384615383	0.15384615384615383	a candle with a sprig of rosemary	0.1818181818181818	0.1818181818181818
locomo:conv-48:qa118	single-hop	What is one of Jolene's favorite dishes?	lasagna	lasagna	1.0	1.0	lasagna	1.0	1.0	lasagna	1.0	1.0	lasagna	1.0	1.0
locomo:conv-48:qa119	single-hop	What picture did Jolene share related to feeling overwhelmed?	a photo of a desk with a notebook and a computer monitor	a notepad with notes on it on a counter	0.14285714285714285	0.14285714285714285	a notepad with notes on it on a counter	0.14285714285714285	0.14285714285714285	notepad with notes on it on a counter	0.14285714285714285	0.14285714285714285	notepad with notes on it on a counter	0.14285714285714285	0.14285714285714285
locomo:conv-48:qa12	temporal	When did Deborah receive an appreciation letter from her community?	January 26, 2023	26 January 2023	1.0	1.0	the day before 27 January 2023	0.5	0.5	26 January 2023	1.0	1.0	the day before 27 January 2023	0.5	0.5
locomo:conv-48:qa120	single-hop	What did Jolene and Deb discuss as a helpful strategy for studying and time management?	breaking tasks into smaller pieces and setting goals, using planners or schedulers	breaking tasks into smaller pieces	0.625	0.625	breaking tasks into smaller pieces	0.625	0.625	Pomodoro Technique,breaking tasks into smaller pieces,visualization,bullet journal	0.33333333333333326	0.47619047619047616	Pomodoro Technique,breaking tasks into smaller pieces,bullet journal	0.33333333333333326	0.5
locomo:conv-48:qa121	single-hop	What did Jolene ask Deb to help with on 13 March, 2023?	time management	why she started teaching yoga	0.0	0.0	tips on studying or time management	0.5	0.5	studying and time management	0.8	0.8	studying or time management	0.6666666666666666	0.6666666666666666
locomo:conv-48:qa122	single-hop	What method does Deb suggest Jolene to try for organizing tasks based on importance and urgency?	The Eisenhower Matrix	Eisenhower Matrix	1.0	1.0	Eisenhower Matrix	1.0	1.0	Eisenhower Matrix	1.0	1.0	Eisenhower Matrix	1.0	1.0
locomo:conv-48:qa123	single-hop	What did Jolene and Anna discuss while watching the sunset by the sea?	They realized they inspire each other	insufficient information	0.0	0.0	insufficient information	0.0	0.0	insufficient information	0.0	0.0	insufficient information	0.0	0.0
locomo:conv-48:qa124	single-hop	How does Jolene plan to pursue her dream of learning to surf?	gathering information, watching videos, getting a beginners' guide	push herself to make surfing happen, learn surfing, find spare time, watch videos about surfing, get a beginners' guide to surfing	0.37037037037037035	0.37037037037037035	find spare time, watch videos about surfing, get a beginners' guide to surfing	0.5263157894736842	0.5263157894736842	push herself to make surfing happen, learn surfing, find spare time, watch videos about surfing, get a beginners' guide to surfing	0.37037037037037035	0.37037037037037035	find spare time, gather information, watch videos, get a beginners' guide	0.8235294117647058	0.8235294117647058
locomo:conv-48:qa125	single-hop	What did Deborah buy to enhance her yoga practice besides the props?	candle	candle	1.0	1.0	candle	1.0	1.0	candle, essential oils	0.5	0.5	candle, essential oils	0.5	0.5
locomo:conv-48:qa126	single-hop	What type of music does Deborah find helpful during her yoga practice?	instrumental tracks with mellow melodies and rhythms	instrumental tracks with mellow melodies and rhythms	1.0	1.0	instrumental tracks with mellow melodies and rhythms	1.0	1.0	instrumental tracks with mellow melodies and rhythms	1.0	1.0	instrumental tracks with mellow melodies and rhythms	1.0	1.0
locomo:conv-48:qa127	single-hop	Who are the musicians mentioned by Jolene that she enjoys listening to during her yoga practice?	Nils Frahm and Olafur Arnalds	Nils Frahm, Olafur Arnalds	1.0	1.0	Nils Frahm, Olafur Arnalds	1.0	1.0	Nils Frahm, Olafur Arnalds	1.0	1.0	Nils Frahm, Olafur Arnalds	1.0	1.0
locomo:conv-48:qa128	single-hop	What album does Deborah recommend for meditation and deep relaxation?	'Sleep'	Sleep	1.0	1.0	Sleep	1.0	1.0	Sleep	1.0	1.0	Sleep	1.0	1.0
locomo:conv-48:qa129	single-hop	Which show did Deborah go to with a friend on 9 April, 2023?	an art show	an art show	1.0	1.0	an art show	1.0	1.0	an art show	1.0	1.0	art show	1.0	1.0
locomo:conv-48:qa13	multi-hop	What places give Deborah peace?	sitting in a spot by the window in her Mom's house, sitting by the beach, Bali, forest trail in a nearby park	beach, park with a forest trail, her old home, the bench	0.3333333333333333	0.3333333333333333	old home, window seat, beach, park with a forest trail, garden, bench	0.3371212121212121	0.3371212121212121	beach,park with a forest trail,old home,bench,garden	0.29166666666666663	0.29166666666666663	old home, beach, park with a forest trail, garden, bench	0.29166666666666663	0.29166666666666663
locomo:conv-48:qa130	single-hop	What does Deborah find comforting about going to art shows?	It makes her feel like she's still experiencing it with her mom	feeling like experiencing it with her mom	0.7368421052631579	0.7368421052631579	It's like experiencing it with her mom, and it reminds her of her.	0.6666666666666666	0.6666666666666666	experiencing it with her mom	0.5882352941176471	0.5882352941176471	It reminds her of her mom and brings back powerful emotions.	0.3636363636363636	0.3636363636363636
locomo:conv-48:qa131	single-hop	How does Jolene describe the time spent with her snakes and partner?	Valuable and relaxing	brings a sense of calm, bond through yoga	0.0	0.0	cherished, calming, bonding through yoga and gaming	0.0	0.0	brings a sense of calm, makes her happy, calms her down	0.0	0.0	fun, bonding, calming, cherished	0.0	0.0
locomo:conv-48:qa132	single-hop	What does Jolene enjoy doing with her partner after a long day?	Playing video games	playing video games	1.0	1.0	yoga	0.0	0.0	playing video games	1.0	1.0	yoga, gaming	0.4	0.4
locomo:conv-48:qa133	single-hop	What is Jolene currently doing in June 2023?	interning at a well-known engineering firm	interning at a well-known engineering firm	1.0	1.0	interning at a well-known engineering firm, doing yoga and meditation, asking Deborah for advice on calming the mind and breathing during yoga	0.4347826086956522	0.4347826086956522	interning at a well-known engineering firm, working on a big project	0.7142857142857143	0.7142857142857143	interning at a well-known engineering firm	1.0	1.0
locomo:conv-48:qa134	single-hop	For how long has Jolene had Seraphim as a pet?	one year	1 year	0.5	0.5	last year	0.5	0.5	last year	0.5	0.5	since last year	0.4	0.4
locomo:conv-48:qa135	single-hop	How does Jolene feel when spending time with Seraphim?	comforted	amazing, relieved, proud, calming, motivated, satisfied, purposeful, relaxed, joy, closer to her partner, excited, rewarding	0.0	0.0	fun, relaxed	0.0	0.0	relieved,proud,amazing,calm,relaxed,joyful,excited	0.0	0.0	fun	0.0	0.0
locomo:conv-48:qa136	single-hop	Which new yoga pose did Deborah share a photo of?	tree pose	Dancer Pose (Natarajasana)	0.4	0.4	tree pose	1.0	1.0	Dancer Pose (Natarajasana)	0.4	0.4	Dancer Pose (Natarajasana)	0.4	0.4
locomo:conv-48:qa137	single-hop	What group activity did Deborah start with Anna?	running group	running group	1.0	1.0	running group	1.0	1.0	running group	1.0	1.0	running group,yoga class	0.4	0.6666666666666666
locomo:conv-48:qa138	single-hop	What made being part of the running group easy for Deborah to stay motivated?	helping and pushing each other during runs	her running group helps and pushes her during runs	0.5714285714285715	0.5714285714285715	the help and push from her running group	0.5	0.5	helping, pushing	0.5	0.5	the help and push from her running group	0.5	0.5
locomo:conv-48:qa139	single-hop	Why did Jolene decide to get a snake as a pet?	fascinated by reptiles and it felt like the perfect pet	for company, to cope with loneliness	0.0	0.0	to have some company and because she felt lonely	0.125	0.125	for company	0.0	0.0	to have company and not feel lonely	0.0	0.0
locomo:conv-48:qa14	multi-hop	What were Deborah's mother's hobbies?	reading, traveling, art, cooking	travel, cooking, reading, appreciating flowers, yoga	0.75	0.75	travel, reading, cooking, appreciating flowers	0.75	0.75	travel, reading, yoga, cooking, appreciating flowers	0.75	0.75	travel, reading, cooking, gardening, yoga	0.75	0.75
locomo:conv-48:qa140	single-hop	What is the favorite game Jolene plays with her partner?	It takes two	Overcooked 2	0.0	0.0	Overcooked 2	0.0	0.0	It takes two	1.0	1.0	Overcooked 2	0.0	0.0
locomo:conv-48:qa141	single-hop	What activity does Deborah do with her cats?	take them out for a run in the park every morning and evening	taking her cats out for a run in the park	0.6666666666666665	0.6666666666666665	takes her cats out for a run in the park	0.6666666666666665	0.6666666666666665	taking her cats out for a run in the park	0.6666666666666665	0.6666666666666665	takes her cats out for a run in the park	0.6666666666666665	0.6666666666666665
locomo:conv-48:qa142	single-hop	How does Jolene describe the feeling of finding her snake snuggled under the bed after it got out?	It really showed how much she loves her.	feeling of love and gratitude	0.16666666666666666	0.16666666666666666	relieved	0.0	0.0	relieved	0.0	0.0	relieved	0.0	0.0
locomo:conv-48:qa143	single-hop	Why does Deborah take her cats out for a run in the park every day?	Exercise and nature are important to her	to stay motivated, connected to her body, and find peace	0.26666666666666666	0.26666666666666666	because of the help and push from her running group	0.14285714285714288	0.14285714285714288	to stay connected to nature and find peace	0.30769230769230765	0.30769230769230765	to find peace and reset	0.2	0.2
locomo:conv-48:qa144	single-hop	How did Jolene come to have her pet, Susie?	She adopted her two years ago when feeling lonely.	Jolene adopted Susie two years ago when she felt lonely and wanted some company.	0.6363636363636364	0.6363636363636364	Jolene adopted Susie two years ago when she was feeling lonely and wanted some company.	0.6956521739130435	0.6956521739130435	Jolene adopted Susie two years ago when she felt lonely and wanted some company.	0.6363636363636364	0.6363636363636364	Jolene adopted Susie two years ago when she was feeling lonely and wanted some company.	0.6956521739130435	0.6956521739130435
locomo:conv-48:qa145	single-hop	What activities have been helping Jolene stay distracted during tough times?	Video games and spending time with her pet, Susie	video games, yoga, meditation, walks	0.3076923076923077	0.3076923076923077	video games, yoga, meditation	0.3333333333333333	0.3333333333333333	video games, yoga, meditation, walks	0.3076923076923077	0.3076923076923077	video games,yoga,meditation	0.2	0.3333333333333333
locomo:conv-48:qa146	single-hop	What kind of yoga routine does Deborah recommend to Jolene?	A gentle flow routine focused on breathing and grounding	gentle flow	0.4444444444444445	0.4444444444444445	gentle flow	0.4444444444444445	0.4444444444444445	gentle flow	0.4444444444444445	0.4444444444444445	gentle flow	0.4444444444444445	0.4444444444444445
locomo:conv-48:qa147	single-hop	What did Jolene design inspired by their love for space and engines?	Notebooks	notebooks with elements like galaxies and circuitry	0.2857142857142857	0.2857142857142857	notebooks with elements like galaxies and circuitry	0.2857142857142857	0.2857142857142857	notebooks with elements like galaxies and circuitry	0.2857142857142857	0.2857142857142857	notebooks with elements like galaxies and circuitry	0.2857142857142857	0.2857142857142857
locomo:conv-48:qa148	single-hop	What journal has Jolene been using to help track tasks and stay organized?	bullet journal	bullet journal	1.0	1.0	bullet journal	1.0	1.0	bullet journal	1.0	1.0	bullet journal	1.0	1.0
locomo:conv-48:qa149	single-hop	What game did Jolene recommend for being calming and cute?	Animal Crossing: New Horizons	Animal Crossing: New Horizons	1.0	1.0	Animal Crossing: New Horizons	1.0	1.0	Animal Crossing: New Horizons	1.0	1.0	Animal Crossing: New Horizons	1.0	1.0
locomo:conv-48:qa15	single-hop	What pets does Jolene have?	snakes	snake	1.0	1.0	snake	1.0	1.0	Susie,Seraphim	0.0	0.0	snake,Susie,dog	0.0	0.5
locomo:conv-48:qa150	single-hop	What game did Jolene suggest as an awesome open-world game for the Nintendo Switch?	Zelda BOTW	Zelda BOTW	1.0	1.0	Zelda BOTW	1.0	1.0	Zelda BOTW	1.0	1.0	Zelda BOTW	1.0	1.0
locomo:conv-48:qa151	single-hop	What did Deborah and her husband use to play to bond and make memories?	video games	detective games	0.5	0.5	detective games	0.5	0.5	detective games	0.5	0.5	detective games	0.5	0.5
locomo:conv-48:qa152	single-hop	What is special about the bench at the park near Deborah's house?	It holds special memories of conversations with her mom	holds special memories with her mom, full of good moments, peace and gratitude	0.6666666666666666	0.6666666666666666	It holds special memories with her mom, gives her peace and gratitude, and is full of good moments.	0.64	0.64	holds special memories with her mom	0.8	0.8	holds special memories with her mom	0.8	0.8
locomo:conv-48:qa153	single-hop	What did Deborah and her mom chat about at their special bench in the park?	dreams and life	dreams and life	1.0	1.0	dreams and life	1.0	1.0	dreams, life	1.0	1.0	dreams, life	1.0	1.0
locomo:conv-48:qa154	single-hop	What feeling does Deborah get when she thinks about the time spent with her mom at their special spot?	peace and gratitude	comfort, peace, gratitude, nostalgia, longing	0.5714285714285715	0.5714285714285715	peace, gratitude, comfort	0.8	0.8	comfort	0.0	0.0	peace and gratitude	1.0	1.0
locomo:conv-48:qa155	single-hop	What habits does Jolene practice to feel balanced?	yoga, meditation, walks, and mindfulness	yoga, meditation	0.6666666666666666	0.6666666666666666	yoga, meditation	0.6666666666666666	0.6666666666666666	yoga, meditation	0.6666666666666666	0.6666666666666666	yoga, meditation	0.6666666666666666	0.6666666666666666
locomo:conv-48:qa156	single-hop	Which yoga pose is Jolene a fan of for rest and calmness?	savasana (the corpse pose)	savasana	0.5	0.5	savasana	0.5	0.5	savasana	0.5	0.5	savasana	0.5	0.5
locomo:conv-48:qa157	single-hop	How long has Jolene been doing yoga?	3 years	3 years	1.0	1.0	3 years	1.0	1.0	3	0.6666666666666666	0.6666666666666666	3	0.6666666666666666	0.6666666666666666
locomo:conv-48:qa158	single-hop	What did Jolene participate in recently that provided her with a rewarding experience?	presenting at a virtual conference	yoga retreat	0.0	0.0	project	0.0	0.0	yoga, meditation course, virtual conference	0.4444444444444445	0.4444444444444445	project	0.0	0.0
locomo:conv-48:qa159	single-hop	How did Jolene feel after receiving positive feedback at the virtual conference?	thrilled and rewarded	thrilled	0.6666666666666666	0.6666666666666666	thrilled	0.6666666666666666	0.6666666666666666	thrilled	0.6666666666666666	0.6666666666666666	thrilled	0.6666666666666666	0.6666666666666666
locomo:conv-48:qa16	single-hop	What are the names of Jolene's snakes?	Susie, Seraphim	Susie, Seraphim	1.0	1.0	Susie, Seraphim	1.0	1.0	Susie,Seraphim	0.0	1.0	Susie,Seraphim	0.0	1.0
locomo:conv-48:qa160	single-hop	What kind of event did Jolene present at recently?	virtual conference	virtual conference	1.0	1.0	virtual conference	1.0	1.0	virtual conference	1.0	1.0	virtual conference	1.0	1.0
locomo:conv-48:qa161	single-hop	What did Jolene's mom stress the value of, which she wants to keep in mind for her engineering projects?	Helping others	helping others	1.0	1.0	helping others	1.0	1.0	helping others	1.0	1.0	helping others	1.0	1.0
locomo:conv-48:qa162	single-hop	What type of projects is Jolene interested in getting involved in the future?	Sustainable initiatives and developing innovative solutions for environmental issues	sustainable initiatives, renewable energy, clean water, environmental issues	0.5	0.5	sustainable initiatives, renewable energy, clean water, environmental issues, social causes, developing innovative solutions	0.6666666666666667	0.6666666666666667	sustainable initiatives, renewable energy, clean water, social causes, environmental issues	0.4444444444444445	0.4444444444444445	sustainable initiatives, renewable energy, clean water, environmental issues, social causes, STEM education	0.4	0.4
locomo:conv-48:qa163	single-hop	How did Deborah get Luna, one of her cats?	From the shelter	from a shelter	1.0	1.0	Deborah got Luna from a shelter.	0.5714285714285715	0.5714285714285715	from a shelter	1.0	1.0	from a shelter	1.0	1.0
locomo:conv-48:qa164	single-hop	How old is Max?	8 years old	8	0.5	0.5	8	0.5	0.5	8	0.5	0.5	8	0.5	0.5
locomo:conv-48:qa165	single-hop	What type of classes did Jolene and her partner check out during their trip to Rio de Janeiro on 30 August, 2023?	Yoga classes	yoga classes	1.0	1.0	cool yoga classes	0.8	0.8	cool yoga classes	0.8	0.8	yoga	0.6666666666666666	0.6666666666666666
locomo:conv-48:qa166	single-hop	What type of place does Jolene visit to meditate?	A tranquil spot by a pond	tranquil spot	0.6666666666666666	0.6666666666666666	nearby place	0.0	0.0	tranquil spot	0.6666666666666666	0.6666666666666666	nearby place	0.0	0.0
locomo:conv-48:qa167	single-hop	What was the new plant Jolene got used as a reminder for on 30 August, 2023?	To nurture herself and embrace fresh starts	insufficient information	0.0	0.0	to nurture herself and embrace fresh starts	1.0	1.0	insufficient information	0.0	0.0	to nurture herself and embrace fresh starts	1.0	1.0
locomo:conv-48:qa168	single-hop	Why did Jolene get the new plant on 30 August, 2023?	As a reminder to nurture herself and embrace fresh starts	as a reminder to nurture herself and embrace fresh starts	1.0	1.0	as a reminder to nurture herself and embrace fresh starts	1.0	1.0	to nurture herself and embrace fresh starts	0.8571428571428571	0.8571428571428571	as a reminder to nurture herself and embrace fresh starts	1.0	1.0
locomo:conv-48:qa169	single-hop	What has Jolene been focusing on lately besides studying?	relationship with her partner	relationship with her partner, personal growth, time management strategies, sustainable initiatives, projects focused on developing renewable energy, projects focused on supplying clean water, developing innovative solutions for environmental issues, getting involved with organizations that focus on social causes	0.1904761904761905	0.1904761904761905	engineering, relationship, personal growth	0.25	0.25	relationship with her partner,time management strategies	0.6	0.7272727272727273	yoga, meditation, personal growth, time management strategies, relationship, engineering, internships, workshops, sustainable initiatives, social causes, developing renewable energy, supplying clean water, innovative solutions for environmental issues	0.06666666666666668	0.06666666666666668
locomo:conv-48:qa17	temporal	When did Jolene buy her pet Seraphim?	in 2022	the weekend before 2 March 2023	0.0	0.0	last year	0.0	0.0	the weekend before 2 March 2023	0.0	0.0	the Sunday before 2 March 2023	0.0	0.0
locomo:conv-48:qa170	single-hop	How did Deborah's mom support her yoga practice when she first started?	attended classes with her	coming to her yoga classes	0.4444444444444445	0.4444444444444445	insufficient information	0.0	0.0	coming to her yoga classes	0.4444444444444445	0.4444444444444445	insufficient information	0.0	0.0
locomo:conv-48:qa171	single-hop	What was the video game console that Jolene's parents got her at age 10?	nintendo game console	Nintendo game console	1.0	1.0	insufficient information	0.0	0.0	Nintendo game console	1.0	1.0	insufficient information	0.0	0.0
locomo:conv-48:qa172	single-hop	What was one of Jolene's favorite games to play with her mom on the nintendo wii game system?	Monster Hunter: World	Monster Hunter: World	1.0	1.0	Monster Hunter: World	1.0	1.0	Monster Hunter: World	1.0	1.0	Monster Hunter: World	1.0	1.0
locomo:conv-48:qa173	single-hop	What course did Jolene sign up for on 6 September 2023?	meditation	a meditation course	0.6666666666666666	0.6666666666666666	a meditation course	0.6666666666666666	0.6666666666666666	a meditation course	0.6666666666666666	0.6666666666666666	a meditation course	0.6666666666666666	0.6666666666666666
locomo:conv-48:qa174	single-hop	Why did Jolene have to reschedule their meeting with Deborah on September 8, 2023?	Jolene already had plans	insufficient information	0.0	0.0	insufficient information	0.0	0.0	insufficient information	0.0	0.0	insufficient information	0.0	0.0
locomo:conv-48:qa175	single-hop	Where did Jolene and her partner travel for a few weeks in September 2023?	Phuket	insufficient information	0.0	0.0	Phuket	1.0	1.0	insufficient information	0.0	0.0	Phuket	1.0	1.0
locomo:conv-48:qa176	single-hop	What was the main focus of the session that stood out to Jolene during the retreat?	releasing expectations and judgments and savoring the present	releasing expectations and judgments	0.7499999999999999	0.7499999999999999	releasing expectations and judgments	0.7499999999999999	0.7499999999999999	releasing expectations and judgments	0.7499999999999999	0.7499999999999999	releasing expectations and judgments	0.7499999999999999	0.7499999999999999
locomo:conv-48:qa177	single-hop	How did Jolene feel about her progress in practicing mindfulness and gratitude?	experiencing a new level of joy and happiness	finding her zen again	0.0	0.0	up and down	0.0	0.0	finding her zen again	0.0	0.0	positive	0.0	0.0
locomo:conv-48:qa178	single-hop	What positive change did Jolene experience during the retreat?	finding inner peace	confidence boost, clarity, calmness	0.0	0.0	gained a new outlook, achieved a confidence boost	0.0	0.0	confidence boost, clarity, inner peace	0.5	0.5	confidence boost	0.0	0.0
locomo:conv-48:qa179	single-hop	What did Jolene recently play that she described to Deb?	a card game about cats	Zelda BOTW, Animal Crossing: New Horizons, Overcooked 2	0.0	0.0	Nintendo Wii	0.0	0.0	video games	0.3333333333333333	0.3333333333333333	Nintendo Wii	0.0	0.0
locomo:conv-48:qa18	open-domain	In what country did Jolene buy snake Seraphim?	In France	Paris	0.0	0.0	Paris	0.0	0.0	Paris	0.0	0.0	Paris	0.0	0.0
locomo:conv-48:qa180	single-hop	What did Deborah do with their mom's old friends?	reminisced and looked through photos	reconnected, reminisced, looked through photos	0.888888888888889	0.888888888888889	reminisced and looked through her mom's photos	0.8	0.8	reconnected, reminisced, looked through photos	0.888888888888889	0.888888888888889	reminisced, looked through photos	1.0	1.0
locomo:conv-48:qa181	single-hop	Where did Deborah get married?	on the beach	insufficient information	0.0	0.0	at the beach	0.5	0.5	insufficient information	0.0	0.0	at the beach	0.5	0.5
locomo:conv-48:qa182	single-hop	What does yoga on the beach provide for Deborah?	a peaceful atmosphere	relaxing, finding peace	0.4	0.4	relaxation, peace, joy	0.4	0.4	relaxation, peace	0.5	0.5	peace, relaxation, joy	0.4	0.4
locomo:conv-48:qa183	single-hop	How does Jolene describe their home room?	little haven for peace and rest	perfect for yoga	0.25	0.25	a haven for peace and rest	0.888888888888889	0.888888888888889	perfect for yoga	0.25	0.25	haven for peace and rest	0.888888888888889	0.888888888888889
locomo:conv-48:qa184	single-hop	What new activity did Deborah and her neighbor organize for the community on 16 September, 2023?	Free gardening class	free gardening class	1.0	1.0	free gardening class	1.0	1.0	free gardening class	1.0	1.0	a free gardening class	1.0	1.0
locomo:conv-48:qa185	single-hop	What was Deborah's mom passionate about?	Cooking	travel, cooking, flowers, yoga	0.4	0.4	travel, reading, flowers, cooking	0.4	0.4	travel,yoga,cooking	0.0	0.5	travel, reading, flowers, cooking	0.4	0.4
locomo:conv-48:qa186	single-hop	What food did Deborah's mom make for her on birthdays?	Pineapple cakes	pineapple birthday cakes	0.8	0.8	pineapple birthday cakes	0.8	0.8	pineapple birthday cakes	0.8	0.8	pineapple birthday cakes	0.8	0.8
locomo:conv-48:qa187	single-hop	What kind of cookies did Jolene used to bake with someone close to her?	Chocolate chip cookies	chocolate chip cookies	1.0	1.0	chocolate chip	0.8	0.8	chocolate chip	0.8	0.8	chocolate chip	0.8	0.8
locomo:conv-48:qa188	single-hop	What outdoor activity did Jolene suggest doing together with Deborah?	Surfing	surfing	1.0	1.0	surfing	1.0	1.0	surfing	1.0	1.0	surfing	1.0	1.0
locomo:conv-48:qa189	single-hop	What activity did Deborah enjoy at the music festival with their pals on September 20, 2023?	Dancing and bopping around	dancing	0.5	0.5	dancing and bopping around	1.0	1.0	dancing	0.5	0.5	dancing and bopping around	1.0	1.0
locomo:conv-48:qa19	multi-hop	How many times has Jolene been to France?	two times	1	0.0	0.0	1	0.0	0.0	1	0.0	0.0	1	0.0	0.0
locomo:conv-48:qa190	single-hop	What did Deborah find freeing at the music festival?	Dancing and bopping around	dancing and bopping around	1.0	1.0	getting immersed in a game	0.0	0.0	dancing	0.5	0.5	getting immersed in a game	0.0	0.0
locomo:conv-48:qa2	temporal	When did Deborah`s mother pass away?	a few years before 2023	a few years ago	0.5714285714285715	0.5714285714285715	a few years ago	0.5714285714285715	0.5714285714285715	a few years before 23 January 2023	0.8	0.8	a few years ago	0.5714285714285715	0.5714285714285715
locomo:conv-48:qa20	multi-hop	Which games have Jolene and her partner played together?	Detroit, Walking Dead, Battlefield 1, It Takes Two, Overcooked 2	Detroit, Walking Dead, It takes two, Overcooked 2	0.8	0.8	Detroit, Walking Dead, It takes two, Overcooked 2	0.8	0.8	Detroit, Walking Dead, It takes two, Overcooked 2	0.8	0.8	Detroit, Walking Dead, It takes two, Overcooked 2	0.8	0.8
locomo:conv-48:qa21	temporal	"When do Jolene and her partner plan to complete the game ""Walking Dead""?"	Saturday after 27 January, 2023	next Saturday	0.28571428571428575	0.28571428571428575	next Saturday	0.28571428571428575	0.28571428571428575	next Saturday	0.28571428571428575	0.28571428571428575	next Saturday	0.28571428571428575	0.28571428571428575
locomo:conv-48:qa22	temporal	When did Deborah meet Anna?	31 January, 2023	the day before 1 February 2023; 31 January 2023	0.5454545454545454	0.5454545454545454	the day before 1 February 2023; 31 January 2023	0.5454545454545454	0.5454545454545454	the day before 1 February 2023	0.25	0.25	the day before 1 February 2023	0.25	0.25
locomo:conv-48:qa23	open-domain	Why did Jolene sometimes put off doing yoga?	She's more interested in playing video games	Jolene got too caught up in her studies and forgot to prioritize self-care.	0.10526315789473685	0.10526315789473685	Jolene gets too caught up in her studies and forgets to prioritize self-care.	0.10526315789473685	0.10526315789473685	gets too caught up in her studies	0.14285714285714285	0.14285714285714285	gets too caught up in her studies	0.14285714285714285	0.14285714285714285
locomo:conv-48:qa24	multi-hop	What new yoga poses did Deborah try?	Warrior II, Dancer Pose (Natarajasana), Tree pose	Dancer Pose (Natarajasana), tree pose	0.6666666666666666	0.6666666666666666	Dancer Pose (Natarajasana), tree pose	0.6666666666666666	0.6666666666666666	Dancer Pose (Natarajasana), tree pose	0.6666666666666666	0.6666666666666666	Dancer Pose (Natarajasana), tree pose	0.6666666666666666	0.6666666666666666
locomo:conv-48:qa25	single-hop	What are Jolene's favorite books?	Sapiens, Avalanche by Neal Stephenson	Avalanche, Sapiens, self-discovery book	0.4444444444444445	0.4444444444444445	Sapiens, Avalanche by Neal Stephenson, a self-discovery book	0.8333333333333333	0.8333333333333333	Avalanche, Sapiens, self-discovery book	0.4444444444444445	0.4444444444444445	Avalanche by Neal Stephenson, Sapiens, a self-discovery book	0.8333333333333333	0.8333333333333333
locomo:conv-48:qa26	temporal	Which book did Jolene read in January 2023?	Avalanche by Neal Stephenson	Avalanche	0.4	0.4	Avalanche by Neal Stephenson	1.0	1.0	Avalanche	0.4	0.4	Avalanche	0.4	0.4
locomo:conv-48:qa27	temporal	When was Jolene in Bogota?	in summer 2022	the summer before 4 February 2023; 1 June 2022 - 31 August 2022	0.28571428571428575	0.28571428571428575	the summer before 4 February 2023; 1 June 2022 - 31 August 2022	0.28571428571428575	0.28571428571428575	the summer before 4 February 2023	0.25	0.25	the summer before 4 February 2023	0.25	0.25
locomo:conv-48:qa28	open-domain	In what country was Jolene during summer 2022?	Colombia	Bogota	0.0	0.0	Bogota	0.0	0.0	Bogota	0.0	0.0	Bogota	0.0	0.0
locomo:conv-48:qa29	temporal	When did Jolene have a mini-retreat to reflect on her career?	Wednesday before 9 February, 2023	the Wednesday before 9 February 2023; 8 February 2023	0.7692307692307693	0.7692307692307693	the Wednesday before 9 February 2023; 8 February 2023	0.7692307692307693	0.7692307692307693	the Wednesday before 9 February 2023	1.0	1.0	the Wednesday before 9 February 2023	1.0	1.0
locomo:conv-48:qa3	temporal	When did Jolene`s mother pass away?	in 2022	the year before 23 January 2023; 2022	0.25	0.25	2022	0.6666666666666666	0.6666666666666666	the year before 23 January 2023	0.0	0.0	the year before 23 January 2023	0.0	0.0
locomo:conv-48:qa30	temporal	When did Jolene have a dinner and drinks with her friends?	21 February, 2023	the day before 22 February 2023	0.5	0.5	21 February 2023	1.0	1.0	21 February 2023	1.0	1.0	21 February 2023	1.0	1.0
locomo:conv-48:qa31	temporal	When was the last photo of Deborah and Karlie taken?	in summer 2022	last summer before 22 February 2023	0.2222222222222222	0.2222222222222222	last summer	0.4	0.4	the summer before 22 February 2023	0.25	0.25	last summer before 22 February 2023	0.2222222222222222	0.2222222222222222
locomo:conv-48:qa32	temporal	When was Deborah in Bali?	in 2022	the year before 22 February 2023	0.0	0.0	last year	0.0	0.0	the year before 22 February 2023	0.0	0.0	2022	0.6666666666666666	0.6666666666666666
locomo:conv-48:qa33	single-hop	How long have Jolene and her partner been together?	for three years	three years	0.8	0.8	three years	0.8	0.8	three years	0.8	0.8	3	0.0	0.0
locomo:conv-48:qa34	temporal	Which year did Jolene and her partner start dating?	2020	2020	1.0	1.0	2020	1.0	1.0	2020	1.0	1.0	2020	1.0	1.0
locomo:conv-48:qa35	temporal	When did Deborah go for her first morning jog in a nearby park?	24 February, 2023	24 February 2023	1.0	1.0	the day before 25 February 2023	0.5	0.5	24 February 2023	1.0	1.0	the day before 25 February 2023	0.5	0.5
locomo:conv-48:qa36	open-domain	How old is Jolene?	likely no more than 30; since she's in school	insufficient information	0.0	0.0	insufficient information	0.0	0.0	insufficient information	0.0	0.0	insufficient information	0.0	0.0
locomo:conv-48:qa37	temporal	When did Jolene take Seraphim to the park?	Sunday before 2 March, 2023	the Sunday before 2 March 2023; 26 February 2023	0.7692307692307693	0.7692307692307693	the Sunday before 2 March 2023; 26 February 2023	0.7692307692307693	0.7692307692307693	the Sunday before 2 March 2023	1.0	1.0	the Sunday before 2 March 2023	1.0	1.0
locomo:conv-48:qa38	temporal	When did Deborah start the yoga class in the neighborhood?	Friday before 13 March, 2023	10 March 2023	0.5	0.5	10 March 2023	0.5	0.5	10 March 2023	0.5	0.5	10 March 2023	0.5	0.5
locomo:conv-48:qa39	multi-hop	What time management techniques do Deborah and Jolene use?	the Pomodoro Technique - 25 minutes work and 5-minute break, scheduler or to-do list, The Eisenhower Matrix, bullet journal	Pomodoro Technique,Eisenhower Matrix	0.3611111111111111	0.3611111111111111	Pomodoro Technique, breaking tasks into smaller pieces, prioritizing tasks, using a bullet journal, mindfulness	0.3111111111111111	0.3111111111111111	Pomodoro Technique,Eisenhower Matrix	0.3611111111111111	0.3611111111111111	Pomodoro Technique,break tasks into smaller pieces,set goals,bullet journal	0.3611111111111111	0.3611111111111111
locomo:conv-48:qa4	temporal	When did Jolene's mom gift her a pendant?	in 2010	2010	0.6666666666666666	0.6666666666666666	2010	0.6666666666666666	0.6666666666666666	2010	0.6666666666666666	0.6666666666666666	2010	0.6666666666666666	0.6666666666666666
locomo:conv-48:qa40	open-domain	Does Deborah live close to the beach or the mountains?	beach	the beach	1.0	1.0	beach	1.0	1.0	yes	0.0	0.0	likely yes	0.0	0.0
locomo:conv-48:qa41	multi-hop	What ways do Deborah and Jolene use to enhance their yoga practice?	candles, music, essential oils	candles, essential oils, calming music, albums	0.8888888888888888	0.8888888888888888	candles, essential oils, music	1.0	1.0	candles, essential oils, calming music, albums, mindful breathing, gentle flow routine	0.8888888888888888	0.8888888888888888	candles, essential oils, music	1.0	1.0
locomo:conv-48:qa42	single-hop	What music pieces does Deborah listen to during her yoga practice?	Savana, Sleep	Savana, Sleep	1.0	1.0	Savana, Sleep	1.0	1.0	Savana, Sleep	1.0	1.0	Savana, Sleep	1.0	1.0
locomo:conv-48:qa43	temporal	When did Deborah go for a bicycle ride with Anna?	first week of April, 2023	the week before 9 April 2023	0.6	0.6	the week before 9 April 2023	0.6	0.6	the week before 9 April 2023	0.6	0.6	the week before 9 April 2023	0.6	0.6
locomo:conv-48:qa44	temporal	When did Deborah go to an art show with Anna?	on 9 April, 2023	insufficient information	0.0	0.0	insufficient information	0.0	0.0	insufficient information	0.0	0.0	insufficient information	0.0	0.0
locomo:conv-48:qa45	temporal	When did Jolene finish her robotics project?	May 2023	insufficient information	0.0	0.0	insufficient information	0.0	0.0	the week before 4 February 2023	0.28571428571428575	0.28571428571428575	the week before 4 February 2023	0.28571428571428575	0.28571428571428575
locomo:conv-48:qa46	temporal	How long did Jolene work on the robotics project given to her by her Professor?	four months	insufficient information	0.0	0.0	insufficient information	0.0	0.0	insufficient information	0.0	0.0	since 2 February 2023	0.0	0.0
locomo:conv-48:qa47	temporal	When did Jolene do yoga at Talkeetna?	on 5 June, 2023	5 June 2023	0.8571428571428571	0.8571428571428571	5 June 2023	0.8571428571428571	0.8571428571428571	5 June 2023	0.8571428571428571	0.8571428571428571	5 June 2023	0.8571428571428571	0.8571428571428571
locomo:conv-48:qa48	open-domain	Which US state did Jolene visit during her internship?	Alaska	insufficient information	0.0	0.0	insufficient information	0.0	0.0	insufficient information	0.0	0.0	insufficient information	0.0	0.0
locomo:conv-48:qa49	single-hop	How long has Jolene been doing yoga and meditation?	about 3 years	about 3 years	1.0	1.0	about 3 years	1.0	1.0	3	0.5	0.5	3	0.5	0.5
locomo:conv-48:qa5	open-domain	In what country did Jolene's mother buy her the pendant?	In France	Paris	0.0	0.0	Paris	0.0	0.0	Paris	0.0	0.0	Paris	0.0	0.0
locomo:conv-48:qa50	temporal	Which year did Jolene start practicing yoga?	2020	2020	1.0	1.0	2020	1.0	1.0	2020	1.0	1.0	2020	1.0	1.0
locomo:conv-48:qa51	temporal	When did Jolene buy a new aquarium for Seraphim?	24 June, 2023	the day before 26 June 2023	0.5	0.5	the day before yesterday relative to 26 June 2023	0.36363636363636365	0.36363636363636365	the day before 26 June 2023	0.5	0.5	the day before 26 June 2023	0.5	0.5
locomo:conv-48:qa52	temporal	When did Jolene lose a lot of progress in her work?	last week of July 2023	24 July 2023 - 30 July 2023	0.3636363636363636	0.3636363636363636	the week before 1 August 2023; 24 July 2023 - 30 July 2023	0.37499999999999994	0.37499999999999994	the week before 1 August 2023	0.4000000000000001	0.4000000000000001	the week before 1 August 2023	0.4000000000000001	0.4000000000000001
locomo:conv-48:qa53	temporal	When did Jolene adopt her snake Susie?	in 2021	two years before 1 August 2023; 2021	0.22222222222222224	0.22222222222222224	two years before 1 August 2023; 2021	0.22222222222222224	0.22222222222222224	two years before 1 August 2023	0.0	0.0	two years before 1 August 2023	0.0	0.0
locomo:conv-48:qa54	temporal	Which pet did Jolene adopt first - Susie or Seraphim?	Susie	Susie	1.0	1.0	Susie	1.0	1.0	Susie	1.0	1.0	Susie	1.0	1.0
locomo:conv-48:qa55	temporal	Which pet did Jolene adopt more recently - Susie or Seraphim?	Seraphim	Seraphim	1.0	1.0	Seraphim	1.0	1.0	Seraphim	1.0	1.0	Seraphim	1.0	1.0
locomo:conv-48:qa56	temporal	When did Deborah lead a meditation session during the sunset?	week before 16 August, 2023	the week before 16 August 2023; 7 August 2023 - 13 August 2023	0.625	0.625	7 August 2023 - 13 August 2023	0.3636363636363636	0.3636363636363636	the week before 16 August 2023	1.0	1.0	the week before 16 August 2023	1.0	1.0
locomo:conv-48:qa57	temporal	When did Jolene gift her partner a new console?	17 August, 2023	19 August 2023	0.6666666666666666	0.6666666666666666	the week before 21 August 2023	0.5	0.5	19 August 2023	0.6666666666666666	0.6666666666666666	the week before 21 August 2023	0.5	0.5
locomo:conv-48:qa58	single-hop	What games does Jolene recommend for Deborah?	Zelda BOTW for Switch , Animal Crossing: New Horizons, Overcooked 2	Zelda BOTW, Animal Crossing: New Horizons, Overcooked 2	0.888888888888889	0.888888888888889	Animal Crossing: New Horizons, Zelda BOTW	0.7499999999999999	0.7499999999999999	Zelda BOTW, Animal Crossing: New Horizons, Overcooked 2	0.888888888888889	0.888888888888889	Animal Crossing: New Horizons, Zelda BOTW	0.7499999999999999	0.7499999999999999
locomo:conv-48:qa59	single-hop	What do Deborah and her husband do together?	play detective games together, spend time outdoors and explore nature	play detective games, spend time outdoors and exploring nature	0.9411764705882353	0.9411764705882353	play detective games, spend time outdoors and exploring nature	0.9411764705882353	0.9411764705882353	play detective games, spend time outdoors, explore nature	0.9411764705882353	0.9411764705882353	play detective games, spend time outdoors, explore nature	0.9411764705882353	0.9411764705882353
locomo:conv-48:qa6	multi-hop	What symbolic gifts do Deborah and Jolene have from their mothers?	pendants	pendant, snake named Susie	1.0	1.0	pendant,bouquet	1.0	1.0	pendant, snake named Susie	1.0	1.0	pendant,bouquet	1.0	1.0
locomo:conv-48:qa60	temporal	When did Deborah go to a yoga retreat near her mom's place?	a week before 24 August,2023	the week before 24 August 2023	0.6666666666666665	0.6666666666666665	the week before 24 August 2023	0.6666666666666665	0.6666666666666665	the week before 24 August 2023	0.6666666666666665	0.6666666666666665	the week before 24 August 2023	0.6666666666666665	0.6666666666666665
locomo:conv-48:qa61	single-hop	What projects is Jolene planning for next year?	developing renewable energy finding ways to supply clean water to those with limited access	insufficient information	0.0	0.0	insufficient information	0.0	0.0	supplying clean water, developing renewable energy, sustainable initiatives, innovative solutions for environmental issues, organizations that focus on social causes	0.36363636363636365	0.36363636363636365	supplying clean water, developing renewable energy, sustainable initiatives, projects focused on environmental issues, getting involved with organizations that focus on social causes	0.3888888888888889	0.3888888888888889
locomo:conv-48:qa62	single-hop	Where did Deborah get her cats?	Luna is from the shelter and Max is her mother's cat	Luna from a shelter, Max from her mother	0.75	0.75	Deborah got Luna from a shelter and Max from her mother.	0.6666666666666666	0.6666666666666666	shelter,mother	0.0	0.3636363636363636	shelter,mother	0.0	0.3636363636363636
locomo:conv-48:qa63	single-hop	How old are Deborah's cats?	Max is 8 years old and Luna is 5 years old	5 years old, unknown	0.4285714285714285	0.4285714285714285	5 years old, not specified	0.4	0.4	5	0.18181818181818182	0.18181818181818182	5	0.18181818181818182	0.18181818181818182
locomo:conv-48:qa64	single-hop	Does Deborah like cats?	Yes	yes	1.0	1.0	yes	1.0	1.0	yes	1.0	1.0	yes	1.0	1.0
locomo:conv-48:qa65	temporal	Which country was Jolene located in during the last week of August 2023?	Brazil	Rio de Janeiro	0.0	0.0	Rio de Janeiro	0.0	0.0	Phuket	0.0	0.0	Phuket	0.0	0.0
locomo:conv-48:qa66	temporal	When did Jolene and her partner return home from Rio de Janeiro?	29 August, 2023	29 August 2023	1.0	1.0	29 August 2023	1.0	1.0	29 August 2023	1.0	1.0	29 August 2023	1.0	1.0
locomo:conv-48:qa67	single-hop	What was Jolene doing with her partner in Rio de Janeiro?	they went on excursions, checked out some cool yoga classes, visited a lot of delicious cafes, visited an old temple	checking out cool yoga classes	0.4347826086956522	0.4347826086956522	checked out cool yoga classes	0.4347826086956522	0.4347826086956522	checked out cool yoga classes	0.4347826086956522	0.4347826086956522	checked out cool yoga classes	0.4347826086956522	0.4347826086956522
locomo:conv-48:qa68	temporal	When did Deborah visit Brazil?	2020	three years before 30 August 2023	0.0	0.0	three years before 30 August 2023	0.0	0.0	three years before 30 August 2023	0.0	0.0	three years before 30 August 2023	0.0	0.0
locomo:conv-48:qa69	single-hop	Have Deborah and Jolene been to Rio de Janeiro?	yes	yes	1.0	1.0	yes	1.0	1.0	yes	1.0	1.0	yes	1.0	1.0
locomo:conv-48:qa7	temporal	Which country were Jolene and her mother visiting in 2010?	France	Paris	0.0	0.0	Paris	0.0	0.0	Paris	0.0	0.0	Paris	0.0	0.0
locomo:conv-48:qa70	open-domain	Is the friend who wrote Deborah the motivational quote no longer alive?	likely yes	likely yes	1.0	1.0	yes	0.6666666666666666	0.6666666666666666	yes	0.6666666666666666	0.6666666666666666	yes	0.6666666666666666	0.6666666666666666
locomo:conv-48:qa71	temporal	When did Deborah go to a community meetup?	last week of August 2023	1 September 2023	0.25	0.25	1 September 2023	0.25	0.25	1 September 2023	0.25	0.25	1 September 2023	0.25	0.25
locomo:conv-48:qa72	single-hop	When did Jolene's parents give her first console?	when she was 10	when she was 10	1.0	1.0	insufficient information	0.0	0.0	2010	0.0	0.0	insufficient information	0.0	0.0
locomo:conv-48:qa73	multi-hop	Did Jolene teach herself how to play the console?	yes	likely yes	0.6666666666666666	0.6666666666666666	yes	1.0	1.0	yes	1.0	1.0	yes	1.0	1.0
locomo:conv-48:qa74	single-hop	What do Deborah and Jolene plan to try when they meet in a new cafe?	coffee and fresh pastries	trying fresh pastries	0.6666666666666666	0.6666666666666666	try fresh pastries	0.6666666666666666	0.6666666666666666	fresh pastries	0.8	0.8	talk about the coffee shop	0.28571428571428575	0.28571428571428575
locomo:conv-48:qa75	open-domain	What card game is Deborah talking about?	Exploding Kittens	a card game about cats	0.0	0.0	a card game about cats	0.0	0.0	a card game about cats	0.0	0.0	a card game about cats	0.0	0.0
locomo:conv-48:qa76	temporal	When did Jolene and her partner try scuba diving lessons?	Friday before 17 September, 2023	15 September 2023	0.5	0.5	15 September 2023	0.5	0.5	the Friday before 17 September 2023	1.0	1.0	the Friday before 17 September 2023	1.0	1.0
locomo:conv-48:qa77	multi-hop	Where did Jolene and her partner find a cool diving spot?	Phuket	the spot she chose	0.0	0.0	the Friday before 17 September 2023	0.0	0.0	the spot she chose	0.0	0.0	the Friday before 17 September 2023	0.0	0.0
locomo:conv-48:qa78	temporal	Where did Jolene and her partner spend most of September 2023?	Phuket	meditation retreat in Phuket, yoga retreat	0.2857142857142857	0.2857142857142857	Phuket	1.0	1.0	Phuket	1.0	1.0	Phuket	1.0	1.0
locomo:conv-48:qa79	multi-hop	Has Deborah tried surfing?	yes	likely no	0.0	0.0	yes	1.0	1.0	likely yes	0.6666666666666666	0.6666666666666666	yes	1.0	1.0
locomo:conv-48:qa8	multi-hop	What helped Deborah find peace when grieving deaths of her loved ones?	yoga, old photos, the roses and dahlias in a flower garden, nature	yoga, photos, sitting by the window, nature, roses and dahlias, memories, her mother's presence, small things, pets, meditation, artwork, simple things, the beach	0.8095238095238095	0.8095238095238095	yoga, photos, nature, memories	0.6666666666666666	0.6666666666666666	yoga,photos,sitting by the window,nature,roses and dahlias,Bali,pets,meditation	0.8095238095238095	0.8095238095238095	yoga,nature,photos,memories	0.6666666666666666	0.6666666666666666
locomo:conv-48:qa80	multi-hop	Has Jolene tried surfing?	no	no	1.0	1.0	no	1.0	1.0	no	1.0	1.0	no	1.0	1.0
locomo:conv-48:qa81	temporal	When did the Deboran and Jolene agree to go surfing?	in October 2023	the month after 17 September 2023; October 2023	0.4	0.4	the month after 17 September 2023; October 2023	0.4	0.4	the month after 17 September 2023	0.25	0.25	the month after 17 September 2023; October 2023	0.4	0.4
locomo:conv-48:qa82	multi-hop	Which locations does Deborah practice her yoga at?	at her mother's old home, park, yoga studio, beach	living room, park, beach, dance studio, field, local care home	0.6875	0.6875	living room, park, beach, dance studio, neighborhood, local care home, field, mom's place	0.6875	0.6875	park, beach, living room, dance studio, care home	0.6964285714285714	0.6964285714285714	living room,park,dance studio,beach,Bali	0.625	0.625
locomo:conv-48:qa83	multi-hop	What kind of professional activities does Jolene participate in to gain more experience in her field?	present work at virtual conference, attend workshops  and intern at firms	internships, workshops	0.16666666666666669	0.16666666666666669	internships, attending workshops, presenting at virtual conferences	0.7301587301587302	0.7301587301587302	internships, workshops, projects	0.16666666666666669	0.16666666666666669	internships, workshops, engineering projects	0.16666666666666669	0.16666666666666669
locomo:conv-48:qa84	multi-hop	What kind of engineering projects has Jolene worked on?	electrical engineering, robotics, sustainable water purifier, productive and affordable aerial surveillance system	electrical engineering project, robotics project, sustainable water purifier, engineering project, tough engineering project, prototype for aerial surveillance	0.7277777777777777	0.7277777777777777	electrical engineering project, robotics project, sustainable water purifier, prototype for aerial surveillance	0.7277777777777777	0.7277777777777777	electrical engineering project, robotics project, sustainable water purifier, prototype for aerial surveillance	0.7277777777777777	0.7277777777777777	a sustainable water purifier, a robotics project, a tough engineering project, a prototype for aerial surveillance	0.6277777777777778	0.6277777777777778
locomo:conv-48:qa85	multi-hop	Which community activities have Deborah and Anna participated in?	yoga, running	yoga, running	1.0	1.0	yoga, running	1.0	1.0	yoga, running	1.0	1.0	yoga, running	1.0	1.0
locomo:conv-48:qa86	multi-hop	What gifts has Deborah received?	an appreciate letter from her community, a flower bouqet from her friend, a motivational quote from a friend	letter,bouquet of flowers,amulet,cats	0.19444444444444445	0.19444444444444445	a letter, a bouquet of flowers, Max	0.19444444444444445	0.19444444444444445	letter,bouquet of flowers,amulet,cats	0.19444444444444445	0.19444444444444445	letter,bouquet of flowers,amulet,quote	0.3277777777777778	0.3277777777777778
locomo:conv-48:qa87	multi-hop	Which countries has Deborah traveled to?	Thailand, Brazil	Bali, Rio de Janeiro	0.0	0.0	Bali, Rio de Janeiro	0.0	0.0	Bali,Rio de Janeiro	0.0	0.0	Bali,Rio de Janeiro	0.0	0.0
locomo:conv-48:qa88	multi-hop	What activities does Deborah pursue besides practicing and teaching yoga?	biking, going to art shows, running, organizing workshops to practice mindfulness and self-care, surfing, gardening	meditation, running, walking, mindfulness, self-reflection	0.21428571428571427	0.21428571428571427	meditation, jogging, spending time with loved ones, organizing workshops and events, running with others, self-reflection	0.1574074074074074	0.1574074074074074	meditation, running, self-reflection, walking	0.16666666666666666	0.16666666666666666	meditation, jogging, spending time with loved ones, organizing workshops and events, running with others	0.1574074074074074	0.1574074074074074
locomo:conv-48:qa89	single-hop	What are the names of Jolene's snakes?	Susie, Seraphim	Susie, Seraphim	1.0	1.0	Susie, Seraphim	1.0	1.0	Susie,Seraphim	0.0	1.0	Susie,Seraphim	0.0	1.0
locomo:conv-48:qa9	temporal	When did Deborah's father pass away?	January 25, 2023	two days before 27 January 2023; 25 January 2023	0.5	0.5	two days before 27 January 2023; 25 January 2023	0.5	0.5	two days before 27 January 2023	0.4444444444444444	0.4444444444444444	two days before 27 January 2023	0.4444444444444444	0.4444444444444444
locomo:conv-48:qa90	single-hop	What are Jolene's favorite books?	Sapiens, Avalanche by Neal Stephenson	Avalanche, Sapiens, self-discovery book	0.4444444444444445	0.4444444444444445	Sapiens, Avalanche by Neal Stephenson, a self-discovery book	0.8333333333333333	0.8333333333333333	Avalanche, Sapiens, self-discovery book	0.4444444444444445	0.4444444444444445	Avalanche by Neal Stephenson, Sapiens, a self-discovery book	0.8333333333333333	0.8333333333333333
locomo:conv-48:qa91	single-hop	What music pieces does Deborah listen to during her yoga practice?	Savana, Sleep	Savana, Sleep	1.0	1.0	Savana, Sleep	1.0	1.0	Savana, Sleep	1.0	1.0	Savana, Sleep	1.0	1.0
locomo:conv-48:qa92	single-hop	What games does Jolene recommend for Deborah?	Zelda BOTW for Switch , Animal Crossing: New Horizons, Overcooked 2	Zelda BOTW, Animal Crossing: New Horizons, Overcooked 2	0.888888888888889	0.888888888888889	Animal Crossing: New Horizons, Zelda BOTW	0.7499999999999999	0.7499999999999999	Zelda BOTW, Animal Crossing: New Horizons, Overcooked 2	0.888888888888889	0.888888888888889	Animal Crossing: New Horizons, Zelda BOTW	0.7499999999999999	0.7499999999999999
locomo:conv-48:qa93	single-hop	What projects is Jolene planning for next year?	developing renewable energy finding ways to supply clean water to those with limited access	insufficient information	0.0	0.0	insufficient information	0.0	0.0	supplying clean water, developing renewable energy, sustainable initiatives, innovative solutions for environmental issues, organizations that focus on social causes	0.36363636363636365	0.36363636363636365	supplying clean water, developing renewable energy, sustainable initiatives, projects focused on environmental issues, getting involved with organizations that focus on social causes	0.3888888888888889	0.3888888888888889
locomo:conv-48:qa94	single-hop	Where did Deborah get her cats?	Luna is from the shelter and Max is her mother's cat	Luna from a shelter, Max from her mother	0.75	0.75	Deborah got Luna from a shelter and Max from her mother.	0.6666666666666666	0.6666666666666666	shelter,mother	0.0	0.3636363636363636	shelter,mother	0.0	0.3636363636363636
locomo:conv-48:qa95	single-hop	How old are Deborah's cats?	Max is 8 years old and Luna is 5 years old	5 years old, unknown	0.4285714285714285	0.4285714285714285	5 years old, not specified	0.4	0.4	5	0.18181818181818182	0.18181818181818182	5	0.18181818181818182	0.18181818181818182
locomo:conv-48:qa96	single-hop	What was Jolene doing with her partner in Rio de Janeiro?	they went on excursions, checked out some cool yoga classes, visited a lot of delicious cafes, visited an old temple	checking out cool yoga classes	0.4347826086956522	0.4347826086956522	checked out cool yoga classes	0.4347826086956522	0.4347826086956522	checked out cool yoga classes	0.4347826086956522	0.4347826086956522	checked out cool yoga classes	0.4347826086956522	0.4347826086956522
locomo:conv-48:qa97	single-hop	Have Deborah and Jolene been to Rio de Janeiro?	yes	yes	1.0	1.0	yes	1.0	1.0	yes	1.0	1.0	yes	1.0	1.0
locomo:conv-48:qa98	single-hop	When did Jolene's parents give her first console?	when she was 10	when she was 10	1.0	1.0	insufficient information	0.0	0.0	2010	0.0	0.0	insufficient information	0.0	0.0
locomo:conv-48:qa99	single-hop	What do Deborah and Jolene plan to try when they meet in a new cafe?	coffee and fresh pastries	trying fresh pastries	0.6666666666666666	0.6666666666666666	try fresh pastries	0.6666666666666666	0.6666666666666666	fresh pastries	0.8	0.8	talk about the coffee shop	0.28571428571428575	0.28571428571428575
locomo:conv-49:qa0	multi-hop	What kind of car does Evan drive?	Prius	Prius	1.0	1.0	Prius	1.0	1.0	Prius	1.0	1.0	Prius	1.0	1.0
locomo:conv-49:qa1	multi-hop	What kinds of things did Evan have broken?	His old Prius and his new Prius.	ankle,knee	0.0	0.0	heart palpitation incident,knee,car	0.0	0.0	ankle,knee	0.0	0.0	heart,knee,health	0.0	0.0
locomo:conv-49:qa10	open-domain	Which type of vacation would Evan prefer with his family, walking tours in metropolitan cities or camping trip in the outdoors?	camping trip in the outdoors	camping trip in the outdoors	1.0	1.0	camping trip in the outdoors	1.0	1.0	camping trip in the outdoors	1.0	1.0	camping trip in the outdoors	1.0	1.0
locomo:conv-49:qa100	single-hop	What did Evan mention he had been searching for fruitlessly for half an hour?	his keys	keys	0.6666666666666666	0.6666666666666666	keys	0.6666666666666666	0.6666666666666666	keys	0.6666666666666666	0.6666666666666666	keys	0.6666666666666666	0.6666666666666666
locomo:conv-49:qa101	single-hop	What class is Sam taking to learn how to make healthier meals?	cooking class	cooking class	1.0	1.0	cooking class	1.0	1.0	cooking	0.6666666666666666	0.6666666666666666	cooking class	1.0	1.0
locomo:conv-49:qa102	single-hop	What dish did Sam make on 18 August, 2023 that turned out flavorful?	grilled dish with salmon and vegetables	insufficient information	0.0	0.0	insufficient information	0.0	0.0	insufficient information	0.0	0.0	insufficient information	0.0	0.0
locomo:conv-49:qa103	single-hop	What kind of recipe did Evan request from Sam on 19 August, 2023?	recipes with more vegetables	roasted veg	0.0	0.0	stir-fry	0.0	0.0	sauce	0.0	0.0	stir-fry	0.0	0.0
locomo:conv-49:qa104	single-hop	What food did Sam share a photo of on 19 August, 2023?	bowl of spinach, avocado, and strawberries	bowl of spinach, avocado, and strawberries	1.0	1.0	bowl of spinach, avocado, and strawberries	1.0	1.0	bowl of spinach, avocado, and strawberries	1.0	1.0	bowl of spinach, avocado, and strawberries,bowl of beef and vegetables with a package of healthy choice	0.4444444444444444	0.5263157894736842
locomo:conv-49:qa105	single-hop	What type of painting classes did Evan start taking in 2023?	watercolor painting classes	painting	0.5	0.5	watercolor	0.5	0.5	painting	0.5	0.5	watercolor	0.5	0.5
locomo:conv-49:qa106	single-hop	What did Evan start painting years ago due to being inspired by a friend's gift?	forest scene	watercolor paintings	0.0	0.0	landscapes	0.0	0.0	watercolor	0.0	0.0	landscapes	0.0	0.0
locomo:conv-49:qa107	single-hop	What nature concept do watercolor painting classes emphasize according to Evan?	observing nature and painting what is seen	observing nature	0.5	0.5	observing nature	0.5	0.5	observing nature	0.5	0.5	observing nature	0.5	0.5
locomo:conv-49:qa108	single-hop	What type of landscapes does Evan love painting the most?	sunsets over the ocean	landscapes	0.0	0.0	landscapes	0.0	0.0	landscapes	0.0	0.0	landscapes	0.0	0.0
locomo:conv-49:qa109	single-hop	What fun activity did Evan mention doing in July 2023?	skiing	hiking	0.0	0.0	hiking	0.0	0.0	hiking	0.0	0.0	hiking	0.0	0.0
locomo:conv-49:qa11	multi-hop	What health issue did Sam face that motivated him to change his lifestyle?	Weight problem	gastritis	0.0	0.0	gastritis	0.0	0.0	gastritis	0.0	0.0	gastritis	0.0	0.0
locomo:conv-49:qa110	single-hop	What injury did Evan suffer from in August 2023?	Twisted knee	twisted knee	1.0	1.0	knee injury	0.5	0.5	ankle injury	0.0	0.0	knee	0.6666666666666666	0.6666666666666666
locomo:conv-49:qa111	single-hop	What sports activity has Evan been doing to stay active while dealing with the knee injury?	Swimming	swimming	1.0	1.0	swimming	1.0	1.0	swimming	1.0	1.0	swimming	1.0	1.0
locomo:conv-49:qa112	single-hop	What suggestion did Sam give to Evan to help with his knee issue?	Consider low-impact exercises or physical therapy	to learn from mistakes	0.0	0.0	yoga	0.0	0.0	yoga tips	0.0	0.0	yoga	0.0	0.0
locomo:conv-49:qa113	single-hop	What did Evan suggest Sam try as a calming hobby?	Painting	painting,kayaking	0.0	0.6666666666666666	painting	1.0	1.0	painting	1.0	1.0	painting	1.0	1.0
locomo:conv-49:qa114	single-hop	What did Evan recommend Sam acquire to get started with painting?	Acrylic paints, brushes, canvas/paper, palette	acrylic paints, brushes, a canvas/paper, and a palette	1.0	1.0	supplies	0.0	0.0	acrylic paints, brushes, a canvas/paper, a palette	1.0	1.0	supplies	0.0	0.0
locomo:conv-49:qa115	single-hop	What activity does Evan do to keep himself busy while healing his knee?	Watercolor painting	watercolor painting	1.0	1.0	painting	0.6666666666666666	0.6666666666666666	watercolor painting	1.0	1.0	painting	0.6666666666666666	0.6666666666666666
locomo:conv-49:qa116	single-hop	What painting did Evan share with Sam in October?	a cactus in the desert	a cactus painting	0.4	0.4	a sunset painting	0.0	0.0	cactus painting	0.4	0.4	a sunset painting	0.0	0.0
locomo:conv-49:qa117	single-hop	What kind of writing does Sam enjoy as a form of expression?	creative writing	journal, creative writing	0.8	0.8	journaling, creative writing	0.8	0.8	journal	0.0	0.0	journal	0.0	0.0
locomo:conv-49:qa118	single-hop	What electronics issue has been frustrating Sam lately?	malfunctioning navigation app on the new phone	navigation app	0.5	0.5	frustrated with his new phone	0.3636363636363636	0.3636363636363636	navigation app	0.5	0.5	phone	0.2857142857142857	0.2857142857142857
locomo:conv-49:qa119	single-hop	What activity did Evan start one year ago?	lifting weights	lifting weights	1.0	1.0	lifting weights	1.0	1.0	lifting weights	1.0	1.0	lifting weights	1.0	1.0
locomo:conv-49:qa12	temporal	When did Sam first go to the doctor and find out he had a weight problem?	A few days before May 24, 2023.	17 May 2023 - 24 May 2023	0.5	0.5	insufficient information	0.0	0.0	the weekend before 27 July 2023	0.3636363636363636	0.3636363636363636	the weekend before 17 October 2023	0.3636363636363636	0.3636363636363636
locomo:conv-49:qa120	single-hop	What advice did Evan give to Sam to avoid injuries while starting weightlifting?	Find a trainer	find a trainer to help avoid injuries	0.5	0.5	to find a trainer	0.8	0.8	find a trainer	1.0	1.0	find a trainer, start with something small and increase intensity as he gets stronger, start with good form and technique	0.21052631578947367	0.21052631578947367
locomo:conv-49:qa121	single-hop	Where did Sam and his mate plan to try kayaking?	Lake Tahoe	Lake Tahoe	1.0	1.0	Lake Tahoe	1.0	1.0	Lake Tahoe	1.0	1.0	Lake Tahoe	1.0	1.0
locomo:conv-49:qa122	single-hop	What digestive issue did Sam experience lately?	Gastritis	gastritis	1.0	1.0	gastritis	1.0	1.0	gastritis	1.0	1.0	gastritis	1.0	1.0
locomo:conv-49:qa123	single-hop	What adventurous theme is emerging in Evan's life as mentioned by Sam?	helping lost tourists	hiking	0.0	0.0	hiking	0.0	0.0	hiking	0.0	0.0	hiking	0.0	0.0
locomo:conv-49:qa124	single-hop	What does Evan mention about his progress at the gym to Sam?	gaining strength	Evan advised Sam to stay consistent with his workout routine.	0.0	0.0	Evan gained strength at the gym.	0.5714285714285715	0.5714285714285715	Evan advised Sam to stay consistent with his workout routine.	0.0	0.0	Evan gained strength at the gym.	0.5714285714285715	0.5714285714285715
locomo:conv-49:qa125	single-hop	How did Evan start his transformation journey two years ago?	Changed his diet and started walking regularly	changed his diet, started walking regularly	1.0	1.0	changed his diet, started walking regularly, started focusing more on his well-being	0.6666666666666666	0.6666666666666666	changed his diet, started walking regularly	1.0	1.0	changed his diet, started walking regularly	1.0	1.0
locomo:conv-49:qa126	single-hop	What gift did Evan receive from a close friend?	1968 Kustom K-200A vintage guitar	1968 Kustom K-200A vintage guitar	1.0	1.0	a 1968 Kustom K-200A vintage guitar	1.0	1.0	1968 Kustom K-200A vintage guitar	1.0	1.0	1968 Kustom K-200A vintage guitar	1.0	1.0
locomo:conv-49:qa127	single-hop	Why had Evan been going through a tough time lately?	Lost their job due to downsizing	health issues, job loss, knee injury	0.16666666666666666	0.16666666666666666	health issues	0.0	0.0	health issues, job loss	0.2	0.2	health issues	0.0	0.0
locomo:conv-49:qa128	single-hop	How does Evan describe the island he grew up on?	A happy place	a little slice of paradise, serene and calming	0.0	0.0	a little slice of paradise, serene and calming	0.0	0.0	little slice of paradise, serene and calming	0.0	0.0	a little slice of paradise, serene and calming	0.0	0.0
locomo:conv-49:qa129	single-hop	What was the main reason for Evan's frustration with his new Prius breaking down?	He relied on it for his active lifestyle and road trips	reliability	0.0	0.0	unexpected issues	0.0	0.0	reliability	0.0	0.0	unexpected issues	0.0	0.0
locomo:conv-49:qa13	temporal	When did Evan have his sudden heart palpitation incident that really shocked him up?	first week of June 2023	the week before 6 June 2023	0.6	0.6	the week before 6 June 2023	0.6	0.6	the week before 6 June 2023	0.6	0.6	the weekend before 6 June 2023	0.4000000000000001	0.4000000000000001
locomo:conv-49:qa130	single-hop	How did Sam suggest Evan view the setback with his broken Prius?	As a chance to explore other ways of staying active and traveling	as a chance to explore other ways of staying active and traveling	1.0	1.0	to stay positive and keep going	0.26666666666666666	0.26666666666666666	as a chance to explore other ways of staying active and traveling	1.0	1.0	to stay positive and keep going	0.26666666666666666	0.26666666666666666
locomo:conv-49:qa131	single-hop	What did Sam suggest Evan try for stress relief and flexibility?	Yoga	yoga	1.0	1.0	yoga	1.0	1.0	yoga	1.0	1.0	yoga	1.0	1.0
locomo:conv-49:qa132	single-hop	What did Sam offer Evan regarding yoga?	Support and tips	yoga tips	0.5	0.5	yoga tips	0.5	0.5	yoga tips	0.5	0.5	yoga tips	0.5	0.5
locomo:conv-49:qa133	single-hop	What news did Evan share with Sam on 9th December 2023?	partner is pregnant	his partner is pregnant	0.8571428571428571	0.8571428571428571	Evan's partner is pregnant	0.8571428571428571	0.8571428571428571	his partner is pregnant	0.8571428571428571	0.8571428571428571	Evan's partner is pregnant	0.8571428571428571	0.8571428571428571
locomo:conv-49:qa134	single-hop	What family event is Evan planning for next summer?	big family reunion	big family reunion	1.0	1.0	big family reunion	1.0	1.0	big family reunion	1.0	1.0	big family reunion	1.0	1.0
locomo:conv-49:qa135	single-hop	What is the motto of Evan's family?	'Bring it on Home'	Bring it on Home	1.0	1.0	Bring it on Home	1.0	1.0	Bring it on Home	1.0	1.0	Bring it on Home	1.0	1.0
locomo:conv-49:qa136	single-hop	According to Evan, what is important for Sam to believe in concerning his weight?	Your worth is not defined by your weight	himself	0.0	0.0	himself	0.0	0.0	himself	0.0	0.0	himself	0.0	0.0
locomo:conv-49:qa137	single-hop	Who helped Evan get the painting published in the exhibition?	a close friend	Evan's close friend	0.8	0.8	Evan's close friend	0.8	0.8	Evan's close friend	0.8	0.8	Evan's close friend	0.8	0.8
locomo:conv-49:qa138	single-hop	What did Sam recently start enjoying to clear his head?	running in the mornings	running	0.5	0.5	running	0.5	0.5	running	0.5	0.5	running	0.5	0.5
locomo:conv-49:qa139	single-hop	What did Sam suggest Evan should do with his keys?	put a GPS sensor on them	put a GPS sensor on his keys	0.7272727272727272	0.7272727272727272	put a GPS sensor on his keys	0.7272727272727272	0.7272727272727272	put a GPS sensor on his keys	0.7272727272727272	0.7272727272727272	put a GPS sensor on his keys	0.7272727272727272	0.7272727272727272
locomo:conv-49:qa14	multi-hop	What is Evan's favorite food?	Ginger snaps	Ginger snaps	1.0	1.0	Ginger snaps	1.0	1.0	Ginger snaps	1.0	1.0	Ginger snaps	1.0	1.0
locomo:conv-49:qa140	single-hop	How did Evan feel when he painted the piece with the bird flying over it?	a sense of joy and freedom	a rush of joy, playful and liberated, spontaneous, bold colors	0.3333333333333333	0.3333333333333333	a rush of joy, sense of joy and freedom, playful and liberated mood	0.5714285714285715	0.5714285714285715	a rush of joy	0.5714285714285715	0.5714285714285715	joy, freedom, playful, liberated	0.5	0.5
locomo:conv-49:qa141	single-hop	What did Evan suggest Sam should keep doing to find his own version of love?	Keep trying new things	try something new	0.5714285714285715	0.5714285714285715	insufficient information	0.0	0.0	try something new	0.5714285714285715	0.5714285714285715	insufficient information	0.0	0.0
locomo:conv-49:qa142	single-hop	How did Evan describe the process of creating the painting with the bird flying over it?	embracing the creative process without restraint	spontaneous strokes, playful and liberated mood, sense of joy and freedom, bold colors	0.0	0.0	with spontaneous strokes, a playful and liberated mood, bold colors	0.0	0.0	spontaneous strokes, playful and liberated mood, sense of joy and freedom, bold colors	0.0	0.0	spontaneous strokes, playful and liberated mood, bold colors	0.0	0.0
locomo:conv-49:qa143	single-hop	What did Evan want to share with his work friends?	getting married	new healthy snacks	0.0	0.0	new healthy snacks	0.0	0.0	new healthy snacks	0.0	0.0	new healthy snacks	0.0	0.0
locomo:conv-49:qa144	single-hop	What did Evan share with Sam after their hiking trip?	a photo of a man standing on a rock looking out over a valley	insufficient information	0.0	0.0	insufficient information	0.0	0.0	insufficient information	0.0	0.0	insufficient information	0.0	0.0
locomo:conv-49:qa145	single-hop	What did Evan offer to share with Sam after talking about healthy snacks?	the recipes for cookies	recipes	0.5	0.5	new healthy snacks	0.0	0.0	recipes	0.5	0.5	new healthy snacks	0.0	0.0
locomo:conv-49:qa146	single-hop	What did Evan and his partner share with their extended family on January 5, 2024?	their marriage	news about their marriage	0.6666666666666666	0.6666666666666666	their marriage	1.0	1.0	news of their marriage	0.6666666666666666	0.6666666666666666	their marriage	1.0	1.0
locomo:conv-49:qa147	single-hop	What was Evan limiting himself to on his new diet?	just two ginger snaps a day	two ginger snaps a day	0.888888888888889	0.888888888888889	two ginger snaps a day	0.888888888888889	0.888888888888889	two ginger snaps a day	0.888888888888889	0.888888888888889	two ginger snaps a day	0.888888888888889	0.888888888888889
locomo:conv-49:qa148	single-hop	What sports activity did Evan and his partner try in a recent weekend?	Snowshoeing	snowshoeing	1.0	1.0	snowshoeing	1.0	1.0	snowshoeing	1.0	1.0	snowshoeing	1.0	1.0
locomo:conv-49:qa149	single-hop	What advice did Evan suggest Sam seek from a doctor?	diet plan and low-impact exercises	a balanced diet and low-impact exercises	0.75	0.75	advice on a balanced diet and low-impact exercises	0.6	0.6	a balanced diet and low-impact exercises	0.75	0.75	diet and exercise tips	0.5714285714285715	0.5714285714285715
locomo:conv-49:qa15	multi-hop	What kind of unhealthy snacks does Sam enjoy eating?	soda, candy	unhealthy snacks	0.0	0.0	sugary drinks, snacks	0.0	0.0	unhealthy snacks	0.0	0.0	soda,candy,unhealthy snacks	1.0	1.0
locomo:conv-49:qa150	single-hop	What suggestions did Evan give for low-impact exercises?	swimming, yoga, walking	yoga, walking, swimming, beach sunsets	0.7499999999999999	0.7499999999999999	swimming, yoga, walking, beach walks	0.7499999999999999	0.7499999999999999	yoga, walking, swimming, beach sunsets	0.7499999999999999	0.7499999999999999	swimming,yoga,walking,beach walks	0.4	0.7499999999999999
locomo:conv-49:qa151	single-hop	What movie did Sam watch that motivated him to keep up with his routine?	The Godfather	insufficient information	0.0	0.0	The Godfather	1.0	1.0	insufficient information	0.0	0.0	The Godfather	1.0	1.0
locomo:conv-49:qa152	single-hop	What activity helped Evan with stress and flexibility?	Yoga	yoga	1.0	1.0	yoga	1.0	1.0	yoga	1.0	1.0	yoga	1.0	1.0
locomo:conv-49:qa153	single-hop	What did Evan share a photo of that was taken on a camping trip?	a kayak	a kayak	1.0	1.0	a sunset	0.0	0.0	a kayak	1.0	1.0	a sunset	0.0	0.0
locomo:conv-49:qa154	single-hop	Why did Evan apologize to his partner?	for a drunken night	for a drunken night	1.0	1.0	for a drunken night	1.0	1.0	a drunken night	0.8	0.8	for a drunken night	1.0	1.0
locomo:conv-49:qa155	single-hop	How does Evan describe being out on the water while kayaking and watching the sunset?	peaceful	peaceful	1.0	1.0	peaceful and serene	0.6666666666666666	0.6666666666666666	peaceful	1.0	1.0	peaceful and serene	0.6666666666666666	0.6666666666666666
locomo:conv-49:qa16	multi-hop	What recurring issue frustrates Sam at the grocery store?	Malfunctioning self-checkout machines.	issues with the self-checkout	0.3333333333333333	0.3333333333333333	broken self-checkout machines	0.6666666666666666	0.6666666666666666	self-checkout issues	0.4	0.4	broken self-checkout machines	0.6666666666666666	0.6666666666666666
locomo:conv-49:qa17	temporal	When did Sam's friends mock him for being overweight?	Friday before 27 July 2023	the Friday before 27 July 2023	1.0	1.0	the Friday before 27 July 2023	1.0	1.0	the Friday before 27 July 2023	1.0	1.0	the Friday before 27 July 2023	1.0	1.0
locomo:conv-49:qa18	multi-hop	What kind of healthy food suggestions has Evan given to Sam?	flavored seltzer water, dark chocolate with high cocoa content, air-popped popcorn and fruit, veggies, healthy sandwich snacks, energy balls, grilled chicken salad with avocado	dark chocolate, flavored seltzer water, low-calorie snacks, cookies, energy balls, roasted veg recipe, salad	0.46190476190476193	0.46190476190476193	dark chocolate, flavored seltzer water, roasted veg recipe, cookies, energy balls, salad, low-calorie snacks	0.46190476190476193	0.46190476190476193	dark chocolate with high cocoa content, flavored seltzer water, low-calorie snacks, cookies, energy balls, balanced diet, low-impact exercises	0.5116883116883117	0.5116883116883117	dark chocolate, flavored seltzer water, roasted veg, cookies, energy balls, salad	0.40476190476190477	0.40476190476190477
locomo:conv-49:qa19	open-domain	Considering their conversations and personal growth, what advice might Evan and Sam give to someone facing a major life transition or challenge?	Evan and Sam would likely advise embracing small, consistent changes​​, finding stress-relieving activities like hiking​​, painting, and road trips​​, and the importance of friendship and support in navigating challenges​​.	take small steps, stay positive, celebrate small wins, find motivation, be patient, seek support	0.15789473684210525	0.15789473684210525	take small steps, stay motivated, celebrate small victories, find joy in little things, believe in yourself, stay consistent	0.1904761904761905	0.1904761904761905	take small steps, celebrate small wins, stay positive, find motivation, set goals, get a buddy, try new things, focus on small joys	0.08888888888888889	0.08888888888888889	take small steps, stay motivated, celebrate small victories, find joy in little things, believe in yourself, stay consistent, find a supportive system	0.22222222222222224	0.22222222222222224
locomo:conv-49:qa2	multi-hop	Where has Evan been on roadtrips with his family?	Rockies, Jasper	Rockies	0.5	0.5	Rockies, Jasper	1.0	1.0	Rockies,Jasper	1.0	1.0	Rockies,Jasper	1.0	1.0
locomo:conv-49:qa20	open-domain	In light of the health and dietary changes discussed, what would be an appropriate gift for both Evan and Sam to encourage their healthy lifestyles?	a cookbook with healthy recipes or a subscription to a healthy meal delivery service.	fitness watch,yoga tips,flavored seltzer water,healthy recipes	0.11764705882352942	0.19999999999999998	fitness watch,kayaking gear,yoga mat	0.0	0.0	fitness watch	0.0	0.0	fitness watch	0.0	0.0
locomo:conv-49:qa21	multi-hop	How does Evan describe the woman and his feelings for her that he met in Canada?	He says she's cool, incredible, like something out of a movie, and that he feels alive around her. Every moment with her is fun and energetic, also Evan feels really lucky to have someone who gets him.	awesome, out of a movie, really fun, energizing, love at first sight, spark, time stopping, rush of joy	0.2074358974358974	0.2074358974358974	incredible, makes him feel alive, every moment is fun and energizing, love at first sight, spark, time stopping	0.3422222222222222	0.3422222222222222	awesome, special, really fun, energizing, love at first sight, spark, rush of joy	0.10743589743589746	0.10743589743589746	incredible, makes him feel alive, fun and energizing, love at first sight	0.3003921568627451	0.3003921568627451
locomo:conv-49:qa22	temporal	When Evan did meet his future wife?	week before August 7, 2023.	the week before 26 December 2023	0.6	0.6	the week before 7 August 2023	1.0	1.0	the week before 26 December 2023	0.6	0.6	the week before 7 August 2023	1.0	1.0
locomo:conv-49:qa23	temporal	When did Sam start working out at the gym?	July 28, 2023	28 July 2023	1.0	1.0	28 July 2023	1.0	1.0	28 July 2023	1.0	1.0	the day after 27 July 2023	0.5	0.5
locomo:conv-49:qa24	temporal	What significant event happened in Sam's life towards the end of summer 2023?	He fell in love with a Canadian woman	Sam ended up in the ER with a severe stomachache	0.26666666666666666	0.26666666666666666	ended up in the ER with a severe stomachache	0.2857142857142857	0.2857142857142857	ended up in the ER with a severe stomachache	0.2857142857142857	0.2857142857142857	ended up in the ER with a severe stomachache	0.2857142857142857	0.2857142857142857
locomo:conv-49:qa25	temporal	Which year did Evan start taking care of his health seriously?	2021	2022	0.0	0.0	2020	0.0	0.0	2022	0.0	0.0	2020	0.0	0.0
locomo:conv-49:qa26	multi-hop	What motivates Evan to take care of his health?	family, fitness tracker, thirst for adventure on interesting hikes	family, fitness watch, bonsai tree, thirst for adventure	0.7222222222222222	0.7222222222222222	family, fitness watch, bonsai tree, thirst for adventure, health issues	0.7222222222222222	0.7222222222222222	family,bonsai tree,fitness watch,thirst for adventure	0.7222222222222222	0.7222222222222222	family,motivation from fitness watch,bonsai tree,thirst for adventure	0.6666666666666666	0.6666666666666666
locomo:conv-49:qa27	open-domain	What electronic device could Evan gift Sam to help him keep up with his fitness goals?	fitness tracker	fitness watch	0.5	0.5	fitness watch	0.5	0.5	fitness watch	0.5	0.5	fitness watch	0.5	0.5
locomo:conv-49:qa28	multi-hop	What kind of writing does Sam do to relax and cope with his health issues?	journalling, creative writing	journal and creative writing	0.65	0.65	creative writing, writing in his journal	0.7	0.7	journal, creative writing	1.0	1.0	creative writing	0.5	0.5
locomo:conv-49:qa29	multi-hop	Who did Evan meet on his trip to Canada, and who did he come back from Canada with?	Evan met the woman he fell in love with and returned with her.	an awesome Canadian woman, his new significant other	0.14285714285714288	0.14285714285714288	a Canadian woman, his partner	0.15384615384615385	0.15384615384615385	awesome Canadian woman, new significant other	0.14285714285714288	0.14285714285714288	Canadian woman,Evan's partner	0.15384615384615385	0.15384615384615385
locomo:conv-49:qa3	multi-hop	How many Prius has Evan owned?	two	2	0.0	0.0	2	0.0	0.0	2	0.0	0.0	2	0.0	0.0
locomo:conv-49:qa30	temporal	When Evan get back from a vacation with his SO?	August 13, 2023	the weekend before 31 December 2023	0.25	0.25	the weekend before 31 December 2023	0.25	0.25	the weekend before 15 August 2023	0.5	0.5	the weekend before 31 December 2023	0.25	0.25
locomo:conv-49:qa31	open-domain	How might Evan and Sam's experiences with health and lifestyle changes influence their approach to stress and challenges?	Their experiences likely lead them to view challenges as opportunities for growth and change. They both have embraced healthier lifestyles, indicating a proactive approach to managing stress and challenges.	They advise each other to make small changes, focus on healthy swaps, and take it slow, emphasizing the importance of support and positive mindset.	0.12765957446808512	0.12765957446808512	Evan and Sam find motivation in small victories, support from friends, and engaging in activities they enjoy, which helps them manage stress and face challenges.	0.20833333333333331	0.20833333333333331	supportive and encouraging	0.0	0.0	Evan and Sam's experiences with health and lifestyle changes likely influence their approach to stress and challenges by emphasizing the importance of small, consistent steps, seeking support from friends, and finding enjoyable activities to maintain motivation and well-being.	0.3448275862068966	0.3448275862068966
locomo:conv-49:qa32	multi-hop	What recurring frustration does Evan experience?	Evan consistently misplaces his keys every week.	losing his keys	0.4	0.4	losing his keys	0.4	0.4	losing his keys	0.4	0.4	losing his keys	0.4	0.4
locomo:conv-49:qa33	multi-hop	What is the recurring dream that Sam keeps having?	he's flying over a cityscape.	flying over skyscrapers	0.5714285714285715	0.5714285714285715	flying over skyscrapers	0.5714285714285715	0.5714285714285715	flying over skyscrapers	0.5714285714285715	0.5714285714285715	flying over skyscrapers	0.5714285714285715	0.5714285714285715
locomo:conv-49:qa34	multi-hop	What accidents has Evan's son faced lately?	injured at a soccer game, fell off his bike	soccer accident, bike fall	0.3333333333333333	0.3333333333333333	soccer accident, bike accident	0.3333333333333333	0.3333333333333333	soccer accident, bike fall	0.3333333333333333	0.3333333333333333	soccer accident, bike accident	0.3333333333333333	0.3333333333333333
locomo:conv-49:qa35	temporal	When was Evan's son injured at soccer?	Saturday before August 15, 2023.	12 August 2023	0.5	0.5	last Saturday	0.28571428571428575	0.28571428571428575	12 August 2023	0.5	0.5	last Saturday	0.28571428571428575	0.28571428571428575
locomo:conv-49:qa36	multi-hop	What kind of foods or recipes has Sam recommended to Evan?	grilled vegetables, grilled chicken and veggie stir-fry, poutine	roasted veg recipe	0.0	0.0	roasted veg recipe, grilled chicken and veggie stir-fry recipe	0.39153439153439157	0.39153439153439157	roasted veg recipe	0.0	0.0	roasted veg recipe, grilled chicken and veggie stir-fry recipe	0.39153439153439157	0.39153439153439157
locomo:conv-49:qa37	multi-hop	What kind of healthy meals did Sam start eating after getting a health scare?	salad, grilled salmon and vegetables, grilled chicken and veggie stir-fry, Beef Merlot, fruit bowl, smoothie bowl	grilled chicken and veggie stir-fry, beef and vegetables	0.31666666666666665	0.31666666666666665	grilled chicken and veggie stir-fry, roasted vegetable recipe, beef and vegetables	0.31666666666666665	0.31666666666666665	grilled chicken and veggie stir-fry, beef and vegetables, spinach, avocado, strawberries	0.31666666666666665	0.31666666666666665	grilled chicken and veggie stir-fry, roasted vegetable, beef and vegetables	0.31666666666666665	0.31666666666666665
locomo:conv-49:qa38	open-domain	What role does nature and the outdoors play in Evan and Sam's mental well-being?	Nature and outdoor activities seem to be significant stress relievers and sources of joy for both Evan and Sam. These activities likely contribute positively to their mental well-being.	calming, relaxing, de-stressing, bringing peace and clarity	0.0	0.0	calming, refreshing, peaceful, clarity	0.0	0.0	calming and refreshing	0.0	0.0	calming and refreshing	0.0	0.0
locomo:conv-49:qa39	temporal	How many months lapsed between Sam's first and second doctor's appointment?	three months	5	0.0	0.0	5	0.0	0.0	5	0.0	0.0	5	0.0	0.0
locomo:conv-49:qa4	temporal	Which hobby did Sam take up in May 2023?	painting	painting	1.0	1.0	painting	1.0	1.0	painting	1.0	1.0	painting	1.0	1.0
locomo:conv-49:qa40	temporal	When did Evan start taking painting classes?	Few days before 19 August, 2023.	few days before 19 August 2023	1.0	1.0	12 August 2023 - 19 August 2023	0.5	0.5	few days before 19 August 2023	1.0	1.0	few days before 19 August 2023	1.0	1.0
locomo:conv-49:qa41	temporal	Which classes did Evan join in mid-August 2023?	painting classes	painting classes	1.0	1.0	painting classes	1.0	1.0	painting	0.6666666666666666	0.6666666666666666	painting	0.6666666666666666	0.6666666666666666
locomo:conv-49:qa42	multi-hop	How did Evan get into painting?	His friend got him into it by gifting him a painting and giving him some advice. The painting inspired Evan.	through a friend	0.10526315789473684	0.10526315789473684	A friend gave Evan a painting that inspired him to start painting.	0.4444444444444445	0.4444444444444445	through a friend	0.10526315789473684	0.10526315789473684	A friend gave Evan a painting that inspired him to start painting.	0.4444444444444445	0.4444444444444445
locomo:conv-49:qa43	open-domain	How often does Sam get health checkups?	every three months	at least every few months	0.5	0.5	at least every few months	0.5	0.5	at least every few months	0.5	0.5	at least twice a year	0.0	0.0
locomo:conv-49:qa44	multi-hop	What kind of subjects does Evan enjoy painting?	nature landscapes, portraits, abstract minimalism	landscapes, sunsets, mountains, horses, forests, cacti in the desert	0.2222222222222222	0.2222222222222222	landscapes, sunsets, cacti, forests, birds	0.2222222222222222	0.2222222222222222	landscapes,cacti,mountains,horses,forests	0.2222222222222222	0.2222222222222222	landscapes, sunsets, cacti, forests, birds	0.2222222222222222	0.2222222222222222
locomo:conv-49:qa45	temporal	Which places in Canada was Evan visiting in July 2023?	Banff, Rocky Mountains	Rocky Mountains	0.8	0.8	Jasper, Banff, Rocky Mountains	0.8571428571428571	0.8571428571428571	Rocky Mountains	0.8	0.8	Jasper,Banff,Rocky Mountains	0.4	0.8571428571428571
locomo:conv-49:qa46	open-domain	How do Evan and Sam use creative outlets to cope with life's challenges?	Evan and Sam use creative activities, like painting and writing, as therapeutic tools to express themselves and cope with stress.	painting, writing in a journal, creative writing	0.2608695652173913	0.2608695652173913	painting, journaling, hiking	0.1	0.1	painting,journaling,creative writing	0.10526315789473684	0.2857142857142857	painting, hiking, journal writing	0.19047619047619047	0.19047619047619047
locomo:conv-49:qa47	temporal	When did Evan go skiing in Banff?	July 2023	insufficient information	0.0	0.0	last week	0.0	0.0	since 2016	0.0	0.0	last week	0.0	0.0
locomo:conv-49:qa48	multi-hop	What new diet and lifestyle change did Sam adopt over time?	Healthy eating, exercise routine, running, hiking	eating healthier, getting regular exercise	0.225	0.225	reducing soda and candy intake, starting a new diet, getting regular exercise, prioritizing health	0.1	0.1	healthier diet, regular exercise	0.125	0.125	eating healthier, reducing soda and candy intake, starting a new diet, starting a new exercise routine, adopting a more nutritious diet, starting regular exercise, becoming a Weight Watchers coach	0.29166666666666663	0.29166666666666663
locomo:conv-49:qa49	multi-hop	Who was injured in Evan's family?	Evan's son and Evan himself	Evan, Evan's son	0.6666666666666666	0.6666666666666666	Evan, Evan's son	0.6666666666666666	0.6666666666666666	Evan,Evan's son	0.6666666666666666	0.6666666666666666	Evan,Evan's son	0.6666666666666666	0.6666666666666666
locomo:conv-49:qa5	open-domain	Which country was Evan visiting in May 2023?	Canada	Canada	1.0	1.0	Canada	1.0	1.0	Canada	1.0	1.0	Canada	1.0	1.0
locomo:conv-49:qa50	multi-hop	What kind of hobbies does Evan pursue?	painting, hiking, reading books, biking, skiing, snowboarding, ice skating, swimming, camping, kayaking	watercolor painting, skiing, snowboarding, ice skating, hiking, kayaking, snowshoeing, yoga	0.5666666666666667	0.5666666666666667	watercolor painting, hiking, skiing, snowboarding, ice skating, biking, yoga, kayaking, snowshoeing	0.6666666666666667	0.6666666666666667	watercolor painting,hiking,skiing,snowboarding,ice skating,kayaking,snowshoeing	0.5666666666666667	0.5666666666666667	watercolor painting,hiking,biking,skiing,snowboarding,ice skating,weightlifting,yoga	0.5666666666666667	0.5666666666666667
locomo:conv-49:qa51	open-domain	What challenges does Sam face in his quest for a healthier lifestyle, and how does he address them?	Sam faces challenges like maintaining motivation and making dietary changes. He addresses them by enrolling in cooking classes and seeking support from friends like Evan.	cravings for sugary drinks and snacks, setbacks, pressure from family, difficulty making healthier choices, struggling with weight, finding it tough to break out of comfort zone, dealing with discomfort that limits movement	0.07407407407407407	0.07407407407407407	cravings for sugary drinks and snacks, stress, boredom, discomfort limiting movement, lack of motivation, breaking out of comfort zone, Evan's support	0.13953488372093023	0.13953488372093023	health problems, cravings, setbacks, pressure from family, discomfort, breaking out of comfort zone	0.05555555555555555	0.05555555555555555	cravings for sugary drinks and snacks,stress, boredom, or a desire for comfort,pressure from family,discomfort that limits movement,lack of motivation	0.09999999999999999	0.0909090909090909
locomo:conv-49:qa52	temporal	Which activity do Evan and Sam plan on doing together during September 2023?	painting	painting	1.0	1.0	painting	1.0	1.0	painting	1.0	1.0	painting	1.0	1.0
locomo:conv-49:qa53	temporal	When did Evan and Sam decide to paint together?	Saturday after 11 September, 2023.	the Saturday after 11 September 2023	1.0	1.0	the Saturday after 11 September 2023; 16 September 2023	0.7692307692307693	0.7692307692307693	the Saturday after 11 September 2023	1.0	1.0	the Saturday after 11 September 2023	1.0	1.0
locomo:conv-49:qa54	multi-hop	What personal health incidents does Evan face in 2023?	heart palpitations, twisted ankle, twisted ankle	heart palpitation incident, ankle injury, knee issue, setback, health scare	0.6	0.6	heart palpitation incident, knee injury, health scare with hospital visit	0.26666666666666666	0.26666666666666666	heart palpitation incident, ankle injury, knee injury, health scare	0.6	0.6	heart palpitation incident,knee injury,health scare	0.26666666666666666	0.26666666666666666
locomo:conv-49:qa55	multi-hop	What recurring adventure does Evan have with strangers?	Helping lost tourists and experiencing unexpected adventures in the city.	helping lost tourists	0.5454545454545454	0.5454545454545454	helping lost tourists	0.5454545454545454	0.5454545454545454	helping lost tourists	0.5454545454545454	0.5454545454545454	helping lost tourists	0.5454545454545454	0.5454545454545454
locomo:conv-49:qa56	multi-hop	What is Sam's persistent problem with his phone?	His new phone malfunctioning, particularly with the navigation app.	navigation app	0.3333333333333333	0.3333333333333333	issues with the self-checkout at the store	0.11111111111111112	0.11111111111111112	navigation app	0.3333333333333333	0.3333333333333333	frustration	0.0	0.0
locomo:conv-49:qa57	open-domain	Which US state was Sam travelling in during October 2023?	California	insufficient information	0.0	0.0	insufficient information	0.0	0.0	insufficient information	0.0	0.0	insufficient information	0.0	0.0
locomo:conv-49:qa58	temporal	When did Evan start lifting weights?	October 2022	2022	0.6666666666666666	0.6666666666666666	one year before 8 October 2023	0.25	0.25	one year before 8 October 2023	0.25	0.25	one year before 8 October 2023	0.25	0.25
locomo:conv-49:qa59	temporal	When did Sam and his friend decide to try kayaking?	October 14, 2023	14 October 2023	1.0	1.0	14 October 2023	1.0	1.0	14 October 2023	1.0	1.0	the weekend before 14 October 2023	0.7499999999999999	0.7499999999999999
locomo:conv-49:qa6	multi-hop	How many roadtrips did Evan take in May 2023?	two	1	0.0	0.0	1	0.0	0.0	1	0.0	0.0	1	0.0	0.0
locomo:conv-49:qa60	temporal	Which new activity does Sam take up in October 2023?	kayaking	painting	0.0	0.0	kayaking	1.0	1.0	painting	0.0	0.0	kayaking	1.0	1.0
locomo:conv-49:qa61	temporal	What kind of stress was Sam dealing with in October 2023?	work-related stress	work stress	0.5	0.5	work stress, stress due to a problematic phone	0.22222222222222224	0.22222222222222224	work stress	0.5	0.5	work stress, health	0.4	0.4
locomo:conv-49:qa62	multi-hop	What health scares did Sam and Evan experience?	Sam faced a health scare with stomach pains that turned out to be gastritis, prompting him to rethink his health habits. Evan, on the other hand, experienced two separate incidents: a sudden heart palpitation incident and a different event involving a misunderstanding during a medical check-up. These experiences have significantly influenced their perspectives on health and well-being.	heart palpitation incident, health scare with a sudden heart palpitation, health scare last weekend, health scare that cramp his style, health scare and went to the hospital	0.22477253928866833	0.22477253928866833	Evan experienced a heart palpitation incident, Sam did not experience a health scare mentioned.	0.18012820512820513	0.18012820512820513	heart palpitation incident,Sam's health scare	0.19277597402597402	0.19277597402597402	heart palpitation incident,hospital visit	0.05357142857142856	0.05357142857142856
locomo:conv-49:qa63	temporal	When was Sam in the ER?	weekend before 17 October, 2023.	the weekend before 17 October 2023; 14 October 2023 - 15 October 2023	0.625	0.625	the weekend before 17 October 2023	1.0	1.0	the weekend before 17 October 2023	1.0	1.0	the weekend before 17 October 2023	1.0	1.0
locomo:conv-49:qa64	multi-hop	Which ailment does Sam have to face due to his weight?	gastritis	gastritis	1.0	1.0	gastritis	1.0	1.0	gastritis	1.0	1.0	gastritis	1.0	1.0
locomo:conv-49:qa65	open-domain	Does Evan live close to a beach or mountains?	beach	beach	1.0	1.0	beach	1.0	1.0	likely yes	0.0	0.0	likely yes	0.0	0.0
locomo:conv-49:qa66	temporal	When did Evan lose his job?	end of October 2023	October 2023	0.6666666666666666	0.6666666666666666	October 2023	0.6666666666666666	0.6666666666666666	October 2023	0.6666666666666666	0.6666666666666666	October 2023	0.6666666666666666	0.6666666666666666
locomo:conv-49:qa67	temporal	When did Evan and Sam planned a trip to the beach together?	December, 2023	December 2023	1.0	1.0	the month after 9 November 2023; December 2023	0.4444444444444445	0.4444444444444445	the month after 9 November 2023	0.28571428571428575	0.28571428571428575	the month after 9 November 2023; December 2023	0.4444444444444445	0.4444444444444445
locomo:conv-49:qa68	temporal	What was Sam doing on December 4, 2023?	Attending a Weight Watchers meeting	attended a Weight Watchers meeting	1.0	1.0	attended a Weight Watchers meeting	1.0	1.0	4 December 2023	0.0	0.0	4 December 2023	0.0	0.0
locomo:conv-49:qa69	multi-hop	Which two significant life events occur in Evan's life in December 2023 with his partner?	his partner gets pregnant and they get married	got married, partner is pregnant	0.4	0.4	got married,last week	0.22222222222222224	0.22222222222222224	got married, partner is pregnant	0.4	0.4	got married, expecting a child	0.22222222222222224	0.22222222222222224
locomo:conv-49:qa7	multi-hop	What new hobbies did Sam consider trying?	Painting, kayaking, hiking, cooking, running	painting, eating healthier, skiing, lifting weights, kayaking	0.4	0.4	painting, skiing, kayaking, lifting weights	0.4	0.4	painting, eating healthier, skiing, road trip and a hike, lifting weights, kayaking	0.5	0.5	painting,kayaking,weightlifting	0.4	0.4
locomo:conv-49:qa70	temporal	How long did Evan and his partner date before getting married?	four months	insufficient information	0.0	0.0	insufficient information	0.0	0.0	insufficient information	0.0	0.0	the weekend before 26 December 2023	0.0	0.0
locomo:conv-49:qa71	open-domain	Which major holiday season conincides with Evan's wedding?	Christmas	Christmas	1.0	1.0	Christmas	1.0	1.0	Christmas	1.0	1.0	Christmas	1.0	1.0
locomo:conv-49:qa72	multi-hop	Which activity did Sam resume in December 2023 after a long time?	hiking	hiking	1.0	1.0	hiking	1.0	1.0	hiking	1.0	1.0	hiking	1.0	1.0
locomo:conv-49:qa73	temporal	When is Evan planning a big family reunion?	Summer 2024	next summer	0.5	0.5	next summer; 1 June 2024 - 31 August 2024	0.4	0.4	next summer	0.5	0.5	next summer	0.5	0.5
locomo:conv-49:qa74	temporal	When did Evan's son fall off his bike?	Thursday before December 17, 2023.	12 December 2023	0.5	0.5	12 December 2023	0.5	0.5	12 December 2023	0.5	0.5	12 December 2023	0.5	0.5
locomo:conv-49:qa75	temporal	When did Evan announce his marriage to his extended family?	January 5, 2024	5 January 2024	1.0	1.0	5 January 2024	1.0	1.0	5 January 2024	1.0	1.0	5 January 2024	1.0	1.0
locomo:conv-49:qa76	temporal	When did Evan finish the painting that's hanging in the exhibit?	few days before 17 December, 2023.	insufficient information	0.0	0.0	few days before 17 December 2023	1.0	1.0	December 2023	0.5	0.5	few days before 17 December 2023	1.0	1.0
locomo:conv-49:qa77	multi-hop	How does Evan spend his time with his bride after the wedding?	family get-together, honeymoon in Canada to see snowy landscapes, ski, taste local cuisine and do some snowshoeing	trying new things like snowshoeing	0.04545454545454545	0.04545454545454545	ski, try local cuisine, enjoy the views	0.3611111111111111	0.3611111111111111	snowshoeing	0.07142857142857142	0.07142857142857142	ski, try local cuisine, enjoy the views	0.3611111111111111	0.3611111111111111
locomo:conv-49:qa78	multi-hop	Who did Evan tell about his marriage?	To Sam, to his friends from work, and to his and his wife's families.	extended family	0.09523809523809525	0.09523809523809525	Sam	0.2222222222222222	0.2222222222222222	Sam,Evan's extended family	0.3055555555555555	0.3055555555555555	Sam	0.2222222222222222	0.2222222222222222
locomo:conv-49:qa79	temporal	When will Evan and his partner have their honeymoon in Canada?	February 2024	February 2024	1.0	1.0	February 2024	1.0	1.0	February 2024	1.0	1.0	February 2024	1.0	1.0
locomo:conv-49:qa8	multi-hop	What hobby did Evan start practicing a few years ago that he enjoys?	Watercolor painting	watercolor painting	1.0	1.0	watercolor painting	1.0	1.0	watercolor painting	1.0	1.0	watercolor painting	1.0	1.0
locomo:conv-49:qa80	temporal	When did Evan have a drunken night with his friends?	January 9, 2023	9 January 2024	0.6666666666666666	0.6666666666666666	the day before 10 January 2024; 9 January 2024	0.36363636363636365	0.36363636363636365	9 January 2024	0.6666666666666666	0.6666666666666666	the day before 10 January 2024	0.25	0.25
locomo:conv-49:qa81	multi-hop	What is a stress reliever for Evan?	Drawing, traveling, places with a beautiful view, yoga, sunsets or something comfortable for Evan	painting	0.0	0.0	painting, hiking, kayaking, writing in a journal, going for a drive	0.04444444444444444	0.04444444444444444	painting	0.0	0.0	painting	0.0	0.0
locomo:conv-49:qa82	multi-hop	What is a stress reliever for Sam?	Unhealthy snacks, sweets, yoga, places with beautiful views	writing, painting, beach walks, yoga, being in nature	0.25	0.25	writing, nature, yoga, painting	0.25	0.25	writing	0.0	0.0	writing	0.0	0.0
locomo:conv-49:qa83	single-hop	What type of car did Evan get after his old Prius broke down?	new Prius	new Prius	1.0	1.0	new Prius	1.0	1.0	new Prius	1.0	1.0	new Prius	1.0	1.0
locomo:conv-49:qa84	single-hop	How did Evan get into watercolor painting?	friend's advice	through a friend	0.5	0.5	a friend gave him a painting that inspired him	0.22222222222222224	0.22222222222222224	through a friend	0.5	0.5	a friend gave him a painting that inspired him	0.22222222222222224	0.22222222222222224
locomo:conv-49:qa85	single-hop	What did Evan start doing a few years back as a stress-buster?	watercolor painting	watercolor painting	1.0	1.0	watercolor painting	1.0	1.0	watercolor painting	1.0	1.0	watercolor painting	1.0	1.0
locomo:conv-49:qa86	single-hop	What advice did Evan give Sam about finding a passion?	keep trying new things until something sparks excitement	try painting, find something that motivates and makes him happy, pick up a hobby	0.2	0.2	to find something that motivates and makes him happy	0.125	0.125	painting, fitness routine, hobby, exercise, creative writing	0.0	0.0	try painting, find something that motivates and makes him happy	0.23529411764705882	0.23529411764705882
locomo:conv-49:qa87	single-hop	Where did Evan take his family for a road trip on 24 May, 2023?	Jasper	Jasper	1.0	1.0	Jasper	1.0	1.0	Jasper	1.0	1.0	Jasper	1.0	1.0
locomo:conv-49:qa88	single-hop	What did Evan find relaxing about his road trip to Jasper?	fresh air, peacefulness, cozy cabin surrounded by mountains and forests	fresh air, peacefulness, cozy cabin	0.7142857142857143	0.7142857142857143	fresh air, peacefulness, cozy cabin surrounded by mountains and forests	1.0	1.0	fresh air, peacefulness, cozy cabin	0.7142857142857143	0.7142857142857143	fresh air, peacefulness, cozy cabin, mountains, forests	0.8750000000000001	0.8750000000000001
locomo:conv-49:qa89	single-hop	What habit is Sam trying to change in terms of diet?	consuming soda and candy	reducing soda and candy intake	0.5714285714285715	0.5714285714285715	reducing soda and candy intake	0.5714285714285715	0.5714285714285715	reducing soda and candy intake	0.5714285714285715	0.5714285714285715	reducing soda and candy intake	0.5714285714285715	0.5714285714285715
locomo:conv-49:qa9	temporal	When did Evan go to Jasper with his family?	weekend before May 24, 2023	the weekend before 24 May 2023	1.0	1.0	the weekend before 24 May 2023; 20 May 2023 - 21 May 2023	0.625	0.625	the weekend before 24 May 2023	1.0	1.0	the weekend before 24 May 2023	1.0	1.0
locomo:conv-49:qa90	single-hop	What new suggestion did Evan give to Sam regarding his soda and candy consumption?	try flavored seltzer water and dark chocolate with high cocoa content	flavored seltzer water	0.4615384615384615	0.4615384615384615	flavored seltzer water	0.4615384615384615	0.4615384615384615	flavored seltzer water	0.4615384615384615	0.4615384615384615	flavored seltzer water	0.4615384615384615	0.4615384615384615
locomo:conv-49:qa91	single-hop	What did Sam agree to try instead of soda and candy?	flavored seltzer water and dark chocolate with high cocoa content	flavored seltzer water	0.5	0.5	flavored seltzer water	0.5	0.5	flavored seltzer water	0.5	0.5	flavored seltzer water,dark chocolate	0.46153846153846156	0.7142857142857143
locomo:conv-49:qa92	single-hop	What frustrating issue did Sam face at the supermarket?	broken self-checkout machines	broken self-checkout machines	1.0	1.0	broken self-checkout machines	1.0	1.0	broken self-checkout machines	1.0	1.0	broken self-checkout machines	1.0	1.0
locomo:conv-49:qa93	single-hop	What novel is Evan reading that he finds gripping?	The Great Gatsby	The Great Gatsby	1.0	1.0	a book that he finds captivating	0.0	0.0	The Great Gatsby	1.0	1.0	a book that he finds captivating	0.0	0.0
locomo:conv-49:qa94	single-hop	What kind of water does Evan suggest Sam try as an alternative to soda?	Flavored seltzer water	flavored seltzer water	1.0	1.0	flavored seltzer water	1.0	1.0	flavored seltzer water	1.0	1.0	flavored seltzer water	1.0	1.0
locomo:conv-49:qa95	single-hop	What does the smartwatch help Evan with?	tracks progress and serves as a constant reminder to keep going	health goals, progress tracking, motivation	0.2857142857142857	0.2857142857142857	health goals, tracking progress, serving as a constant reminder	0.7058823529411765	0.7058823529411765	health goals, progress, motivation	0.15384615384615383	0.15384615384615383	health goals, progress tracking, motivation	0.2857142857142857	0.2857142857142857
locomo:conv-49:qa96	single-hop	What does the bonsai tree symbolize for Evan?	strength and resilience	strength and resilience	1.0	1.0	strength and resilience	1.0	1.0	strength and resilience	1.0	1.0	strength and resilience	1.0	1.0
locomo:conv-49:qa97	single-hop	Why did Evan decide to get the bonsai tree?	motivates him to keep going through tough times	the bonsai tree reminds him that even in little things, he can be tough	0.1904761904761905	0.1904761904761905	the bonsai tree reminds him that even in little things, he can be tough	0.1904761904761905	0.1904761904761905	it reminds him that even in little things, he can be tough	0.2	0.2	the bonsai tree reminds him that even in little things, he can be tough	0.1904761904761905	0.1904761904761905
locomo:conv-49:qa98	single-hop	According to Sam, what is more important than perfection?	progress	progress	1.0	1.0	progress	1.0	1.0	progress	1.0	1.0	progress	1.0	1.0
locomo:conv-49:qa99	single-hop	What did Evan suggest Sam to check out for insights into his dream?	dream interpretation book	a dream interpretation book	1.0	1.0	a dream interpretation book	1.0	1.0	a dream interpretation book	1.0	1.0	a dream interpretation book	1.0	1.0
locomo:conv-50:qa0	temporal	When did Calvin first travel to Tokyo?	between 26 March and 20 April 2023	the month of 16 May 2023; May 2023	0.15384615384615383	0.15384615384615383	the weekend before 24 October 2023	0.1818181818181818	0.1818181818181818	the month of 16 May 2023; May 2023	0.15384615384615383	0.15384615384615383	the month of 16 May 2023; May 2023	0.15384615384615383	0.15384615384615383
locomo:conv-50:qa1	multi-hop	What items did Calvin buy in March 2023?	mansion in Japan, luxury car Ferrari 488 GTB	a new mansion, a new car	0.34285714285714286	0.34285714285714286	a new mansion,a new car	0.34285714285714286	0.34285714285714286	mansion, car	0.4166666666666667	0.4166666666666667	a new mansion,a new car	0.34285714285714286	0.34285714285714286
locomo:conv-50:qa10	temporal	When did Calvin's place get flooded in Tokyo?	On a week before 16 May, 2023	the week before 16 May 2023; 8 May 2023 - 14 May 2023	0.5882352941176471	0.5882352941176471	8 May 2023 - 14 May 2023	0.3333333333333333	0.3333333333333333	the week before 16 May 2023	0.9090909090909091	0.9090909090909091	the week before 16 May 2023; 8 May 2023 - 14 May 2023	0.5882352941176471	0.5882352941176471
locomo:conv-50:qa100	single-hop	Where did Calvin and Frank Ocean record a song together?	In the studio at Calvin's mansion	at Calvin's mansion	0.7499999999999999	0.7499999999999999	at Calvin's mansion	0.7499999999999999	0.7499999999999999	Calvin's mansion	0.5714285714285715	0.5714285714285715	Calvin's mansion	0.5714285714285715	0.5714285714285715
locomo:conv-50:qa101	single-hop	What did Calvin and his friends record in August 2023?	a podcast discussing the rap industry	podcast	0.4	0.4	a podcast discussing the rapidly evolving rap industry	0.8	0.8	podcast	0.4	0.4	podcast	0.4	0.4
locomo:conv-50:qa102	single-hop	Where did Calvin start shooting a video for his new album?	Miami	Miami	1.0	1.0	Miami	1.0	1.0	Miami	1.0	1.0	Miami	1.0	1.0
locomo:conv-50:qa103	single-hop	What design is featured on Calvin's guitar?	octopus	octopus	1.0	1.0	octopus	1.0	1.0	octopus	1.0	1.0	octopus	1.0	1.0
locomo:conv-50:qa104	single-hop	Why did Calvin get his guitar customized with a shiny finish?	unique look	to give it a unique look	0.5714285714285715	0.5714285714285715	to give it a unique look	0.5714285714285715	0.5714285714285715	to give it a unique look	0.5714285714285715	0.5714285714285715	to give it a unique look	0.5714285714285715	0.5714285714285715
locomo:conv-50:qa105	single-hop	What color glow did Calvin customize his guitar with?	purple	purple	1.0	1.0	purple	1.0	1.0	purple	1.0	1.0	purple	1.0	1.0
locomo:conv-50:qa106	single-hop	Where did Dave come back from with insights on car modification on 1st September 2023?	San Francisco	San Francisco	1.0	1.0	San Francisco	1.0	1.0	San Francisco	1.0	1.0	San Francisco	1.0	1.0
locomo:conv-50:qa107	single-hop	What emotion does Dave mention feeling when he sees the relief of someone whose car he fixed?	Proud	rewarded	0.0	0.0	rewarded and proud	0.6666666666666666	0.6666666666666666	rewarded	0.0	0.0	rewarded	0.0	0.0
locomo:conv-50:qa108	single-hop	What did Calvin book a flight ticket for on 1st September 2023?	Boston	Boston	1.0	1.0	Boston	1.0	1.0	Boston	1.0	1.0	Boston	1.0	1.0
locomo:conv-50:qa109	single-hop	What is Calvin excited about after the tour?	exploring and growing his brand	jam session	0.0	0.0	Tokyo	0.0	0.0	Tokyo,Boston,jam session	0.0	0.0	Tokyo,Boston	0.0	0.0
locomo:conv-50:qa11	multi-hop	What mishaps has Calvin run into?	flooding of his mansion, car accident	flooded place, car accident	0.6666666666666666	0.6666666666666666	flooded place, car accident	0.6666666666666666	0.6666666666666666	flooded place, car accident	0.6666666666666666	0.6666666666666666	flooded place, car accident	0.6666666666666666	0.6666666666666666
locomo:conv-50:qa110	single-hop	What plans do Calvin and Dave have for when Calvin visits Boston?	Check out Dave's garage and maybe get some ideas for future projects	show Calvin around town, show Calvin the amazing music and food, grab a bite with Calvin, show Calvin his favorite spots, cheer on Calvin, visit Dave's garage, check out Dave's garage, visit a place in Boston that is great for chilling and admiring nature	0.19999999999999996	0.19999999999999996	show around town, check out park, grab a bite, perform, visit garage	0.2727272727272727	0.2727272727272727	show around town,cool spots,front row,grab a bite,amazing music and food,parks,garage,chilling and admiring nature	0.0	0.07142857142857142	show around town, check out park, grab a bite, perform, show something, visit garage	0.24999999999999994	0.24999999999999994
locomo:conv-50:qa111	single-hop	Which Disney movie did Dave mention as one of his favorites?	Ratatouille	one of his favorite Disney movies	0.0	0.0	one of his favorite Disney movies	0.0	0.0	one of his favorite Disney movies	0.0	0.0	one of his favorite Disney movies	0.0	0.0
locomo:conv-50:qa112	single-hop	How does Dave feel about the reactions of people when they see the finished restoration project?	satisfying and worth the hard work	satisfaction	0.0	0.0	satisfaction	0.0	0.0	satisfaction	0.0	0.0	satisfaction	0.0	0.0
locomo:conv-50:qa113	single-hop	What activity did Calvin enjoy during his summer drives?	feeling the wind blowing through his hair	feeling of the wind and the open road	0.3636363636363636	0.3636363636363636	singing along to a song	0.0	0.0	feeling of freedom	0.2222222222222222	0.2222222222222222	feeling of freedom	0.2222222222222222	0.2222222222222222
locomo:conv-50:qa114	single-hop	Which song from the childhood of Calvin brings back memories of a road trip with his dad?	"""California Love"""	California Love	1.0	1.0	California Love	1.0	1.0	California Love	1.0	1.0	California Love	1.0	1.0
locomo:conv-50:qa115	single-hop	What project did Calvin work on to chill out?	A shiny orange car	working on a car	0.3333333333333333	0.3333333333333333	working on a car	0.3333333333333333	0.3333333333333333	working on a car	0.3333333333333333	0.3333333333333333	working on a car	0.3333333333333333	0.3333333333333333
locomo:conv-50:qa116	single-hop	What car did Dave work on in the junkyard?	Ford Mustang	Ford Mustang	1.0	1.0	Ford Mustang	1.0	1.0	Ford Mustang	1.0	1.0	Ford Mustang	1.0	1.0
locomo:conv-50:qa117	single-hop	What does Dave find satisfying about restoring old cars?	Transforming something old and beat-up into something beautiful	seeing them come back to life, transforming them into something beautiful, finding a sense of calm	0.36363636363636365	0.36363636363636365	seeing the transformation, giving something a new life, bringing it back to life	0.2222222222222222	0.2222222222222222	therapeutic, fulfilling, rewarding, sense of purpose, sense of accomplishment, bringing something back to life	0.09523809523809523	0.09523809523809523	seeing the transformation, giving something a new life, fixing cars, bringing something back to life	0.3	0.3
locomo:conv-50:qa118	single-hop	What do Calvin and Dave use to reach their goals?	Hard work and determination	mutual support and encouragement	0.0	0.0	support and encouragement	0.0	0.0	motivation,growth,encouragement	0.0	0.0	support,encouragement	0.0	0.0
locomo:conv-50:qa119	single-hop	What does working on cars represent for Dave?	Therapy and a way to get away from everyday stress	a way to relax, escape stress, find calm, express himself, see transformation, fulfillment, satisfaction	0.2857142857142857	0.2857142857142857	a dream come true, a sense of calm, an outlet to express himself, therapeutic	0.10526315789473685	0.10526315789473685	a way to relax and express himself	0.3076923076923077	0.3076923076923077	a sense of calm, an outlet to express himself, a dream come true, a passion, therapy	0.2	0.2
locomo:conv-50:qa12	temporal	When was Calvin's concert in Tokyo?	last week of May 2023	19 October 2023	0.25	0.25	31 May 2023	0.5	0.5	the month of 16 May 2023; May 2023	0.5	0.5	the month of 16 May 2023; May 2023	0.5	0.5
locomo:conv-50:qa120	single-hop	What does Dave aim to do with his passion for cars?	Take something broken and make it into something awesome	build a custom car from scratch,some day	0.0	0.0	work on building a custom car	0.0	0.0	show cars,keep learning,build custom car,work on mods,learn auto engineering	0.0	0.0	show some cars, build a custom car, work on classic cars, learn auto engineering	0.0	0.0
locomo:conv-50:qa121	single-hop	"What did Calvin recently get that is a ""masterpiece on wheels""?"	Ferrari	Ferrari	1.0	1.0	Ferrari	1.0	1.0	Ferrari	1.0	1.0	Ferrari	1.0	1.0
locomo:conv-50:qa122	single-hop	Who headlined the music festival that Dave attended in October?	The Fireworks	so good	0.0	0.0	Calvin	0.0	0.0	so good	0.0	0.0	Calvin	0.0	0.0
locomo:conv-50:qa123	single-hop	How does Calvin stay motivated when faced with setbacks?	Reminds himself of his passion for goals, gets help from others, and takes a break to recharge	Calvin relies on helpful people around him, reminds himself why he is passionate about his goals, takes a break to recharge with his favorite activities.	0.5128205128205129	0.5128205128205129	Calvin relies on helpful people around him, reminds himself why he is passionate about his goals, takes a break to recharge, and believes in himself.	0.5263157894736841	0.5263157894736841	relying on helpful people, reminding himself of his passion, taking a break, recharging with favorite activities	0.6	0.6	relying on helpful people, reminding himself of his passion, taking breaks	0.6153846153846153	0.6153846153846153
locomo:conv-50:qa124	single-hop	What activity does Dave find fulfilling, similar to Calvin's passion for music festivals?	fixing things	fixing things	1.0	1.0	fixing and transforming things	0.8	0.8	fixing things	1.0	1.0	fixing and transforming things	0.8	0.8
locomo:conv-50:qa125	single-hop	Where did Calvin and Dave meet Frank Ocean to start collaborating?	at a festival	insufficient information	0.0	0.0	insufficient information	0.0	0.0	insufficient information	0.0	0.0	insufficient information	0.0	0.0
locomo:conv-50:qa126	single-hop	Which part of Tokyo is described as Tokyo's Times Square by Calvin?	Shibuya Crossing	Shibuya Crossing	1.0	1.0	Shibuya Crossing	1.0	1.0	Shibuya Crossing	1.0	1.0	Shibuya Crossing	1.0	1.0
locomo:conv-50:qa127	single-hop	What specific location in Tokyo does Calvin mention being excited to explore?	Shinjuku	Shibuya Crossing and Shinjuku	0.5	0.5	Shibuya Crossing, Shinjuku	0.5	0.5	Shibuya Crossing and Shinjuku	0.5	0.5	Shibuya Crossing and Shinjuku	0.5	0.5
locomo:conv-50:qa128	single-hop	What dish does Dave recommend Calvin to try in Tokyo?	ramen	ramen	1.0	1.0	ramen	1.0	1.0	ramen	1.0	1.0	ramen	1.0	1.0
locomo:conv-50:qa129	single-hop	What does Calvin find energizing during the tour?	Performing and connecting with the crowd	crowd energy	0.3333333333333333	0.3333333333333333	performing and connecting with the crowd	1.0	1.0	crowd energy, connection with the crowd	0.6666666666666665	0.6666666666666665	performing live, connecting with the crowd	0.888888888888889	0.888888888888889
locomo:conv-50:qa13	open-domain	Would Calvin enjoy performing at the Hollywood Bowl?	Yes; because he enjoys the rush of performing onstage to large crowds	likely yes	0.6666666666666666	0.6666666666666666	likely yes	0.6666666666666666	0.6666666666666666	likely yes	0.6666666666666666	0.6666666666666666	likely yes	0.6666666666666666	0.6666666666666666
locomo:conv-50:qa130	single-hop	How does Calvin balance his job and personal life?	Takes it one day at a time	taking it one day at a time	1.0	1.0	taking it one day at a time	1.0	1.0	taking it one day at a time	1.0	1.0	taking it one day at a time	1.0	1.0
locomo:conv-50:qa131	single-hop	What inspired Calvin's recent music?	Struggles that people go through	struggles people go through, unique perspectives, connecting better with fans, enthusiasm of young musicians, music videos, concerts, documentaries	0.3478260869565218	0.3478260869565218	struggles people go through, unique perspectives, emotions	0.6666666666666666	0.6666666666666666	struggles people go through, unique perspectives, emotions, classic rock, enthusiasm of young musicians	0.4444444444444444	0.4444444444444444	struggles people go through, unique perspectives, emotions, classic rock, young musicians, enthusiasm of young musicians, music videos, concerts, documentaries about artists	0.3076923076923077	0.3076923076923077
locomo:conv-50:qa132	single-hop	How does Calvin describe his music in relation to capturing feelings?	Express himself and work through his emotions	Calvin tries to capture feelings in his music	0.14285714285714288	0.14285714285714288	Calvin tries to capture feelings in his music.	0.14285714285714288	0.14285714285714288	captures feelings	0.0	0.0	Calvin tries to capture feelings in his music.	0.14285714285714288	0.14285714285714288
locomo:conv-50:qa133	single-hop	Why did Dave start working on cars?	Fascinated with how machines work	Dave's love for car engineering began when he fixed an old car.	0.0	0.0	Dave's love for car engineering began when he fixed an old car.	0.0	0.0	Dave's love for car engineering began when he fixed an old car.	0.0	0.0	his love for car engineering began when he fixed an old car	0.0	0.0
locomo:conv-50:qa134	single-hop	What is the toughest part of car restoration according to Dave?	Paying extra attention to detail	requires a lot of patience	0.0	0.0	requires a lot of patience	0.0	0.0	patience	0.0	0.0	patience	0.0	0.0
locomo:conv-50:qa135	single-hop	What does Calvin believe makes an artist create something extraordinary?	Paying attention to small details	challenging himself, collaborating with different artists, and incorporating unique perspectives	0.0	0.0	working with different artists and crafting great sounds	0.0	0.0	hard work	0.0	0.0	working with different artists and crafting great sounds	0.0	0.0
locomo:conv-50:qa136	single-hop	When did Dave sell the car he restored last year?	Last year	23 October 2023	0.0	0.0	23 October 2023	0.0	0.0	23 October 2023	0.0	0.0	the weekend before 23 October 2023	0.0	0.0
locomo:conv-50:qa137	single-hop	When did Calvin first get interested in cars?	at an early age	insufficient information	0.0	0.0	insufficient information	0.0	0.0	25 March 2023	0.0	0.0	the weekend before 24 October 2023	0.0	0.0
locomo:conv-50:qa138	single-hop	How did Calvin feel about performing with someone he admires?	Unreal, like a dream come true	unreal	0.33333333333333337	0.33333333333333337	unreal	0.33333333333333337	0.33333333333333337	unreal	0.33333333333333337	0.33333333333333337	unreal	0.33333333333333337	0.33333333333333337
locomo:conv-50:qa139	single-hop	What realization did the nightclub experience bring to Calvin?	how much music means to him, it's like his passion and purpose	how much music means to him	0.7058823529411764	0.7058823529411764	how much music means to him	0.7058823529411764	0.7058823529411764	how much music means to him	0.7058823529411764	0.7058823529411764	how much music means to him	0.7058823529411764	0.7058823529411764
locomo:conv-50:qa14	temporal	When did Calvin meet with the creative team for his new album?	8 June, 2023	8 June 2023	1.0	1.0	8 June 2023	1.0	1.0	8 June 2023	1.0	1.0	8 June 2023	1.0	1.0
locomo:conv-50:qa140	single-hop	What do Dave and Calvin agree on regarding their pursuits?	It's fulfilling and motivating	progress, motivation, hard work, small successes, sense of accomplishment, bringing joy	0.14285714285714288	0.14285714285714288	mutual support and encouragement	0.0	0.0	progress,motivation,growth,hard work	0.0	0.25	support, encouragement, pursuing passions, staying motivated	0.2222222222222222	0.2222222222222222
locomo:conv-50:qa141	single-hop	Which city is featured in the photograph Dave showed Calvin?	Boston	Tokyo	0.0	0.0	Boston	1.0	1.0	Tokyo	0.0	0.0	Boston	1.0	1.0
locomo:conv-50:qa142	single-hop	What did Calvin do recently at his Japanese house?	Threw a small party for his new album	threw a small party for his new album	1.0	1.0	threw a small party for his new album	1.0	1.0	threw a small party	0.6	0.6	threw a small party, released a new album	0.7692307692307692	0.7692307692307692
locomo:conv-50:qa143	single-hop	What did Dave recently start a blog about?	Car mods	car mods	1.0	1.0	car mods	1.0	1.0	car mods	1.0	1.0	car mods	1.0	1.0
locomo:conv-50:qa144	single-hop	What is Dave's way to share his passion with others?	Through a blog on car mods	through his blog	0.5	0.5	blogging	0.33333333333333337	0.33333333333333337	blog	0.33333333333333337	0.33333333333333337	blog	0.33333333333333337	0.33333333333333337
locomo:conv-50:qa145	single-hop	What type of videos does Calvin usually watch on his television?	Music videos, concerts, documentaries about artists and their creative process	music videos, concerts, and documentaries about artists and their creative process	1.0	1.0	music videos, concerts, documentaries about artists and their creative process	1.0	1.0	music videos, concerts, documentaries about artists and their creative process	1.0	1.0	music videos, concerts, documentaries about artists and their creative process	1.0	1.0
locomo:conv-50:qa146	single-hop	What type of music has Dave been getting into lately?	Classic rock	classic rock	1.0	1.0	classic rock	1.0	1.0	classic rock	1.0	1.0	classic rock	1.0	1.0
locomo:conv-50:qa147	single-hop	What tools does Calvin use to boost his motivation for music?	Writing lyrics and notes	necklace, album, guitar, music videos, concerts, documentaries, supportive people	0.0	0.0	necklace, guitar, sanctuary, TV, headphones	0.0	0.0	necklace,guitar,album,helpful people,Dave's headphones,music videos,concerts,documentaries	0.0	0.0	necklace, guitar, sanctuary, TV, headphones	0.0	0.0
locomo:conv-50:qa148	single-hop	What type of content does Dave post on his blog that inspired others to start their own DIY projects?	How he made his car look like a beast	car mods	0.2	0.2	car mods	0.2	0.2	car mods	0.2	0.2	car mods	0.2	0.2
locomo:conv-50:qa149	single-hop	What kind of impact does Dave's blog on car mods have on people?	It inspires others to start their DIY projects	inspires others to start their own DIY projects	0.875	0.875	inspires others to start their own DIY projects	0.875	0.875	inspires others to start their own DIY projects	0.875	0.875	inspirational	0.2222222222222222	0.2222222222222222
locomo:conv-50:qa15	multi-hop	Why does Dave regularly visit parks?	because it relaxes and calms him	to relax and feel recharged	0.22222222222222224	0.22222222222222224	to relax and explore	0.25	0.25	to relax and clear his mind	0.20000000000000004	0.20000000000000004	to relax and explore	0.25	0.25
locomo:conv-50:qa150	single-hop	Who did Calvin invite to see him perform in Boston on 13 November, 2023?	his old high school buddy	his old high school buddy	1.0	1.0	his old high school buddy	1.0	1.0	his old high school buddy	1.0	1.0	his old high school buddy	1.0	1.0
locomo:conv-50:qa151	single-hop	What hobby did Calvin take up recently?	Photography	trying out new sounds	0.0	0.0	blogging	0.0	0.0	trying out new sounds	0.0	0.0	blogging	0.0	0.0
locomo:conv-50:qa152	single-hop	What new item did Dave buy recently?	A vintage camera	vintage camera	1.0	1.0	vintage camera	1.0	1.0	vintage camera	1.0	1.0	vintage camera	1.0	1.0
locomo:conv-50:qa153	single-hop	What type of photos does Dave like to capture with his new camera?	Nature - sunsets, beaches, waves	nature, sunsets, waves, waterfalls	0.75	0.75	nature, sunsets, beaches, waves	1.0	1.0	sunset,waves,waterfall	0.0	0.5714285714285715	nature,sunsets,beaches,waves	0.0	1.0
locomo:conv-50:qa154	single-hop	What event did Calvin attend in Boston?	Fancy gala	a fancy gala	1.0	1.0	concert	0.0	0.0	concert,fancy gala,performance	0.0	0.6666666666666666	concert,fancy gala,performance	0.0	0.6666666666666666
locomo:conv-50:qa155	single-hop	What did Calvin discuss with the cool artist he met at the gala?	Music and art	their favorite artists and the power of music	0.25	0.25	their favorite artists and the power of music	0.25	0.25	favorite artists, the power of music	0.28571428571428575	0.28571428571428575	their favorite artists,the power of music	0.25	0.25
locomo:conv-50:qa156	single-hop	Where did Dave take a stunning photo of a waterfall?	Nearby park	flowing over rocks and boulders	0.0	0.0	nearby park	1.0	1.0	insufficient information	0.0	0.0	insufficient information	0.0	0.0
locomo:conv-50:qa157	single-hop	What positive impact does Calvin mention nature has on tough times?	Nature helps us appreciate life	nature helps appreciate life when it's tough	0.6666666666666666	0.6666666666666666	helps appreciate life	0.7499999999999999	0.7499999999999999	helps appreciate life when it's tough	0.5454545454545454	0.5454545454545454	helps appreciate life	0.7499999999999999	0.7499999999999999
locomo:conv-50:qa16	temporal	When did Dave take a trip to mountainous regions?	July 2023	July 2023	1.0	1.0	July 2023	1.0	1.0	July 2023	1.0	1.0	July 2023	1.0	1.0
locomo:conv-50:qa17	temporal	When did Calvin have a car incident?	on the Friday before 21 June, 2023	16 June 2023	0.4444444444444444	0.4444444444444444	16 June 2023	0.4444444444444444	0.4444444444444444	16 June 2023	0.4444444444444444	0.4444444444444444	16 June 2023	0.4444444444444444	0.4444444444444444
locomo:conv-50:qa18	multi-hop	How many times has Calvin had to deal with insurance paperwork?	two times	1	0.0	0.0	2	0.0	0.0	1	0.0	0.0	1	0.0	0.0
locomo:conv-50:qa19	multi-hop	Which places or events has Calvin visited in Tokyo?	music festival, car museum, Shibuya crossing, Shinjuku	festival, awesome music thingy, similar streets to the one in Dave's photo, Shibuya Crossing, Shinjuku, concert	0.6666666666666666	0.6666666666666666	festival, awesome music thingy, Shibuya Crossing, Shinjuku, concert	0.6666666666666666	0.6666666666666666	festival, awesome music thingy, concert, Shibuya Crossing, Shinjuku	0.6666666666666666	0.6666666666666666	festival, awesome music thingy, concert, Shibuya Crossing, Shinjuku	0.6666666666666666	0.6666666666666666
locomo:conv-50:qa2	temporal	When did Dave see Aerosmith perform live?	on the weekend before March 26, 2023	the weekend before 26 March 2023	0.9090909090909091	0.9090909090909091	the weekend before 26 March 2023	0.9090909090909091	0.9090909090909091	the weekend before 26 March 2023	0.9090909090909091	0.9090909090909091	the weekend before 26 March 2023	0.9090909090909091	0.9090909090909091
locomo:conv-50:qa20	multi-hop	Who inspired Dave's passion for car engineering?	His Dad	his dad	1.0	1.0	his dad	1.0	1.0	his dad	1.0	1.0	his dad	1.0	1.0
locomo:conv-50:qa21	open-domain	Does Calvin wish to become more popular?	Yes; he want's to grow his fanbase	likely yes	0.6666666666666666	0.6666666666666666	likely yes	0.6666666666666666	0.6666666666666666	likely yes	0.6666666666666666	0.6666666666666666	yes	1.0	1.0
locomo:conv-50:qa22	multi-hop	Does Calvin want to expand his brand?	yes	yes	1.0	1.0	yes	1.0	1.0	yes	1.0	1.0	yes	1.0	1.0
locomo:conv-50:qa23	multi-hop	What is Dave's main passion?	auto engineering	car restoration	0.0	0.0	working on and restoring classic cars	0.0	0.0	working on cars	0.0	0.0	working on and restoring classic cars	0.0	0.0
locomo:conv-50:qa24	multi-hop	Can Dave work with engines?	yes	yes	1.0	1.0	yes	1.0	1.0	yes	1.0	1.0	yes	1.0	1.0
locomo:conv-50:qa25	temporal	When did Dave host a card-playing night with his friends?	on the Friday before 22 August, 2023	the Friday before 22 August 2023	0.9090909090909091	0.9090909090909091	18 August 2023	0.4444444444444444	0.4444444444444444	the Friday before 22 August 2023	0.9090909090909091	0.9090909090909091	the Friday before 22 August 2023	0.9090909090909091	0.9090909090909091
locomo:conv-50:qa26	temporal	When did Calvin record a podcast with his friends?	21 August, 2023	the day before 22 August 2023	0.5	0.5	21 August 2023	1.0	1.0	the day before 22 August 2023	0.5	0.5	21 August 2023	1.0	1.0
locomo:conv-50:qa27	temporal	Which city was Calvin visiting in August 2023?	Miami	Boston	0.0	0.0	Tokyo	0.0	0.0	Boston	0.0	0.0	Tokyo	0.0	0.0
locomo:conv-50:qa28	multi-hop	What does Calvin do to relax?	take long drives in his car, embrace nature, fixing cars	working on cars, taking long drives, performing live, creating music, walking in parks, relaxing in a room with a TV	0.35555555555555557	0.35555555555555557	working on cars, long drives, performing live, creating music	0.3	0.3	working on cars, fixing cars, taking long drives, performing live, walking in parks, creating music, relaxing in a room with a TV	0.5555555555555555	0.5555555555555555	working on cars, long drives, performing live, creating music	0.3	0.3
locomo:conv-50:qa29	multi-hop	What are Dave's hobbies other than fixing cars?	take a walk, go hiking, listen to favorite albums, live concerts, photography	taking a walk	0.2	0.2	taking walks	0.2	0.2	taking a walk	0.2	0.2	taking walks	0.2	0.2
locomo:conv-50:qa3	multi-hop	Which bands has Dave enjoyed listening to?	Aerosmith, The Fireworks	Aerosmith, a rock band, a band performing on stage	0.5	0.5	Aerosmith	0.5	0.5	Aerosmith	0.5	0.5	Aerosmith	0.5	0.5
locomo:conv-50:qa30	multi-hop	What kind of music does Dave listen to?	classic rock, Japanese music	classic rock	0.5	0.5	classic rock	0.5	0.5	classic rock	0.5	0.5	rock	0.3333333333333333	0.3333333333333333
locomo:conv-50:qa31	temporal	Where was Dave in the last two weeks of August 2023?	San Francisco	San Francisco	1.0	1.0	San Francisco	1.0	1.0	San Francisco	1.0	1.0	San Francisco	1.0	1.0
locomo:conv-50:qa32	multi-hop	Where did Dave return from with new knowledge of different techniques of car restoration?	San Francisco	San Francisco	1.0	1.0	San Francisco	1.0	1.0	San Francisco	1.0	1.0	San Francisco	1.0	1.0
locomo:conv-50:qa33	multi-hop	What was Dave doing in San Francisco?	attending a car modification workshop	learned car restoration techniques	0.25	0.25	learning about car restoration techniques	0.22222222222222224	0.22222222222222224	learning car restoration techniques	0.25	0.25	learning about car restoration techniques	0.22222222222222224	0.22222222222222224
locomo:conv-50:qa34	temporal	When did Dave return from San Francisco?	September 1, 2023	1 September 2023	1.0	1.0	1 September 2023	1.0	1.0	the day before 2 September 2023	0.5	0.5	1 September 2023	1.0	1.0
locomo:conv-50:qa35	temporal	When did Calvin book flight tickets to Boston?	last week of August 2023	21 August 2023 - 27 August 2023	0.3636363636363636	0.3636363636363636	21 August 2023 - 27 August 2023	0.3636363636363636	0.3636363636363636	the week before 2 September 2023	0.4000000000000001	0.4000000000000001	the week before 2 September 2023	0.4000000000000001	0.4000000000000001
locomo:conv-50:qa36	temporal	When was Calvin's album released?	September 11, 2023	23 October 2023 - 29 October 2023	0.2222222222222222	0.2222222222222222	23 October 2023 - 29 October 2023	0.2222222222222222	0.2222222222222222	the week before 2 November 2023	0.25	0.25	23 October 2023 - 29 October 2023	0.2222222222222222	0.2222222222222222
locomo:conv-50:qa37	open-domain	Does Calvin love music tours?	yes	likely yes	0.6666666666666666	0.6666666666666666	likely yes	0.6666666666666666	0.6666666666666666	yes	1.0	1.0	yes	1.0	1.0
locomo:conv-50:qa38	temporal	When did Dave have a great jam session with his band?	September 14, 2023	14 September 2023	1.0	1.0	14 September 2023	1.0	1.0	14 September 2023	1.0	1.0	the day before 15 September 2023	0.5	0.5
locomo:conv-50:qa39	open-domain	Would Dave prefer working on a Dodge Charger or a Subaru Forester?	Dodge Charger	insufficient information	0.0	0.0	Dodge Charger	1.0	1.0	Dodge Charger	1.0	1.0	Dodge Charger	1.0	1.0
locomo:conv-50:qa4	open-domain	Which country do Calvin and Dave want to meet in?	United States	Boston	0.0	0.0	Boston	0.0	0.0	Boston	0.0	0.0	Boston	0.0	0.0
locomo:conv-50:qa40	multi-hop	What was the artists Calvin used to listen to when he was a kid?	Tupac and Dr. Dre	insufficient information	0.0	0.0	insufficient information	0.0	0.0	insufficient information	0.0	0.0	insufficient information	0.0	0.0
locomo:conv-50:qa41	multi-hop	Which of their family member do Calvin and Dave have nostalgic memories about?	Dad	Calvin's old friend	0.0	0.0	insufficient information	0.0	0.0	Calvin's old friend	0.0	0.0	insufficient information	0.0	0.0
locomo:conv-50:qa42	open-domain	Based on the conversation, did Calvin and Dave have a meeting in Boston between August and November 2023? Answer in yes or no.	No	no	1.0	1.0	no	1.0	1.0	no	1.0	1.0	no	1.0	1.0
locomo:conv-50:qa43	temporal	Which city was Calvin at on October 3, 2023?	Boston	Boston	1.0	1.0	Tokyo	0.0	0.0	Boston	1.0	1.0	Tokyo	0.0	0.0
locomo:conv-50:qa44	temporal	When did Calvin met with local artists in Boston?	October 3, 2023	the day before 4 October 2023	0.5	0.5	the day before 25 October 2023; 24 October 2023	0.36363636363636365	0.36363636363636365	the day before 4 October 2023	0.5	0.5	the day before 25 October 2023; 24 October 2023	0.36363636363636365	0.36363636363636365
locomo:conv-50:qa45	multi-hop	What shared activities do Dave and Calvin have?	Working on cars	jam session, car hobby, music, car restoration, photography, blogging about car modifications	0.4	0.4	collaborating, jamming music, supporting each other	0.0	0.0	jam session, car hobby, music, car restoration, photography, blogging about car modifications	0.4	0.4	collaborating to create something special,jamming some music together	0.0	0.0
locomo:conv-50:qa46	multi-hop	What is Dave's favorite activity?	Restoring cars	working on cars	0.4	0.4	working on classic cars	0.3333333333333333	0.3333333333333333	working on cars	0.4	0.4	working on classic cars	0.3333333333333333	0.3333333333333333
locomo:conv-50:qa47	multi-hop	How many car shows has Dave attended?	two	3	0.0	0.0	3	0.0	0.0	3	0.0	0.0	3	0.0	0.0
locomo:conv-50:qa48	temporal	What was Dave doing in the first weekend of October 2023?	attending a car show	working on cars	0.3333333333333333	0.3333333333333333	went to a car show	0.5714285714285715	0.5714285714285715	working on cars	0.3333333333333333	0.3333333333333333	went to a car show	0.5714285714285715	0.5714285714285715
locomo:conv-50:qa49	multi-hop	When Dave was a child, what did he and his father do in the garage?	tinkering with car engines, restoration and refurbishing cars	restored an old car	0.47619047619047616	0.47619047619047616	spent a summer restoring an old car	0.3611111111111111	0.3611111111111111	restored an old car, worked on cars	0.47619047619047616	0.47619047619047616	restoring an old car	0.47619047619047616	0.47619047619047616
locomo:conv-50:qa5	multi-hop	What are Dave's dreams?	open a car maintenance shop, work on classic cars, build a custom car from scratch	working on classic cars, opening a shop, going to Japan, visiting Tokyo, learning auto engineering, building a custom car, working on mods or projects, getting better at car modding, learning something new, keeping making people happy	0.8055555555555555	0.8055555555555555	to open a shop, to work on classic cars, to visit Tokyo	0.5534391534391535	0.5534391534391535	working on classic cars, opening the shop, seeing Calvin, going to Japan, visiting Tokyo	0.6296296296296297	0.6296296296296297	opening a shop, working on classic cars, visiting Tokyo	0.6296296296296297	0.6296296296296297
locomo:conv-50:qa50	temporal	When did Calvin buy his second Ferrari?	first week of October 2023	the week before 15 October 2023	0.6	0.6	the week before 15 October 2023; 2 October 2023 - 8 October 2023	0.37499999999999994	0.37499999999999994	the week before 15 October 2023	0.6	0.6	the week before 15 October 2023	0.6	0.6
locomo:conv-50:qa51	temporal	When did Calvin and Frank Ocean start collaborating?	August 2022	August 2022	1.0	1.0	August 2022	1.0	1.0	August 2022	1.0	1.0	August 2022	1.0	1.0
locomo:conv-50:qa52	temporal	When did Calvin plan on travelling to Tokyo the second time?	November 2023	November 2023	1.0	1.0	November 2023	1.0	1.0	the month after 19 October 2023	0.28571428571428575	0.28571428571428575	the month after 19 October 2023	0.28571428571428575	0.28571428571428575
locomo:conv-50:qa53	multi-hop	Who supports Calvin in tough times?	friends and team	Dave	0.0	0.0	Dave	0.0	0.0	Dave,Frank Ocean	0.0	0.0	Dave	0.0	0.0
locomo:conv-50:qa54	multi-hop	What does help Calvin stay connected to the creative process?	Calvin stays connected to the creative process by always staying up-to-date on world events and watching documentaries about artists.	watching music videos, concerts, and documentaries about artists and their creative process	0.4347826086956522	0.4347826086956522	watching music videos, concerts, and documentaries about artists and their creative process, using the TV as a source of inspiration	0.4347826086956522	0.4347826086956522	watching music videos, concerts, documentaries	0.1111111111111111	0.1111111111111111	watching music videos, concerts, documentaries, using TV	0.1111111111111111	0.1111111111111111
locomo:conv-50:qa55	temporal	When did Calvin visit some of the sights in Boston with a former high school friend?	October 24, 2023	the day before 25 October 2023; 24 October 2023	0.5454545454545454	0.5454545454545454	24 October 2023	1.0	1.0	the day before 25 October 2023	0.5	0.5	the day before 25 October 2023; 24 October 2023	0.5454545454545454	0.5454545454545454
locomo:conv-50:qa56	multi-hop	Which cities did Dave travel to in 2023?	San Francsico, Detroit	Boston, San Francisco, Detroit	0.75	0.75	Boston, San Francisco, Detroit	0.75	0.75	Boston,San Francisco,Detroit	0.75	0.75	Boston,San Francisco	0.25	0.25
locomo:conv-50:qa57	temporal	Which hobby did Dave pick up in October 2023?	photography	photography	1.0	1.0	photography	1.0	1.0	photography	1.0	1.0	photography	1.0	1.0
locomo:conv-50:qa58	multi-hop	Which events in Dave's life inspired him to take up auto engineering?	attending a car show with Dad, working on an old car in a neighbor's garage when he was young, spent a summer restoring an old car with Dad	fixing an old car, going to a car show at 10	0.34978354978354975	0.34978354978354975	fixing an old car, spending hours tinkering with engines, going to a car show when he was 10	0.3762483130904184	0.3762483130904184	fixing an old car, going to a car show when he was 10	0.3762483130904184	0.3762483130904184	fixing an old car, spending hours tinkering with engines, going to a car show	0.37671957671957673	0.37671957671957673
locomo:conv-50:qa59	multi-hop	How many Ferraris does Calvin own?	two	1	0.0	0.0	1	0.0	0.0	1	0.0	0.0	1	0.0	0.0
locomo:conv-50:qa6	multi-hop	Which types of cars does Dave like the most?	classic vintage cars	classic cars	0.8	0.8	classic cars	0.8	0.8	classic cars	0.8	0.8	classic cars	0.8	0.8
locomo:conv-50:qa60	multi-hop	What gifts has Calvin received from his artist friends?	gold chain, custom-made guitar with an octopus on it	necklace, custom guitar	0.125	0.125	necklace, custom guitar	0.125	0.125	necklace,guitar	0.14285714285714285	0.14285714285714285	necklace,guitar	0.14285714285714285	0.14285714285714285
locomo:conv-50:qa61	temporal	How long did Dave's work on the Ford Mustang take?	nearly two months	since 23 October 2023	0.0	0.0	by the end of next month	0.25	0.25	since 2023	0.0	0.0	from August 2023 to October 2023	0.0	0.0
locomo:conv-50:qa62	temporal	How long was the car modification workshop in San Francisco?	two weeks	insufficient information	0.0	0.0	insufficient information	0.0	0.0	the weekend before 8 October 2023	0.0	0.0	September 2023	0.0	0.0
locomo:conv-50:qa63	multi-hop	What style of guitars does Calvin own?	custom-made yellow guitar with an octopus on it, shiny purple guitar	customized with a shiny finish, unique look, and an octopus on it	0.44285714285714284	0.44285714285714284	custom, purple glow, with an octopus, shiny finish	0.4222222222222223	0.4222222222222223	custom,guitar with a purple glow,guitar with an octopus	0.5857142857142857	0.5857142857142857	custom,glowing,octopus	0.125	0.125
locomo:conv-50:qa64	multi-hop	What activities has Dave participated in with his friends?	weekly visits to local parks, countryside roadtrip, celebration of the opening of his car maintenance shop, card-playing nights	card-night, road trip	0.0	0.0	card-night, road trip, walks	0.0	0.0	card-night, road trip, walks	0.0	0.0	card-night, road trip, walks	0.0	0.0
locomo:conv-50:qa65	temporal	When did Dave take a photo of a Boston clock tower?	September 2023	the month before 29 October 2023	0.28571428571428575	0.28571428571428575	the month before 29 October 2023	0.28571428571428575	0.28571428571428575	the month before 29 October 2023	0.28571428571428575	0.28571428571428575	the month before 29 October 2023	0.28571428571428575	0.28571428571428575
locomo:conv-50:qa66	multi-hop	Do all of Dave's car restoration projects go smoothly?	No	insufficient information	0.0	0.0	likely no	0.6666666666666666	0.6666666666666666	likely no	0.6666666666666666	0.6666666666666666	no	1.0	1.0
locomo:conv-50:qa67	temporal	Where was Calvin located in the last week of October 2023?	Tokyo	Boston	0.0	0.0	Boston	0.0	0.0	Boston	0.0	0.0	Boston	0.0	0.0
locomo:conv-50:qa68	temporal	When did Dave find the car he repaired and started sharing in his blog?	last week of October 2023	23 October 2023 - 29 October 2023	0.3636363636363636	0.3636363636363636	23 October 2023 - 29 October 2023	0.3636363636363636	0.3636363636363636	23 October 2023 - 29 October 2023	0.3636363636363636	0.3636363636363636	23 October 2023 - 29 October 2023	0.3636363636363636	0.3636363636363636
locomo:conv-50:qa69	temporal	When did Dave buy a vintage camera?	November 2023	the month of November 2023	0.6666666666666666	0.6666666666666666	the month of 17 November 2023	0.5714285714285715	0.5714285714285715	the month of November 2023	0.6666666666666666	0.6666666666666666	the month of 17 November 2023	0.5714285714285715	0.5714285714285715
locomo:conv-50:qa7	open-domain	Does Dave's shop employ a lot of people?	Yes	insufficient information	0.0	0.0	insufficient information	0.0	0.0	insufficient information	0.0	0.0	insufficient information	0.0	0.0
locomo:conv-50:qa70	temporal	When did Calvin attend a gala in Boston?	November 16, 2023	the day before 17 November 2023; 16 November 2023	0.5454545454545454	0.5454545454545454	16 November 2023	1.0	1.0	the day before 17 November 2023	0.5	0.5	the day before 17 November 2023; 16 November 2023	0.5454545454545454	0.5454545454545454
locomo:conv-50:qa71	single-hop	How long did Calvin plan to stay in Japan?	A few months	a few months	1.0	1.0	a few months	1.0	1.0	a few months	1.0	1.0	a few months	1.0	1.0
locomo:conv-50:qa72	single-hop	Which band was Dave's favorite at the music festival in April 2023?	Aerosmith	Aerosmith	1.0	1.0	Aerosmith	1.0	1.0	insufficient information	0.0	0.0	Aerosmith	1.0	1.0
locomo:conv-50:qa73	single-hop	Where did Calvin attend a music festival in April 2023?	Tokyo	Tokyo	1.0	1.0	Tokyo	1.0	1.0	Tokyo	1.0	1.0	Tokyo	1.0	1.0
locomo:conv-50:qa74	single-hop	What advice did Calvin receive from the producer at the music festival?	to stay true to himself and sound unique	stay true to himself and sound unique	0.923076923076923	0.923076923076923	stay true to himself and sound unique	0.923076923076923	0.923076923076923	stay true to himself and sound unique	0.923076923076923	0.923076923076923	stay true to himself and sound unique	0.923076923076923	0.923076923076923
locomo:conv-50:qa75	single-hop	What is Dave's new business venture as of 1 May, 2023?	Car maintenance shop	car maintenance shop	1.0	1.0	car maintenance shop	1.0	1.0	car maintenance shop	1.0	1.0	car maintenance shop	1.0	1.0
locomo:conv-50:qa76	single-hop	What type of cars does Dave work on at his shop?	all kinds of cars, from regular maintenance to full restorations of classic cars	all kinds of cars, from regular maintenance to full restorations of classic cars	1.0	1.0	all kinds of cars, from regular maintenance to full restorations of classic cars	1.0	1.0	classic cars, regular maintenance	0.47058823529411764	0.47058823529411764	classic cars, regular maintenance	0.47058823529411764	0.47058823529411764
locomo:conv-50:qa77	single-hop	What did Calvin receive as a gift from another artist?	a gold necklace with a diamond pendant	a necklace	0.33333333333333337	0.33333333333333337	a necklace	0.33333333333333337	0.33333333333333337	necklace	0.33333333333333337	0.33333333333333337	necklace	0.33333333333333337	0.33333333333333337
locomo:conv-50:qa78	single-hop	What was the necklace Calvin received meant to remind him of?	why he keeps hustling as a musician	why he keeps hustling as a musician	1.0	1.0	why he keeps hustling as a musician	1.0	1.0	why he keeps hustling as a musician	1.0	1.0	why he keeps hustling as a musician	1.0	1.0
locomo:conv-50:qa79	single-hop	What does Dave do when he feels his creativity is frozen?	immerse himself in something he loves	take a break from music and explore other things	0.0	0.0	immersing himself in something he loves, like concerts or favorite albums	0.7058823529411764	0.7058823529411764	works on cars	0.0	0.0	immersing in something loved, like concerts or favorite albums	0.5333333333333333	0.5333333333333333
locomo:conv-50:qa8	temporal	When did Dave start his car maintenance shop?	May 1, 2023	1 May 2023	1.0	1.0	the week before 16 May 2023	0.5	0.5	1 May 2023	1.0	1.0	the week before 16 May 2023	0.5	0.5
locomo:conv-50:qa80	single-hop	How does Calvin plan to jumpstart his inspiration?	explore other things and have some fun	watching music videos, concerts, and documentaries, relaxing in a room with a TV	0.0	0.0	immersing himself in other activities	0.1818181818181818	0.1818181818181818	watching music videos, concerts, documentaries, relaxing in a room with a TV	0.0	0.0	TV, struggles people go through, Dave's blog and car mods	0.0	0.0
locomo:conv-50:qa81	single-hop	What did Calvin manage to save during the flood incident?	music gear and favorite microphone	favorite microphone,music gear	0.5714285714285715	1.0	favorite microphone, music gear	1.0	1.0	favorite microphone,music gear	0.5714285714285715	1.0	favorite microphone,music gear	0.5714285714285715	1.0
locomo:conv-50:qa82	single-hop	What did Dave open in May 2023?	a car shop	car maintenance shop	0.8	0.8	car maintenance shop	0.8	0.8	car maintenance shop	0.8	0.8	car maintenance shop	0.8	0.8
locomo:conv-50:qa83	single-hop	What gives Dave a sense of achievement and purpose?	Fixing up things	fixing up things, transforming things, fixing cars	0.6	0.6	fixing up things, transforming things	0.7499999999999999	0.7499999999999999	fixing up things, transforming things, fixing cars	0.6	0.6	fixing up things, transforming things, fixing cars, restoring things	0.5	0.5
locomo:conv-50:qa84	single-hop	What fuels Calvin's soul?	Performing live	performing live	1.0	1.0	performing live	1.0	1.0	performing live	1.0	1.0	performing live	1.0	1.0
locomo:conv-50:qa85	single-hop	What is Dave doing to relax on weekends?	exploring parks	taking walks in Boston parks	0.28571428571428575	0.28571428571428575	taking walks in parks	0.3333333333333333	0.3333333333333333	taking walks in parks, working on cars	0.22222222222222224	0.22222222222222224	taking walks in parks, fixing cars	0.25	0.25
locomo:conv-50:qa86	single-hop	What sports activity is Calvin planning to try after the tour with Frank Ocean?	Skiing	skiing	1.0	1.0	skiing	1.0	1.0	skiing	1.0	1.0	skiing	1.0	1.0
locomo:conv-50:qa87	single-hop	What was Calvin excited to do after getting his car fixed on 7 July, 2023?	get back on the road	cruising around in his car	0.0	0.0	cruising around in his car	0.0	0.0	cruising around in his car	0.0	0.0	cruising around in his car	0.0	0.0
locomo:conv-50:qa88	single-hop	What did Calvin and his friends arrange for in the park?	regular walks together	regular walks	0.8	0.8	regular walks	0.8	0.8	regular walks	0.8	0.8	regular walks	0.8	0.8
locomo:conv-50:qa89	single-hop	What kind of music has Calvin been creating lately?	experimenting with different genres	electronic elements, collaborations with Japanese artists, unique perspectives, capturing feelings	0.14285714285714288	0.14285714285714288	electronic elements, different genres, collaborations with Japanese artists	0.5	0.5	electronic elements, collaborations with Japanese artists, unique perspectives, and new sounds	0.14285714285714288	0.14285714285714288	electronic elements, experimenting with different genres, collaborations with Japanese artists	0.5714285714285715	0.5714285714285715
locomo:conv-50:qa9	temporal	When did a mishap occur with Calvin's musical gear and favorite mic?	On a week before 16 May, 2023	the week before 16 May 2023	0.9090909090909091	0.9090909090909091	the week before 16 May 2023	0.9090909090909091	0.9090909090909091	the week before 16 May 2023	0.9090909090909091	0.9090909090909091	the week before 16 May 2023	0.9090909090909091	0.9090909090909091
locomo:conv-50:qa90	single-hop	How does Calvin describe his process of adding electronic elements to his songs?	gives them a fresh vibe	experimenting with different genres	0.0	0.0	experimenting with different genres	0.0	0.0	experimenting with different genres	0.0	0.0	experimenting with different genres	0.0	0.0
locomo:conv-50:qa91	single-hop	What car brand does Calvin own that he is proud of?	Ferrari	Ferrari	1.0	1.0	Ferrari	1.0	1.0	Ferrari	1.0	1.0	Ferrari	1.0	1.0
locomo:conv-50:qa92	single-hop	What is Calvin's biggest current goal?	expand his brand worldwide and grow his fanbase	to expand his brand worldwide	0.6666666666666666	0.6666666666666666	to expand his brand worldwide	0.6666666666666666	0.6666666666666666	expanding his brand worldwide	0.7272727272727273	0.7272727272727273	expanding his brand worldwide	0.7272727272727273	0.7272727272727273
locomo:conv-50:qa93	single-hop	What is Dave's advice to Calvin regarding his dreams?	to never forget his dreams	to keep pursuing his passions	0.4000000000000001	0.4000000000000001	to pursue his passions, stay focused, and not give up	0.2857142857142857	0.2857142857142857	pursue his dreams	0.5	0.5	pursue his dreams	0.5	0.5
locomo:conv-50:qa94	single-hop	What workshop did Dave get picked for on 11 August, 2023?	Car mod workshop	car mod workshop	1.0	1.0	car mod workshop	1.0	1.0	car mod workshop	1.0	1.0	car mod workshop	1.0	1.0
locomo:conv-50:qa95	single-hop	What kind of modifications has Dave been working on in the car mod workshop?	engine swaps, suspension modifications, and body modifications	engine swaps, suspension modifications, body modifications, custom exhaust, performance upgrades	0.7499999999999999	0.7499999999999999	engine swaps, suspension modifications, body modifications	1.0	1.0	engine swaps,suspension modifications,body modifications,custom exhaust,performance upgrades	0.16666666666666666	0.7499999999999999	engine swaps, suspension modifications, body modifications, custom exhaust, performance upgrades	0.7499999999999999	0.7499999999999999
locomo:conv-50:qa96	single-hop	What type of car did Dave work on during the workshop?	classic muscle car	Ford Mustang	0.0	0.0	Ford Mustang	0.0	0.0	Ford Mustang	0.0	0.0	insufficient information	0.0	0.0
locomo:conv-50:qa97	single-hop	What does Dave say is important for making his custom cars unique?	attention to small details	small details	0.6666666666666666	0.6666666666666666	small details	0.6666666666666666	0.6666666666666666	small details	0.6666666666666666	0.6666666666666666	small details	0.6666666666666666	0.6666666666666666
locomo:conv-50:qa98	single-hop	How did the audience in Tokyo react when Calvin sang one of his songs?	Everyone was so into it and sang along	sang along	0.4444444444444445	0.4444444444444445	sang along	0.4444444444444445	0.4444444444444445	sang along	0.4444444444444445	0.4444444444444445	sang along	0.4444444444444445	0.4444444444444445
locomo:conv-50:qa99	single-hop	How did Calvin meet Frank Ocean?	At a music festival in Tokyo	at a music festival in Tokyo	1.0	1.0	at a music festival in Tokyo	1.0	1.0	at a music festival in Tokyo	1.0	1.0	at a music festival in Tokyo	1.0	1.0
